2026-08-09T16:03:52.590+05:30  INFO 21788 --- [finapp-backend] [main] com.finapp.FinappApplication             : Starting FinappApplication using Java 21.0.6 with PID 21788 (E:\Finapp\backend\target\classes started by prash in E:\Finapp\backend)
2026-08-09T16:03:52.601+05:30  INFO 21788 --- [finapp-backend] [main] com.finapp.FinappApplication             : The following 1 profile is active: "dev"
2026-08-09T16:03:53.814+05:30  INFO 21788 --- [finapp-backend] [main] .s.d.r.c.RepositoryConfigurationDelegate : Bootstrapping Spring Data JPA repositories in DEFAULT mode.
2026-08-09T16:03:53.965+05:30  INFO 21788 --- [finapp-backend] [main] .s.d.r.c.RepositoryConfigurationDelegate : Finished Spring Data repository scanning in 139 ms. Found 15 JPA repository interfaces.
2026-08-09T16:03:54.762+05:30  INFO 21788 --- [finapp-backend] [main] o.s.b.w.embedded.tomcat.TomcatWebServer  : Tomcat initialized with port 2002 (http)
2026-08-09T16:03:54.781+05:30  INFO 21788 --- [finapp-backend] [main] o.apache.catalina.core.StandardService   : Starting service [Tomcat]
2026-08-09T16:03:54.781+05:30  INFO 21788 --- [finapp-backend] [main] o.apache.catalina.core.StandardEngine    : Starting Servlet engine: [Apache Tomcat/10.1.40]
2026-08-09T16:03:54.864+05:30  INFO 21788 --- [finapp-backend] [main] o.a.c.c.C.[Tomcat].[localhost].[/]       : Initializing Spring embedded WebApplicationContext
2026-08-09T16:03:54.865+05:30  INFO 21788 --- [finapp-backend] [main] w.s.c.ServletWebServerApplicationContext : Root WebApplicationContext: initialization completed in 2164 ms
2026-08-09T16:03:55.051+05:30  INFO 21788 --- [finapp-backend] [main] o.hibernate.jpa.internal.util.LogHelper  : HHH000204: Processing PersistenceUnitInfo [name: default]
2026-08-09T16:03:55.141+05:30  INFO 21788 --- [finapp-backend] [main] org.hibernate.Version                    : HHH000412: Hibernate ORM core version 6.6.13.Final
2026-08-09T16:03:55.188+05:30  INFO 21788 --- [finapp-backend] [main] o.h.c.internal.RegionFactoryInitiator    : HHH000026: Second-level cache disabled
2026-08-09T16:03:55.665+05:30  INFO 21788 --- [finapp-backend] [main] o.s.o.j.p.SpringPersistenceUnitInfo      : No LoadTimeWeaver setup: ignoring JPA class transformer
2026-08-09T16:03:55.711+05:30  INFO 21788 --- [finapp-backend] [main] com.zaxxer.hikari.HikariDataSource       : HikariPool-1 - Starting...
2026-08-09T16:03:55.944+05:30  INFO 21788 --- [finapp-backend] [main] com.zaxxer.hikari.pool.HikariPool        : HikariPool-1 - Added connection com.mysql.cj.jdbc.ConnectionImpl@338d47b
2026-08-09T16:03:55.947+05:30  INFO 21788 --- [finapp-backend] [main] com.zaxxer.hikari.HikariDataSource       : HikariPool-1 - Start completed.
2026-08-09T16:03:56.020+05:30  WARN 21788 --- [finapp-backend] [main] org.hibernate.orm.deprecation            : HHH90000025: MySQLDialect does not need to be specified explicitly using 'hibernate.dialect' (remove the property setting and it will be selected by default)
2026-08-09T16:03:56.043+05:30  INFO 21788 --- [finapp-backend] [main] org.hibernate.orm.connections.pooling    : HHH10001005: Database info:
	Database JDBC URL [Connecting through datasource 'HikariDataSource (HikariPool-1)']
	Database driver: undefined/unknown
	Database version: 8.0.35
	Autocommit mode: undefined/unknown
	Isolation level: undefined/unknown
	Minimum pool size: undefined/unknown
	Maximum pool size: undefined/unknown
2026-08-09T16:03:58.161+05:30  INFO 21788 --- [finapp-backend] [main] o.h.e.t.j.p.i.JtaPlatformInitiator       : HHH000489: No JTA platform available (set 'hibernate.transaction.jta.platform' to enable JTA platform integration)
2026-08-09T16:03:59.251+05:30  INFO 21788 --- [finapp-backend] [main] j.LocalContainerEntityManagerFactoryBean : Initialized JPA EntityManagerFactory for persistence unit 'default'
2026-08-09T16:04:02.756+05:30  INFO 21788 --- [finapp-backend] [main] o.s.d.j.r.query.QueryEnhancerFactory     : Hibernate is in classpath; If applicable, HQL parser will be used.
2026-08-09T16:04:07.831+05:30  INFO 21788 --- [finapp-backend] [main] eAuthenticationProviderManagerConfigurer : Global AuthenticationManager configured with AuthenticationProvider bean with name authenticationProvider
2026-08-09T16:04:07.833+05:30  WARN 21788 --- [finapp-backend] [main] r$InitializeUserDetailsManagerConfigurer : Global AuthenticationManager configured with an AuthenticationProvider bean. UserDetailsService beans will not be used by Spring Security for automatically configuring username/password login. Consider removing the AuthenticationProvider bean. Alternatively, consider using the UserDetailsService in a manually instantiated DaoAuthenticationProvider. If the current configuration is intentional, to turn off this warning, increase the logging level of 'org.springframework.security.config.annotation.authentication.configuration.InitializeUserDetailsBeanManagerConfigurer' to ERROR
2026-08-09T16:04:08.181+05:30  WARN 21788 --- [finapp-backend] [main] JpaBaseConfiguration$JpaWebConfiguration : spring.jpa.open-in-view is enabled by default. Therefore, database queries may be performed during view rendering. Explicitly configure spring.jpa.open-in-view to disable this warning
2026-08-09T16:04:08.598+05:30 DEBUG 21788 --- [finapp-backend] [main] o.s.s.web.DefaultSecurityFilterChain     : Will secure any request with filters: DisableEncodeUrlFilter, WebAsyncManagerIntegrationFilter, SecurityContextHolderFilter, HeaderWriterFilter, CorsFilter, LogoutFilter, JwtAuthenticationFilter, RequestCacheAwareFilter, SecurityContextHolderAwareRequestFilter, AnonymousAuthenticationFilter, SessionManagementFilter, ExceptionTranslationFilter, AuthorizationFilter
2026-08-09T16:04:08.838+05:30  WARN 21788 --- [finapp-backend] [main] ConfigServletWebServerApplicationContext : Exception encountered during context initialization - cancelling refresh attempt: org.springframework.context.ApplicationContextException: Failed to start bean 'webServerStartStop'
2026-08-09T16:04:08.842+05:30  INFO 21788 --- [finapp-backend] [main] j.LocalContainerEntityManagerFactoryBean : Closing JPA EntityManagerFactory for persistence unit 'default'
2026-08-09T16:04:08.843+05:30  INFO 21788 --- [finapp-backend] [main] com.zaxxer.hikari.HikariDataSource       : HikariPool-1 - Shutdown initiated...
2026-08-09T16:04:08.854+05:30  INFO 21788 --- [finapp-backend] [main] com.zaxxer.hikari.HikariDataSource       : HikariPool-1 - Shutdown completed.
2026-08-09T16:04:08.870+05:30  INFO 21788 --- [finapp-backend] [main] .s.b.a.l.ConditionEvaluationReportLogger : 

Error starting ApplicationContext. To display the condition evaluation report re-run your application with 'debug' enabled.
2026-08-09T16:04:08.890+05:30 ERROR 21788 --- [finapp-backend] [main] o.s.b.d.LoggingFailureAnalysisReporter   : 

***************************
APPLICATION FAILED TO START
***************************

Description:

Web server failed to start. Port 2002 was already in use.

Action:

Identify and stop the process that's listening on port 2002 or configure this application to listen on another port.

2026-08-09T16:08:21.525+05:30  INFO 27148 --- [finapp-backend] [main] com.finapp.FinappApplication             : Starting FinappApplication using Java 21.0.6 with PID 27148 (E:\Finapp\backend\target\classes started by prash in E:\Finapp\backend)
2026-08-09T16:08:21.526+05:30  INFO 27148 --- [finapp-backend] [main] com.finapp.FinappApplication             : The following 1 profile is active: "dev"
2026-08-09T16:08:22.491+05:30  INFO 27148 --- [finapp-backend] [main] .s.d.r.c.RepositoryConfigurationDelegate : Bootstrapping Spring Data JPA repositories in DEFAULT mode.
2026-08-09T16:08:22.621+05:30  INFO 27148 --- [finapp-backend] [main] .s.d.r.c.RepositoryConfigurationDelegate : Finished Spring Data repository scanning in 120 ms. Found 15 JPA repository interfaces.
2026-08-09T16:08:23.346+05:30  INFO 27148 --- [finapp-backend] [main] o.s.b.w.embedded.tomcat.TomcatWebServer  : Tomcat initialized with port 2002 (http)
2026-08-09T16:08:23.363+05:30  INFO 27148 --- [finapp-backend] [main] o.apache.catalina.core.StandardService   : Starting service [Tomcat]
2026-08-09T16:08:23.363+05:30  INFO 27148 --- [finapp-backend] [main] o.apache.catalina.core.StandardEngine    : Starting Servlet engine: [Apache Tomcat/10.1.40]
2026-08-09T16:08:23.466+05:30  INFO 27148 --- [finapp-backend] [main] o.a.c.c.C.[Tomcat].[localhost].[/]       : Initializing Spring embedded WebApplicationContext
2026-08-09T16:08:23.466+05:30  INFO 27148 --- [finapp-backend] [main] w.s.c.ServletWebServerApplicationContext : Root WebApplicationContext: initialization completed in 1889 ms
2026-08-09T16:08:23.623+05:30  INFO 27148 --- [finapp-backend] [main] o.hibernate.jpa.internal.util.LogHelper  : HHH000204: Processing PersistenceUnitInfo [name: default]
2026-08-09T16:08:23.678+05:30  INFO 27148 --- [finapp-backend] [main] org.hibernate.Version                    : HHH000412: Hibernate ORM core version 6.6.13.Final
2026-08-09T16:08:23.716+05:30  INFO 27148 --- [finapp-backend] [main] o.h.c.internal.RegionFactoryInitiator    : HHH000026: Second-level cache disabled
2026-08-09T16:08:24.022+05:30  INFO 27148 --- [finapp-backend] [main] o.s.o.j.p.SpringPersistenceUnitInfo      : No LoadTimeWeaver setup: ignoring JPA class transformer
2026-08-09T16:08:24.054+05:30  INFO 27148 --- [finapp-backend] [main] com.zaxxer.hikari.HikariDataSource       : HikariPool-1 - Starting...
2026-08-09T16:08:24.233+05:30  INFO 27148 --- [finapp-backend] [main] com.zaxxer.hikari.pool.HikariPool        : HikariPool-1 - Added connection com.mysql.cj.jdbc.ConnectionImpl@618f627b
2026-08-09T16:08:24.235+05:30  INFO 27148 --- [finapp-backend] [main] com.zaxxer.hikari.HikariDataSource       : HikariPool-1 - Start completed.
2026-08-09T16:08:24.288+05:30  WARN 27148 --- [finapp-backend] [main] org.hibernate.orm.deprecation            : HHH90000025: MySQLDialect does not need to be specified explicitly using 'hibernate.dialect' (remove the property setting and it will be selected by default)
2026-08-09T16:08:24.305+05:30  INFO 27148 --- [finapp-backend] [main] org.hibernate.orm.connections.pooling    : HHH10001005: Database info:
	Database JDBC URL [Connecting through datasource 'HikariDataSource (HikariPool-1)']
	Database driver: undefined/unknown
	Database version: 8.0.35
	Autocommit mode: undefined/unknown
	Isolation level: undefined/unknown
	Minimum pool size: undefined/unknown
	Maximum pool size: undefined/unknown
2026-08-09T16:08:25.864+05:30  INFO 27148 --- [finapp-backend] [main] o.h.e.t.j.p.i.JtaPlatformInitiator       : HHH000489: No JTA platform available (set 'hibernate.transaction.jta.platform' to enable JTA platform integration)
2026-08-09T16:08:26.108+05:30  INFO 27148 --- [finapp-backend] [main] j.LocalContainerEntityManagerFactoryBean : Initialized JPA EntityManagerFactory for persistence unit 'default'
2026-08-09T16:08:26.492+05:30  INFO 27148 --- [finapp-backend] [main] o.s.d.j.r.query.QueryEnhancerFactory     : Hibernate is in classpath; If applicable, HQL parser will be used.
2026-08-09T16:08:31.644+05:30  INFO 27148 --- [finapp-backend] [main] eAuthenticationProviderManagerConfigurer : Global AuthenticationManager configured with AuthenticationProvider bean with name authenticationProvider
2026-08-09T16:08:31.645+05:30  WARN 27148 --- [finapp-backend] [main] r$InitializeUserDetailsManagerConfigurer : Global AuthenticationManager configured with an AuthenticationProvider bean. UserDetailsService beans will not be used by Spring Security for automatically configuring username/password login. Consider removing the AuthenticationProvider bean. Alternatively, consider using the UserDetailsService in a manually instantiated DaoAuthenticationProvider. If the current configuration is intentional, to turn off this warning, increase the logging level of 'org.springframework.security.config.annotation.authentication.configuration.InitializeUserDetailsBeanManagerConfigurer' to ERROR
2026-08-09T16:08:31.898+05:30  WARN 27148 --- [finapp-backend] [main] JpaBaseConfiguration$JpaWebConfiguration : spring.jpa.open-in-view is enabled by default. Therefore, database queries may be performed during view rendering. Explicitly configure spring.jpa.open-in-view to disable this warning
2026-08-09T16:08:32.264+05:30 DEBUG 27148 --- [finapp-backend] [main] o.s.s.web.DefaultSecurityFilterChain     : Will secure any request with filters: DisableEncodeUrlFilter, WebAsyncManagerIntegrationFilter, SecurityContextHolderFilter, HeaderWriterFilter, CorsFilter, LogoutFilter, JwtAuthenticationFilter, RequestCacheAwareFilter, SecurityContextHolderAwareRequestFilter, AnonymousAuthenticationFilter, SessionManagementFilter, ExceptionTranslationFilter, AuthorizationFilter
2026-08-09T16:08:32.552+05:30  INFO 27148 --- [finapp-backend] [main] o.s.b.w.embedded.tomcat.TomcatWebServer  : Tomcat started on port 2002 (http) with context path '/'
2026-08-09T16:08:32.566+05:30  INFO 27148 --- [finapp-backend] [main] com.finapp.FinappApplication             : Started FinappApplication in 11.633 seconds (process running for 12.116)
2026-08-09T16:08:32.662+05:30  INFO 27148 --- [finapp-backend] [main] com.finapp.config.DummyDataSeeder        : Seeding dummy data for user: testaccount@test.com
2026-08-09T16:08:32.708+05:30  INFO 27148 --- [finapp-backend] [main] com.finapp.config.DummyDataSeeder        : Cashback data already exists, skipping...
2026-08-09T16:08:32.714+05:30  INFO 27148 --- [finapp-backend] [main] com.finapp.config.DummyDataSeeder        : Compounding data already exists, skipping...
2026-08-09T16:08:32.720+05:30  INFO 27148 --- [finapp-backend] [main] com.finapp.config.DummyDataSeeder        : Udhar data already exists, skipping...
2026-08-09T16:08:32.720+05:30  INFO 27148 --- [finapp-backend] [main] com.finapp.config.DummyDataSeeder        : Dummy data seeding completed!
2026-08-09T16:11:03.165+05:30  INFO 27148 --- [finapp-backend] [http-nio-2002-exec-1] o.a.c.c.C.[Tomcat].[localhost].[/]       : Initializing Spring DispatcherServlet 'dispatcherServlet'
2026-08-09T16:11:03.165+05:30  INFO 27148 --- [finapp-backend] [http-nio-2002-exec-1] o.s.web.servlet.DispatcherServlet        : Initializing Servlet 'dispatcherServlet'
2026-08-09T16:11:03.166+05:30  INFO 27148 --- [finapp-backend] [http-nio-2002-exec-1] o.s.web.servlet.DispatcherServlet        : Completed initialization in 1 ms
2026-08-09T16:11:03.189+05:30 DEBUG 27148 --- [finapp-backend] [http-nio-2002-exec-1] o.s.security.web.FilterChainProxy        : Securing OPTIONS /api/import/preview/bank-statement
2026-08-09T16:11:03.222+05:30 DEBUG 27148 --- [finapp-backend] [http-nio-2002-exec-2] o.s.security.web.FilterChainProxy        : Securing POST /api/import/preview/bank-statement
2026-08-09T16:11:03.447+05:30 DEBUG 27148 --- [finapp-backend] [http-nio-2002-exec-2] o.s.security.web.FilterChainProxy        : Secured POST /api/import/preview/bank-statement
2026-08-09T16:11:03.611+05:30  WARN 27148 --- [finapp-backend] [http-nio-2002-exec-2] o.a.p.p.e.StandardSecurityHandler        : Verification of permissions failed (EncryptMetadata)
2026-08-09T16:11:03.921+05:30  WARN 27148 --- [finapp-backend] [http-nio-2002-exec-2] o.a.pdfbox.pdmodel.font.PDType0Font      : No Unicode mapping for CID+106 (106) in font AllAndNone
2026-08-09T16:11:03.921+05:30  WARN 27148 --- [finapp-backend] [http-nio-2002-exec-2] o.a.pdfbox.pdmodel.font.PDType0Font      : No Unicode mapping for CID+13 (13) in font AllAndNone
2026-08-09T16:11:03.921+05:30  WARN 27148 --- [finapp-backend] [http-nio-2002-exec-2] o.a.pdfbox.pdmodel.font.PDType0Font      : No Unicode mapping for CID+8 (8) in font AllAndNone
2026-08-09T16:11:03.921+05:30  WARN 27148 --- [finapp-backend] [http-nio-2002-exec-2] o.a.pdfbox.pdmodel.font.PDType0Font      : No Unicode mapping for CID+21 (21) in font AllAndNone
2026-08-09T16:11:03.922+05:30  WARN 27148 --- [finapp-backend] [http-nio-2002-exec-2] o.a.pdfbox.pdmodel.font.PDType0Font      : No Unicode mapping for CID+27 (27) in font AllAndNone
2026-08-09T16:11:03.922+05:30  WARN 27148 --- [finapp-backend] [http-nio-2002-exec-2] o.a.pdfbox.pdmodel.font.PDType0Font      : No Unicode mapping for CID+101 (101) in font AllAndNone
2026-08-09T16:11:03.922+05:30  WARN 27148 --- [finapp-backend] [http-nio-2002-exec-2] o.a.pdfbox.pdmodel.font.PDType0Font      : No Unicode mapping for CID+64 (64) in font AllAndNone
2026-08-09T16:11:03.922+05:30  WARN 27148 --- [finapp-backend] [http-nio-2002-exec-2] o.a.pdfbox.pdmodel.font.PDType0Font      : No Unicode mapping for CID+18 (18) in font AllAndNone
2026-08-09T16:11:03.922+05:30  WARN 27148 --- [finapp-backend] [http-nio-2002-exec-2] o.a.pdfbox.pdmodel.font.PDType0Font      : No Unicode mapping for CID+100 (100) in font AllAndNone
2026-08-09T16:11:03.922+05:30  WARN 27148 --- [finapp-backend] [http-nio-2002-exec-2] o.a.pdfbox.pdmodel.font.PDType0Font      : No Unicode mapping for CID+42 (42) in font AllAndNone
2026-08-09T16:11:03.922+05:30  WARN 27148 --- [finapp-backend] [http-nio-2002-exec-2] o.a.pdfbox.pdmodel.font.PDType0Font      : No Unicode mapping for CID+6 (6) in font AllAndNone
2026-08-09T16:11:03.923+05:30  WARN 27148 --- [finapp-backend] [http-nio-2002-exec-2] o.a.pdfbox.pdmodel.font.PDType0Font      : No Unicode mapping for CID+32 (32) in font AllAndNone
2026-08-09T16:11:03.923+05:30  WARN 27148 --- [finapp-backend] [http-nio-2002-exec-2] o.a.pdfbox.pdmodel.font.PDType0Font      : No Unicode mapping for CID+107 (107) in font AllAndNone
2026-08-09T16:11:03.967+05:30  WARN 27148 --- [finapp-backend] [http-nio-2002-exec-2] o.a.pdfbox.pdmodel.font.PDType0Font      : No Unicode mapping for CID+235 (235) in font AllAndNone
2026-08-09T16:11:03.967+05:30  WARN 27148 --- [finapp-backend] [http-nio-2002-exec-2] o.a.pdfbox.pdmodel.font.PDType0Font      : No Unicode mapping for CID+173 (173) in font AllAndNone
2026-08-09T16:11:03.967+05:30  WARN 27148 --- [finapp-backend] [http-nio-2002-exec-2] o.a.pdfbox.pdmodel.font.PDType0Font      : No Unicode mapping for CID+201 (201) in font AllAndNone
2026-08-09T16:11:03.967+05:30  WARN 27148 --- [finapp-backend] [http-nio-2002-exec-2] o.a.pdfbox.pdmodel.font.PDType0Font      : No Unicode mapping for CID+108 (108) in font AllAndNone
2026-08-09T16:11:03.967+05:30  WARN 27148 --- [finapp-backend] [http-nio-2002-exec-2] o.a.pdfbox.pdmodel.font.PDType0Font      : No Unicode mapping for CID+187 (187) in font AllAndNone
2026-08-09T16:11:03.967+05:30  WARN 27148 --- [finapp-backend] [http-nio-2002-exec-2] o.a.pdfbox.pdmodel.font.PDType0Font      : No Unicode mapping for CID+176 (176) in font AllAndNone
2026-08-09T16:11:03.967+05:30  WARN 27148 --- [finapp-backend] [http-nio-2002-exec-2] o.a.pdfbox.pdmodel.font.PDType0Font      : No Unicode mapping for CID+193 (193) in font AllAndNone
2026-08-09T16:11:03.968+05:30  WARN 27148 --- [finapp-backend] [http-nio-2002-exec-2] o.a.pdfbox.pdmodel.font.PDType0Font      : No Unicode mapping for CID+154 (154) in font AllAndNone
2026-08-09T16:11:03.968+05:30  WARN 27148 --- [finapp-backend] [http-nio-2002-exec-2] o.a.pdfbox.pdmodel.font.PDType0Font      : No Unicode mapping for CID+179 (179) in font AllAndNone
2026-08-09T16:11:03.968+05:30  WARN 27148 --- [finapp-backend] [http-nio-2002-exec-2] o.a.pdfbox.pdmodel.font.PDType0Font      : No Unicode mapping for CID+198 (198) in font AllAndNone
2026-08-09T16:11:03.968+05:30  WARN 27148 --- [finapp-backend] [http-nio-2002-exec-2] o.a.pdfbox.pdmodel.font.PDType0Font      : No Unicode mapping for CID+155 (155) in font AllAndNone
2026-08-09T16:11:03.968+05:30  WARN 27148 --- [finapp-backend] [http-nio-2002-exec-2] o.a.pdfbox.pdmodel.font.PDType0Font      : No Unicode mapping for CID+114 (114) in font AllAndNone
2026-08-09T16:11:03.968+05:30  WARN 27148 --- [finapp-backend] [http-nio-2002-exec-2] o.a.pdfbox.pdmodel.font.PDType0Font      : No Unicode mapping for CID+227 (227) in font AllAndNone
2026-08-09T16:11:03.968+05:30  WARN 27148 --- [finapp-backend] [http-nio-2002-exec-2] o.a.pdfbox.pdmodel.font.PDType0Font      : No Unicode mapping for CID+132 (132) in font AllAndNone
2026-08-09T16:11:03.969+05:30  WARN 27148 --- [finapp-backend] [http-nio-2002-exec-2] o.a.pdfbox.pdmodel.font.PDType0Font      : No Unicode mapping for CID+223 (223) in font AllAndNone
2026-08-09T16:11:03.969+05:30  WARN 27148 --- [finapp-backend] [http-nio-2002-exec-2] o.a.pdfbox.pdmodel.font.PDType0Font      : No Unicode mapping for CID+214 (214) in font AllAndNone
2026-08-09T16:11:03.969+05:30  WARN 27148 --- [finapp-backend] [http-nio-2002-exec-2] o.a.pdfbox.pdmodel.font.PDType0Font      : No Unicode mapping for CID+219 (219) in font AllAndNone
2026-08-09T16:11:03.969+05:30  WARN 27148 --- [finapp-backend] [http-nio-2002-exec-2] o.a.pdfbox.pdmodel.font.PDType0Font      : No Unicode mapping for CID+218 (218) in font AllAndNone
2026-08-09T16:11:03.969+05:30  WARN 27148 --- [finapp-backend] [http-nio-2002-exec-2] o.a.pdfbox.pdmodel.font.PDType0Font      : No Unicode mapping for CID+159 (159) in font AllAndNone
2026-08-09T16:11:03.969+05:30  WARN 27148 --- [finapp-backend] [http-nio-2002-exec-2] o.a.pdfbox.pdmodel.font.PDType0Font      : No Unicode mapping for CID+228 (228) in font AllAndNone
2026-08-09T16:11:03.970+05:30  WARN 27148 --- [finapp-backend] [http-nio-2002-exec-2] o.a.pdfbox.pdmodel.font.PDType0Font      : No Unicode mapping for CID+185 (185) in font AllAndNone
2026-08-09T16:11:03.970+05:30  WARN 27148 --- [finapp-backend] [http-nio-2002-exec-2] o.a.pdfbox.pdmodel.font.PDType0Font      : No Unicode mapping for CID+208 (208) in font AllAndNone
2026-08-09T16:11:03.970+05:30  WARN 27148 --- [finapp-backend] [http-nio-2002-exec-2] o.a.pdfbox.pdmodel.font.PDType0Font      : No Unicode mapping for CID+130 (130) in font AllAndNone
2026-08-09T16:11:03.970+05:30  WARN 27148 --- [finapp-backend] [http-nio-2002-exec-2] o.a.pdfbox.pdmodel.font.PDType0Font      : No Unicode mapping for CID+167 (167) in font AllAndNone
2026-08-09T16:11:03.970+05:30  WARN 27148 --- [finapp-backend] [http-nio-2002-exec-2] o.a.pdfbox.pdmodel.font.PDType0Font      : No Unicode mapping for CID+184 (184) in font AllAndNone
2026-08-09T16:11:03.970+05:30  WARN 27148 --- [finapp-backend] [http-nio-2002-exec-2] o.a.pdfbox.pdmodel.font.PDType0Font      : No Unicode mapping for CID+123 (123) in font AllAndNone
2026-08-09T16:11:03.970+05:30  WARN 27148 --- [finapp-backend] [http-nio-2002-exec-2] o.a.pdfbox.pdmodel.font.PDType0Font      : No Unicode mapping for CID+110 (110) in font AllAndNone
2026-08-09T16:11:03.971+05:30  WARN 27148 --- [finapp-backend] [http-nio-2002-exec-2] o.a.pdfbox.pdmodel.font.PDType0Font      : No Unicode mapping for CID+168 (168) in font AllAndNone
2026-08-09T16:11:03.971+05:30  WARN 27148 --- [finapp-backend] [http-nio-2002-exec-2] o.a.pdfbox.pdmodel.font.PDType0Font      : No Unicode mapping for CID+121 (121) in font AllAndNone
2026-08-09T16:11:03.972+05:30  WARN 27148 --- [finapp-backend] [http-nio-2002-exec-2] o.a.pdfbox.pdmodel.font.PDType0Font      : No Unicode mapping for CID+127 (127) in font AllAndNone
2026-08-09T16:11:03.972+05:30  WARN 27148 --- [finapp-backend] [http-nio-2002-exec-2] o.a.pdfbox.pdmodel.font.PDType0Font      : No Unicode mapping for CID+150 (150) in font AllAndNone
2026-08-09T16:11:03.973+05:30  WARN 27148 --- [finapp-backend] [http-nio-2002-exec-2] o.a.pdfbox.pdmodel.font.PDType0Font      : No Unicode mapping for CID+137 (137) in font AllAndNone
2026-08-09T16:11:03.973+05:30  WARN 27148 --- [finapp-backend] [http-nio-2002-exec-2] o.a.pdfbox.pdmodel.font.PDType0Font      : No Unicode mapping for CID+162 (162) in font AllAndNone
2026-08-09T16:11:03.973+05:30  WARN 27148 --- [finapp-backend] [http-nio-2002-exec-2] o.a.pdfbox.pdmodel.font.PDType0Font      : No Unicode mapping for CID+204 (204) in font AllAndNone
2026-08-09T16:11:03.973+05:30  WARN 27148 --- [finapp-backend] [http-nio-2002-exec-2] o.a.pdfbox.pdmodel.font.PDType0Font      : No Unicode mapping for CID+147 (147) in font AllAndNone
2026-08-09T16:11:03.973+05:30  WARN 27148 --- [finapp-backend] [http-nio-2002-exec-2] o.a.pdfbox.pdmodel.font.PDType0Font      : No Unicode mapping for CID+152 (152) in font AllAndNone
2026-08-09T16:11:03.974+05:30  WARN 27148 --- [finapp-backend] [http-nio-2002-exec-2] o.a.pdfbox.pdmodel.font.PDType0Font      : No Unicode mapping for CID+161 (161) in font AllAndNone
2026-08-09T16:11:03.974+05:30  WARN 27148 --- [finapp-backend] [http-nio-2002-exec-2] o.a.pdfbox.pdmodel.font.PDType0Font      : No Unicode mapping for CID+196 (196) in font AllAndNone
2026-08-09T16:11:03.974+05:30  WARN 27148 --- [finapp-backend] [http-nio-2002-exec-2] o.a.pdfbox.pdmodel.font.PDType0Font      : No Unicode mapping for CID+215 (215) in font AllAndNone
2026-08-09T16:11:03.974+05:30  WARN 27148 --- [finapp-backend] [http-nio-2002-exec-2] o.a.pdfbox.pdmodel.font.PDType0Font      : No Unicode mapping for CID+202 (202) in font AllAndNone
2026-08-09T16:11:03.974+05:30  WARN 27148 --- [finapp-backend] [http-nio-2002-exec-2] o.a.pdfbox.pdmodel.font.PDType0Font      : No Unicode mapping for CID+200 (200) in font AllAndNone
2026-08-09T16:11:03.974+05:30  WARN 27148 --- [finapp-backend] [http-nio-2002-exec-2] o.a.pdfbox.pdmodel.font.PDType0Font      : No Unicode mapping for CID+234 (234) in font AllAndNone
2026-08-09T16:11:03.974+05:30  WARN 27148 --- [finapp-backend] [http-nio-2002-exec-2] o.a.pdfbox.pdmodel.font.PDType0Font      : No Unicode mapping for CID+165 (165) in font AllAndNone
2026-08-09T16:11:03.974+05:30  WARN 27148 --- [finapp-backend] [http-nio-2002-exec-2] o.a.pdfbox.pdmodel.font.PDType0Font      : No Unicode mapping for CID+129 (129) in font AllAndNone
2026-08-09T16:11:03.974+05:30  WARN 27148 --- [finapp-backend] [http-nio-2002-exec-2] o.a.pdfbox.pdmodel.font.PDType0Font      : No Unicode mapping for CID+199 (199) in font AllAndNone
2026-08-09T16:11:03.974+05:30  WARN 27148 --- [finapp-backend] [http-nio-2002-exec-2] o.a.pdfbox.pdmodel.font.PDType0Font      : No Unicode mapping for CID+189 (189) in font AllAndNone
2026-08-09T16:11:03.975+05:30  WARN 27148 --- [finapp-backend] [http-nio-2002-exec-2] o.a.pdfbox.pdmodel.font.PDType0Font      : No Unicode mapping for CID+206 (206) in font AllAndNone
2026-08-09T16:11:03.975+05:30  WARN 27148 --- [finapp-backend] [http-nio-2002-exec-2] o.a.pdfbox.pdmodel.font.PDType0Font      : No Unicode mapping for CID+207 (207) in font AllAndNone
2026-08-09T16:11:03.975+05:30  WARN 27148 --- [finapp-backend] [http-nio-2002-exec-2] o.a.pdfbox.pdmodel.font.PDType0Font      : No Unicode mapping for CID+118 (118) in font AllAndNone
2026-08-09T16:11:03.975+05:30  WARN 27148 --- [finapp-backend] [http-nio-2002-exec-2] o.a.pdfbox.pdmodel.font.PDType0Font      : No Unicode mapping for CID+156 (156) in font AllAndNone
2026-08-09T16:11:03.976+05:30  WARN 27148 --- [finapp-backend] [http-nio-2002-exec-2] o.a.pdfbox.pdmodel.font.PDType0Font      : No Unicode mapping for CID+144 (144) in font AllAndNone
2026-08-09T16:11:03.976+05:30  WARN 27148 --- [finapp-backend] [http-nio-2002-exec-2] o.a.pdfbox.pdmodel.font.PDType0Font      : No Unicode mapping for CID+160 (160) in font AllAndNone
2026-08-09T16:11:03.976+05:30  WARN 27148 --- [finapp-backend] [http-nio-2002-exec-2] o.a.pdfbox.pdmodel.font.PDType0Font      : No Unicode mapping for CID+125 (125) in font AllAndNone
2026-08-09T16:11:03.977+05:30  WARN 27148 --- [finapp-backend] [http-nio-2002-exec-2] o.a.pdfbox.pdmodel.font.PDType0Font      : No Unicode mapping for CID+149 (149) in font AllAndNone
2026-08-09T16:11:03.978+05:30  WARN 27148 --- [finapp-backend] [http-nio-2002-exec-2] o.a.pdfbox.pdmodel.font.PDType0Font      : No Unicode mapping for CID+126 (126) in font AllAndNone
2026-08-09T16:11:03.978+05:30  WARN 27148 --- [finapp-backend] [http-nio-2002-exec-2] o.a.pdfbox.pdmodel.font.PDType0Font      : No Unicode mapping for CID+188 (188) in font AllAndNone
2026-08-09T16:11:03.978+05:30  WARN 27148 --- [finapp-backend] [http-nio-2002-exec-2] o.a.pdfbox.pdmodel.font.PDType0Font      : No Unicode mapping for CID+142 (142) in font AllAndNone
2026-08-09T16:11:03.978+05:30  WARN 27148 --- [finapp-backend] [http-nio-2002-exec-2] o.a.pdfbox.pdmodel.font.PDType0Font      : No Unicode mapping for CID+186 (186) in font AllAndNone
2026-08-09T16:11:03.978+05:30  WARN 27148 --- [finapp-backend] [http-nio-2002-exec-2] o.a.pdfbox.pdmodel.font.PDType0Font      : No Unicode mapping for CID+116 (116) in font AllAndNone
2026-08-09T16:11:03.978+05:30  WARN 27148 --- [finapp-backend] [http-nio-2002-exec-2] o.a.pdfbox.pdmodel.font.PDType0Font      : No Unicode mapping for CID+158 (158) in font AllAndNone
2026-08-09T16:11:03.978+05:30  WARN 27148 --- [finapp-backend] [http-nio-2002-exec-2] o.a.pdfbox.pdmodel.font.PDType0Font      : No Unicode mapping for CID+135 (135) in font AllAndNone
2026-08-09T16:11:03.978+05:30  WARN 27148 --- [finapp-backend] [http-nio-2002-exec-2] o.a.pdfbox.pdmodel.font.PDType0Font      : No Unicode mapping for CID+211 (211) in font AllAndNone
2026-08-09T16:11:03.980+05:30  WARN 27148 --- [finapp-backend] [http-nio-2002-exec-2] o.a.pdfbox.pdmodel.font.PDType0Font      : No Unicode mapping for CID+117 (117) in font AllAndNone
2026-08-09T16:11:03.980+05:30  WARN 27148 --- [finapp-backend] [http-nio-2002-exec-2] o.a.pdfbox.pdmodel.font.PDType0Font      : No Unicode mapping for CID+141 (141) in font AllAndNone
2026-08-09T16:11:03.980+05:30  WARN 27148 --- [finapp-backend] [http-nio-2002-exec-2] o.a.pdfbox.pdmodel.font.PDType0Font      : No Unicode mapping for CID+148 (148) in font AllAndNone
2026-08-09T16:11:03.980+05:30  WARN 27148 --- [finapp-backend] [http-nio-2002-exec-2] o.a.pdfbox.pdmodel.font.PDType0Font      : No Unicode mapping for CID+216 (216) in font AllAndNone
2026-08-09T16:11:03.980+05:30  WARN 27148 --- [finapp-backend] [http-nio-2002-exec-2] o.a.pdfbox.pdmodel.font.PDType0Font      : No Unicode mapping for CID+170 (170) in font AllAndNone
2026-08-09T16:11:03.980+05:30  WARN 27148 --- [finapp-backend] [http-nio-2002-exec-2] o.a.pdfbox.pdmodel.font.PDType0Font      : No Unicode mapping for CID+194 (194) in font AllAndNone
2026-08-09T16:11:03.980+05:30  WARN 27148 --- [finapp-backend] [http-nio-2002-exec-2] o.a.pdfbox.pdmodel.font.PDType0Font      : No Unicode mapping for CID+213 (213) in font AllAndNone
2026-08-09T16:11:03.981+05:30  WARN 27148 --- [finapp-backend] [http-nio-2002-exec-2] o.a.pdfbox.pdmodel.font.PDType0Font      : No Unicode mapping for CID+136 (136) in font AllAndNone
2026-08-09T16:11:03.981+05:30  WARN 27148 --- [finapp-backend] [http-nio-2002-exec-2] o.a.pdfbox.pdmodel.font.PDType0Font      : No Unicode mapping for CID+172 (172) in font AllAndNone
2026-08-09T16:11:03.981+05:30  WARN 27148 --- [finapp-backend] [http-nio-2002-exec-2] o.a.pdfbox.pdmodel.font.PDType0Font      : No Unicode mapping for CID+120 (120) in font AllAndNone
2026-08-09T16:11:03.981+05:30  WARN 27148 --- [finapp-backend] [http-nio-2002-exec-2] o.a.pdfbox.pdmodel.font.PDType0Font      : No Unicode mapping for CID+175 (175) in font AllAndNone
2026-08-09T16:11:03.981+05:30  WARN 27148 --- [finapp-backend] [http-nio-2002-exec-2] o.a.pdfbox.pdmodel.font.PDType0Font      : No Unicode mapping for CID+197 (197) in font AllAndNone
2026-08-09T16:11:03.981+05:30  WARN 27148 --- [finapp-backend] [http-nio-2002-exec-2] o.a.pdfbox.pdmodel.font.PDType0Font      : No Unicode mapping for CID+225 (225) in font AllAndNone
2026-08-09T16:11:03.981+05:30  WARN 27148 --- [finapp-backend] [http-nio-2002-exec-2] o.a.pdfbox.pdmodel.font.PDType0Font      : No Unicode mapping for CID+190 (190) in font AllAndNone
2026-08-09T16:11:03.982+05:30  WARN 27148 --- [finapp-backend] [http-nio-2002-exec-2] o.a.pdfbox.pdmodel.font.PDType0Font      : No Unicode mapping for CID+171 (171) in font AllAndNone
2026-08-09T16:11:03.983+05:30  WARN 27148 --- [finapp-backend] [http-nio-2002-exec-2] o.a.pdfbox.pdmodel.font.PDType0Font      : No Unicode mapping for CID+112 (112) in font AllAndNone
2026-08-09T16:11:03.984+05:30  WARN 27148 --- [finapp-backend] [http-nio-2002-exec-2] o.a.pdfbox.pdmodel.font.PDType0Font      : No Unicode mapping for CID+111 (111) in font AllAndNone
2026-08-09T16:11:03.984+05:30  WARN 27148 --- [finapp-backend] [http-nio-2002-exec-2] o.a.pdfbox.pdmodel.font.PDType0Font      : No Unicode mapping for CID+113 (113) in font AllAndNone
2026-08-09T16:11:03.984+05:30  WARN 27148 --- [finapp-backend] [http-nio-2002-exec-2] o.a.pdfbox.pdmodel.font.PDType0Font      : No Unicode mapping for CID+124 (124) in font AllAndNone
2026-08-09T16:11:03.984+05:30  WARN 27148 --- [finapp-backend] [http-nio-2002-exec-2] o.a.pdfbox.pdmodel.font.PDType0Font      : No Unicode mapping for CID+166 (166) in font AllAndNone
2026-08-09T16:11:03.984+05:30  WARN 27148 --- [finapp-backend] [http-nio-2002-exec-2] o.a.pdfbox.pdmodel.font.PDType0Font      : No Unicode mapping for CID+226 (226) in font AllAndNone
2026-08-09T16:11:03.984+05:30  WARN 27148 --- [finapp-backend] [http-nio-2002-exec-2] o.a.pdfbox.pdmodel.font.PDType0Font      : No Unicode mapping for CID+115 (115) in font AllAndNone
2026-08-09T16:11:03.984+05:30  WARN 27148 --- [finapp-backend] [http-nio-2002-exec-2] o.a.pdfbox.pdmodel.font.PDType0Font      : No Unicode mapping for CID+174 (174) in font AllAndNone
2026-08-09T16:11:03.985+05:30  WARN 27148 --- [finapp-backend] [http-nio-2002-exec-2] o.a.pdfbox.pdmodel.font.PDType0Font      : No Unicode mapping for CID+209 (209) in font AllAndNone
2026-08-09T16:11:03.985+05:30  WARN 27148 --- [finapp-backend] [http-nio-2002-exec-2] o.a.pdfbox.pdmodel.font.PDType0Font      : No Unicode mapping for CID+195 (195) in font AllAndNone
2026-08-09T16:11:03.985+05:30  WARN 27148 --- [finapp-backend] [http-nio-2002-exec-2] o.a.pdfbox.pdmodel.font.PDType0Font      : No Unicode mapping for CID+212 (212) in font AllAndNone
2026-08-09T16:11:03.985+05:30  WARN 27148 --- [finapp-backend] [http-nio-2002-exec-2] o.a.pdfbox.pdmodel.font.PDType0Font      : No Unicode mapping for CID+163 (163) in font AllAndNone
2026-08-09T16:11:03.985+05:30  WARN 27148 --- [finapp-backend] [http-nio-2002-exec-2] o.a.pdfbox.pdmodel.font.PDType0Font      : No Unicode mapping for CID+153 (153) in font AllAndNone
2026-08-09T16:11:03.985+05:30  WARN 27148 --- [finapp-backend] [http-nio-2002-exec-2] o.a.pdfbox.pdmodel.font.PDType0Font      : No Unicode mapping for CID+205 (205) in font AllAndNone
2026-08-09T16:11:03.986+05:30  WARN 27148 --- [finapp-backend] [http-nio-2002-exec-2] o.a.pdfbox.pdmodel.font.PDType0Font      : No Unicode mapping for CID+157 (157) in font AllAndNone
2026-08-09T16:11:03.986+05:30  WARN 27148 --- [finapp-backend] [http-nio-2002-exec-2] o.a.pdfbox.pdmodel.font.PDType0Font      : No Unicode mapping for CID+151 (151) in font AllAndNone
2026-08-09T16:11:03.986+05:30  WARN 27148 --- [finapp-backend] [http-nio-2002-exec-2] o.a.pdfbox.pdmodel.font.PDType0Font      : No Unicode mapping for CID+210 (210) in font AllAndNone
2026-08-09T16:11:03.986+05:30  WARN 27148 --- [finapp-backend] [http-nio-2002-exec-2] o.a.pdfbox.pdmodel.font.PDType0Font      : No Unicode mapping for CID+230 (230) in font AllAndNone
2026-08-09T16:11:03.986+05:30  WARN 27148 --- [finapp-backend] [http-nio-2002-exec-2] o.a.pdfbox.pdmodel.font.PDType0Font      : No Unicode mapping for CID+164 (164) in font AllAndNone
2026-08-09T16:11:03.986+05:30  WARN 27148 --- [finapp-backend] [http-nio-2002-exec-2] o.a.pdfbox.pdmodel.font.PDType0Font      : No Unicode mapping for CID+183 (183) in font AllAndNone
2026-08-09T16:11:03.986+05:30  WARN 27148 --- [finapp-backend] [http-nio-2002-exec-2] o.a.pdfbox.pdmodel.font.PDType0Font      : No Unicode mapping for CID+134 (134) in font AllAndNone
2026-08-09T16:11:03.986+05:30  WARN 27148 --- [finapp-backend] [http-nio-2002-exec-2] o.a.pdfbox.pdmodel.font.PDType0Font      : No Unicode mapping for CID+133 (133) in font AllAndNone
2026-08-09T16:11:03.986+05:30  WARN 27148 --- [finapp-backend] [http-nio-2002-exec-2] o.a.pdfbox.pdmodel.font.PDType0Font      : No Unicode mapping for CID+203 (203) in font AllAndNone
2026-08-09T16:11:03.986+05:30  WARN 27148 --- [finapp-backend] [http-nio-2002-exec-2] o.a.pdfbox.pdmodel.font.PDType0Font      : No Unicode mapping for CID+177 (177) in font AllAndNone
2026-08-09T16:11:03.986+05:30  WARN 27148 --- [finapp-backend] [http-nio-2002-exec-2] o.a.pdfbox.pdmodel.font.PDType0Font      : No Unicode mapping for CID+128 (128) in font AllAndNone
2026-08-09T16:11:03.986+05:30  WARN 27148 --- [finapp-backend] [http-nio-2002-exec-2] o.a.pdfbox.pdmodel.font.PDType0Font      : No Unicode mapping for CID+231 (231) in font AllAndNone
2026-08-09T16:11:03.987+05:30  WARN 27148 --- [finapp-backend] [http-nio-2002-exec-2] o.a.pdfbox.pdmodel.font.PDType0Font      : No Unicode mapping for CID+109 (109) in font AllAndNone
2026-08-09T16:11:03.987+05:30  WARN 27148 --- [finapp-backend] [http-nio-2002-exec-2] o.a.pdfbox.pdmodel.font.PDType0Font      : No Unicode mapping for CID+122 (122) in font AllAndNone
2026-08-09T16:11:03.987+05:30  WARN 27148 --- [finapp-backend] [http-nio-2002-exec-2] o.a.pdfbox.pdmodel.font.PDType0Font      : No Unicode mapping for CID+180 (180) in font AllAndNone
2026-08-09T16:11:03.988+05:30  WARN 27148 --- [finapp-backend] [http-nio-2002-exec-2] o.a.pdfbox.pdmodel.font.PDType0Font      : No Unicode mapping for CID+232 (232) in font AllAndNone
2026-08-09T16:11:09.431+05:30 DEBUG 27148 --- [finapp-backend] [http-nio-2002-exec-4] o.s.security.web.FilterChainProxy        : Securing OPTIONS /api/dashboard/summary
2026-08-09T16:11:09.433+05:30 DEBUG 27148 --- [finapp-backend] [http-nio-2002-exec-3] o.s.security.web.FilterChainProxy        : Securing OPTIONS /api/dashboard/summary
2026-08-09T16:11:09.440+05:30 DEBUG 27148 --- [finapp-backend] [http-nio-2002-exec-5] o.s.security.web.FilterChainProxy        : Securing GET /api/dashboard/summary
2026-08-09T16:11:09.464+05:30 DEBUG 27148 --- [finapp-backend] [http-nio-2002-exec-5] o.s.security.web.FilterChainProxy        : Secured GET /api/dashboard/summary
2026-08-09T16:11:09.754+05:30 DEBUG 27148 --- [finapp-backend] [http-nio-2002-exec-7] o.s.security.web.FilterChainProxy        : Securing GET /api/dashboard/summary
2026-08-09T16:11:09.777+05:30 DEBUG 27148 --- [finapp-backend] [http-nio-2002-exec-7] o.s.security.web.FilterChainProxy        : Secured GET /api/dashboard/summary
2026-08-09T16:11:09.796+05:30 DEBUG 27148 --- [finapp-backend] [http-nio-2002-exec-6] o.s.security.web.FilterChainProxy        : Securing OPTIONS /api/dashboard/summary?startDate=2026-07-31&endDate=2026-08-30
2026-08-09T16:11:09.818+05:30 DEBUG 27148 --- [finapp-backend] [http-nio-2002-exec-8] o.s.security.web.FilterChainProxy        : Securing OPTIONS /api/cashback/wallets
2026-08-09T16:11:09.818+05:30 DEBUG 27148 --- [finapp-backend] [http-nio-2002-exec-1] o.s.security.web.FilterChainProxy        : Securing OPTIONS /api/cashback/wallets
2026-08-09T16:11:09.822+05:30 DEBUG 27148 --- [finapp-backend] [http-nio-2002-exec-6] o.s.security.web.FilterChainProxy        : Securing OPTIONS /api/budgets
2026-08-09T16:11:09.824+05:30 DEBUG 27148 --- [finapp-backend] [http-nio-2002-exec-10] o.s.security.web.FilterChainProxy        : Securing OPTIONS /api/budgets
2026-08-09T16:11:09.824+05:30 DEBUG 27148 --- [finapp-backend] [http-nio-2002-exec-9] o.s.security.web.FilterChainProxy        : Securing OPTIONS /api/dashboard/summary?startDate=2026-07-31&endDate=2026-08-30
2026-08-09T16:11:09.836+05:30 DEBUG 27148 --- [finapp-backend] [http-nio-2002-exec-3] o.s.security.web.FilterChainProxy        : Securing GET /api/cashback/wallets
2026-08-09T16:11:09.833+05:30 DEBUG 27148 --- [finapp-backend] [http-nio-2002-exec-1] o.s.security.web.FilterChainProxy        : Securing GET /api/dashboard/summary?startDate=2026-07-31&endDate=2026-08-30
2026-08-09T16:11:09.839+05:30 DEBUG 27148 --- [finapp-backend] [http-nio-2002-exec-4] o.s.security.web.FilterChainProxy        : Securing GET /api/budgets
2026-08-09T16:11:09.870+05:30 DEBUG 27148 --- [finapp-backend] [http-nio-2002-exec-3] o.s.security.web.FilterChainProxy        : Secured GET /api/cashback/wallets
2026-08-09T16:11:09.879+05:30 DEBUG 27148 --- [finapp-backend] [http-nio-2002-exec-1] o.s.security.web.FilterChainProxy        : Secured GET /api/dashboard/summary?startDate=2026-07-31&endDate=2026-08-30
2026-08-09T16:11:09.885+05:30 DEBUG 27148 --- [finapp-backend] [http-nio-2002-exec-4] o.s.security.web.FilterChainProxy        : Secured GET /api/budgets
2026-08-09T16:11:09.921+05:30 DEBUG 27148 --- [finapp-backend] [http-nio-2002-exec-5] o.s.security.web.FilterChainProxy        : Securing GET /api/budgets
2026-08-09T16:11:09.934+05:30 DEBUG 27148 --- [finapp-backend] [http-nio-2002-exec-10] o.s.security.web.FilterChainProxy        : Securing OPTIONS /api/transactions/budget/Monthly Food Expense?startDate=2026-07-31&endDate=2026-08-30
2026-08-09T16:11:09.940+05:30 DEBUG 27148 --- [finapp-backend] [http-nio-2002-exec-5] o.s.security.web.FilterChainProxy        : Secured GET /api/budgets
2026-08-09T16:11:09.940+05:30 DEBUG 27148 --- [finapp-backend] [http-nio-2002-exec-2] o.s.security.web.FilterChainProxy        : Securing OPTIONS /api/transactions/budget/Monthly Revenue?startDate=2026-07-31&endDate=2026-08-30
2026-08-09T16:11:09.945+05:30 DEBUG 27148 --- [finapp-backend] [http-nio-2002-exec-6] o.s.security.web.FilterChainProxy        : Securing OPTIONS /api/transactions/budget/Miscellaneous?startDate=2026-07-31&endDate=2026-08-30
2026-08-09T16:11:09.946+05:30 DEBUG 27148 --- [finapp-backend] [http-nio-2002-exec-9] o.s.security.web.FilterChainProxy        : Securing OPTIONS /api/transactions/budget/Monthly Total Expense?startDate=2026-07-31&endDate=2026-08-30
2026-08-09T16:11:09.950+05:30 DEBUG 27148 --- [finapp-backend] [http-nio-2002-exec-10] o.s.security.web.FilterChainProxy        : Securing OPTIONS /api/transactions/budget/Monthly Spend?startDate=2026-07-31&endDate=2026-08-30
2026-08-09T16:11:09.960+05:30 DEBUG 27148 --- [finapp-backend] [http-nio-2002-exec-8] o.s.security.web.FilterChainProxy        : Securing GET /api/transactions/budget/Monthly Food Expense?startDate=2026-07-31&endDate=2026-08-30
2026-08-09T16:11:09.967+05:30 DEBUG 27148 --- [finapp-backend] [http-nio-2002-exec-5] o.s.security.web.FilterChainProxy        : Securing GET /api/transactions/budget/Monthly Revenue?startDate=2026-07-31&endDate=2026-08-30
2026-08-09T16:11:09.975+05:30 DEBUG 27148 --- [finapp-backend] [http-nio-2002-exec-4] o.s.security.web.FilterChainProxy        : Securing GET /api/cashback/wallets
2026-08-09T16:11:09.978+05:30 DEBUG 27148 --- [finapp-backend] [http-nio-2002-exec-7] o.s.security.web.FilterChainProxy        : Securing GET /api/transactions/budget/Miscellaneous?startDate=2026-07-31&endDate=2026-08-30
2026-08-09T16:11:09.980+05:30 DEBUG 27148 --- [finapp-backend] [http-nio-2002-exec-6] o.s.security.web.FilterChainProxy        : Securing OPTIONS /api/transactions/budget/Monthly Total Savings?startDate=2026-07-31&endDate=2026-08-30
2026-08-09T16:11:09.985+05:30 DEBUG 27148 --- [finapp-backend] [http-nio-2002-exec-2] o.s.security.web.FilterChainProxy        : Securing GET /api/transactions/budget/Monthly Total Expense?startDate=2026-07-31&endDate=2026-08-30
2026-08-09T16:11:09.988+05:30 DEBUG 27148 --- [finapp-backend] [http-nio-2002-exec-9] o.s.security.web.FilterChainProxy        : Securing GET /api/transactions/budget/Monthly Spend?startDate=2026-07-31&endDate=2026-08-30
2026-08-09T16:11:09.992+05:30 DEBUG 27148 --- [finapp-backend] [http-nio-2002-exec-8] o.s.security.web.FilterChainProxy        : Secured GET /api/transactions/budget/Monthly Food Expense?startDate=2026-07-31&endDate=2026-08-30
2026-08-09T16:11:10.002+05:30 DEBUG 27148 --- [finapp-backend] [http-nio-2002-exec-5] o.s.security.web.FilterChainProxy        : Secured GET /api/transactions/budget/Monthly Revenue?startDate=2026-07-31&endDate=2026-08-30
2026-08-09T16:11:10.005+05:30 DEBUG 27148 --- [finapp-backend] [http-nio-2002-exec-4] o.s.security.web.FilterChainProxy        : Secured GET /api/cashback/wallets
2026-08-09T16:11:10.007+05:30 DEBUG 27148 --- [finapp-backend] [http-nio-2002-exec-2] o.s.security.web.FilterChainProxy        : Secured GET /api/transactions/budget/Monthly Total Expense?startDate=2026-07-31&endDate=2026-08-30
2026-08-09T16:11:10.008+05:30 DEBUG 27148 --- [finapp-backend] [http-nio-2002-exec-7] o.s.security.web.FilterChainProxy        : Secured GET /api/transactions/budget/Miscellaneous?startDate=2026-07-31&endDate=2026-08-30
2026-08-09T16:11:10.013+05:30 DEBUG 27148 --- [finapp-backend] [http-nio-2002-exec-9] o.s.security.web.FilterChainProxy        : Secured GET /api/transactions/budget/Monthly Spend?startDate=2026-07-31&endDate=2026-08-30
2026-08-09T16:11:10.036+05:30 DEBUG 27148 --- [finapp-backend] [http-nio-2002-exec-10] o.s.security.web.FilterChainProxy        : Securing OPTIONS /api/transactions/budget/Monthly Total Savings?startDate=2026-07-31&endDate=2026-08-30
2026-08-09T16:11:10.042+05:30 DEBUG 27148 --- [finapp-backend] [http-nio-2002-exec-1] o.s.security.web.FilterChainProxy        : Securing GET /api/dashboard/summary?startDate=2026-07-31&endDate=2026-08-30
2026-08-09T16:11:10.049+05:30 DEBUG 27148 --- [finapp-backend] [http-nio-2002-exec-4] o.s.security.web.FilterChainProxy        : Securing GET /api/transactions/budget/Monthly Total Savings?startDate=2026-07-31&endDate=2026-08-30
2026-08-09T16:11:10.050+05:30 DEBUG 27148 --- [finapp-backend] [http-nio-2002-exec-3] o.s.security.web.FilterChainProxy        : Securing GET /api/transactions/budget/Monthly Food Expense?startDate=2026-07-31&endDate=2026-08-30
2026-08-09T16:11:10.077+05:30 DEBUG 27148 --- [finapp-backend] [http-nio-2002-exec-4] o.s.security.web.FilterChainProxy        : Secured GET /api/transactions/budget/Monthly Total Savings?startDate=2026-07-31&endDate=2026-08-30
2026-08-09T16:11:10.080+05:30 DEBUG 27148 --- [finapp-backend] [http-nio-2002-exec-1] o.s.security.web.FilterChainProxy        : Secured GET /api/dashboard/summary?startDate=2026-07-31&endDate=2026-08-30
2026-08-09T16:11:10.089+05:30 DEBUG 27148 --- [finapp-backend] [http-nio-2002-exec-6] o.s.security.web.FilterChainProxy        : Securing GET /api/transactions/budget/Monthly Spend?startDate=2026-07-31&endDate=2026-08-30
2026-08-09T16:11:10.103+05:30 DEBUG 27148 --- [finapp-backend] [http-nio-2002-exec-4] o.s.security.web.FilterChainProxy        : Securing GET /api/transactions/budget/Monthly Total Expense?startDate=2026-07-31&endDate=2026-08-30
2026-08-09T16:11:10.122+05:30 DEBUG 27148 --- [finapp-backend] [http-nio-2002-exec-4] o.s.security.web.FilterChainProxy        : Secured GET /api/transactions/budget/Monthly Total Expense?startDate=2026-07-31&endDate=2026-08-30
2026-08-09T16:11:10.128+05:30 DEBUG 27148 --- [finapp-backend] [http-nio-2002-exec-3] o.s.security.web.FilterChainProxy        : Secured GET /api/transactions/budget/Monthly Food Expense?startDate=2026-07-31&endDate=2026-08-30
2026-08-09T16:11:10.143+05:30 DEBUG 27148 --- [finapp-backend] [http-nio-2002-exec-8] o.s.security.web.FilterChainProxy        : Securing GET /api/transactions/budget/Monthly Total Savings?startDate=2026-07-31&endDate=2026-08-30
2026-08-09T16:11:10.146+05:30 DEBUG 27148 --- [finapp-backend] [http-nio-2002-exec-10] o.s.security.web.FilterChainProxy        : Securing GET /api/transactions/budget/Monthly Revenue?startDate=2026-07-31&endDate=2026-08-30
2026-08-09T16:11:10.146+05:30 DEBUG 27148 --- [finapp-backend] [http-nio-2002-exec-9] o.s.security.web.FilterChainProxy        : Securing GET /api/transactions/budget/Miscellaneous?startDate=2026-07-31&endDate=2026-08-30
2026-08-09T16:11:10.165+05:30 DEBUG 27148 --- [finapp-backend] [http-nio-2002-exec-2] o.s.security.web.FilterChainProxy        : Securing OPTIONS /api/cashback/entries
2026-08-09T16:11:10.173+05:30 DEBUG 27148 --- [finapp-backend] [http-nio-2002-exec-4] o.s.security.web.FilterChainProxy        : Securing OPTIONS /api/trading/analytics
2026-08-09T16:11:10.177+05:30 DEBUG 27148 --- [finapp-backend] [http-nio-2002-exec-8] o.s.security.web.FilterChainProxy        : Secured GET /api/transactions/budget/Monthly Total Savings?startDate=2026-07-31&endDate=2026-08-30
2026-08-09T16:11:10.177+05:30 DEBUG 27148 --- [finapp-backend] [http-nio-2002-exec-4] o.s.security.web.FilterChainProxy        : Securing GET /api/trading/analytics
2026-08-09T16:11:10.189+05:30 DEBUG 27148 --- [finapp-backend] [http-nio-2002-exec-7] o.s.security.web.FilterChainProxy        : Securing GET /api/cashback/entries
2026-08-09T16:11:10.192+05:30 DEBUG 27148 --- [finapp-backend] [http-nio-2002-exec-9] o.s.security.web.FilterChainProxy        : Secured GET /api/transactions/budget/Miscellaneous?startDate=2026-07-31&endDate=2026-08-30
2026-08-09T16:11:10.207+05:30 DEBUG 27148 --- [finapp-backend] [http-nio-2002-exec-4] o.s.security.web.FilterChainProxy        : Secured GET /api/trading/analytics
2026-08-09T16:11:10.217+05:30 DEBUG 27148 --- [finapp-backend] [http-nio-2002-exec-6] o.s.security.web.FilterChainProxy        : Secured GET /api/transactions/budget/Monthly Spend?startDate=2026-07-31&endDate=2026-08-30
2026-08-09T16:11:10.236+05:30 DEBUG 27148 --- [finapp-backend] [http-nio-2002-exec-10] o.s.security.web.FilterChainProxy        : Secured GET /api/transactions/budget/Monthly Revenue?startDate=2026-07-31&endDate=2026-08-30
2026-08-09T16:11:10.243+05:30 DEBUG 27148 --- [finapp-backend] [http-nio-2002-exec-7] o.s.security.web.FilterChainProxy        : Secured GET /api/cashback/entries
2026-08-09T16:11:10.443+05:30 DEBUG 27148 --- [finapp-backend] [http-nio-2002-exec-5] o.s.security.web.FilterChainProxy        : Securing GET /api/trading/analytics
2026-08-09T16:11:10.520+05:30 DEBUG 27148 --- [finapp-backend] [http-nio-2002-exec-5] o.s.security.web.FilterChainProxy        : Secured GET /api/trading/analytics
2026-08-09T16:11:10.542+05:30 DEBUG 27148 --- [finapp-backend] [http-nio-2002-exec-1] o.s.security.web.FilterChainProxy        : Securing GET /api/cashback/entries
2026-08-09T16:11:10.570+05:30 DEBUG 27148 --- [finapp-backend] [http-nio-2002-exec-1] o.s.security.web.FilterChainProxy        : Secured GET /api/cashback/entries
2026-08-09T16:11:13.458+05:30 DEBUG 27148 --- [finapp-backend] [http-nio-2002-exec-3] o.s.security.web.FilterChainProxy        : Securing GET /api/cashback/wallets
2026-08-09T16:11:13.461+05:30 DEBUG 27148 --- [finapp-backend] [http-nio-2002-exec-8] o.s.security.web.FilterChainProxy        : Securing OPTIONS /api/transactions?month=8&year=2026
2026-08-09T16:11:13.461+05:30 DEBUG 27148 --- [finapp-backend] [http-nio-2002-exec-2] o.s.security.web.FilterChainProxy        : Securing OPTIONS /api/transactions?month=8&year=2026
2026-08-09T16:11:13.467+05:30 DEBUG 27148 --- [finapp-backend] [http-nio-2002-exec-9] o.s.security.web.FilterChainProxy        : Securing GET /api/transactions?month=8&year=2026
2026-08-09T16:11:13.484+05:30 DEBUG 27148 --- [finapp-backend] [http-nio-2002-exec-3] o.s.security.web.FilterChainProxy        : Secured GET /api/cashback/wallets
2026-08-09T16:11:13.488+05:30 DEBUG 27148 --- [finapp-backend] [http-nio-2002-exec-9] o.s.security.web.FilterChainProxy        : Secured GET /api/transactions?month=8&year=2026
2026-08-09T16:11:13.503+05:30 DEBUG 27148 --- [finapp-backend] [http-nio-2002-exec-3] o.s.security.web.FilterChainProxy        : Securing GET /api/cashback/wallets
2026-08-09T16:11:13.525+05:30 DEBUG 27148 --- [finapp-backend] [http-nio-2002-exec-3] o.s.security.web.FilterChainProxy        : Secured GET /api/cashback/wallets
2026-08-09T16:11:13.548+05:30 DEBUG 27148 --- [finapp-backend] [http-nio-2002-exec-10] o.s.security.web.FilterChainProxy        : Securing GET /api/transactions?month=8&year=2026
2026-08-09T16:11:13.567+05:30 DEBUG 27148 --- [finapp-backend] [http-nio-2002-exec-10] o.s.security.web.FilterChainProxy        : Secured GET /api/transactions?month=8&year=2026
2026-08-09T16:11:16.262+05:30 DEBUG 27148 --- [finapp-backend] [http-nio-2002-exec-4] o.s.security.web.FilterChainProxy        : Securing OPTIONS /api/import-formats/type/CREDIT_CARD
2026-08-09T16:11:16.263+05:30 DEBUG 27148 --- [finapp-backend] [http-nio-2002-exec-7] o.s.security.web.FilterChainProxy        : Securing OPTIONS /api/import-formats/type/CREDIT_CARD
2026-08-09T16:11:16.268+05:30 DEBUG 27148 --- [finapp-backend] [http-nio-2002-exec-5] o.s.security.web.FilterChainProxy        : Securing GET /api/import-formats/type/CREDIT_CARD
2026-08-09T16:11:16.289+05:30 DEBUG 27148 --- [finapp-backend] [http-nio-2002-exec-5] o.s.security.web.FilterChainProxy        : Secured GET /api/import-formats/type/CREDIT_CARD
2026-08-09T16:11:16.329+05:30 DEBUG 27148 --- [finapp-backend] [http-nio-2002-exec-1] o.s.security.web.FilterChainProxy        : Securing GET /api/import-formats/type/CREDIT_CARD
2026-08-09T16:11:16.349+05:30 DEBUG 27148 --- [finapp-backend] [http-nio-2002-exec-1] o.s.security.web.FilterChainProxy        : Secured GET /api/import-formats/type/CREDIT_CARD
2026-08-09T16:11:29.413+05:30 DEBUG 27148 --- [finapp-backend] [http-nio-2002-exec-2] o.s.security.web.FilterChainProxy        : Securing OPTIONS /api/import/preview/bank-statement
2026-08-09T16:11:29.431+05:30 DEBUG 27148 --- [finapp-backend] [http-nio-2002-exec-8] o.s.security.web.FilterChainProxy        : Securing POST /api/import/preview/bank-statement
2026-08-09T16:11:29.455+05:30 DEBUG 27148 --- [finapp-backend] [http-nio-2002-exec-8] o.s.security.web.FilterChainProxy        : Secured POST /api/import/preview/bank-statement
2026-08-09T16:11:29.494+05:30  WARN 27148 --- [finapp-backend] [http-nio-2002-exec-8] .w.s.m.s.DefaultHandlerExceptionResolver : Resolved [org.springframework.web.multipart.MaxUploadSizeExceededException: Maximum upload size exceeded]
2026-08-09T16:11:29.499+05:30 DEBUG 27148 --- [finapp-backend] [http-nio-2002-exec-8] o.s.security.web.FilterChainProxy        : Securing POST /error
2026-08-09T16:11:29.499+05:30 DEBUG 27148 --- [finapp-backend] [http-nio-2002-exec-8] o.s.s.w.a.AnonymousAuthenticationFilter  : Set SecurityContextHolder to anonymous SecurityContext
2026-08-09T16:11:29.500+05:30 DEBUG 27148 --- [finapp-backend] [http-nio-2002-exec-8] o.s.s.w.a.Http403ForbiddenEntryPoint     : Pre-authenticated entry point called. Rejecting access
2026-08-09T16:11:47.340+05:30 DEBUG 27148 --- [finapp-backend] [http-nio-2002-exec-6] o.s.security.web.FilterChainProxy        : Securing OPTIONS /api/import/preview/bank-statement
2026-08-09T16:11:47.348+05:30 DEBUG 27148 --- [finapp-backend] [http-nio-2002-exec-3] o.s.security.web.FilterChainProxy        : Securing POST /api/import/preview/bank-statement
2026-08-09T16:11:47.368+05:30 DEBUG 27148 --- [finapp-backend] [http-nio-2002-exec-3] o.s.security.web.FilterChainProxy        : Secured POST /api/import/preview/bank-statement
2026-08-09T16:11:47.472+05:30  WARN 27148 --- [finapp-backend] [http-nio-2002-exec-3] .w.s.m.s.DefaultHandlerExceptionResolver : Resolved [org.springframework.web.multipart.MaxUploadSizeExceededException: Maximum upload size exceeded]
2026-08-09T16:11:47.474+05:30 DEBUG 27148 --- [finapp-backend] [http-nio-2002-exec-3] o.s.security.web.FilterChainProxy        : Securing POST /error
2026-08-09T16:11:47.474+05:30 DEBUG 27148 --- [finapp-backend] [http-nio-2002-exec-3] o.s.s.w.a.AnonymousAuthenticationFilter  : Set SecurityContextHolder to anonymous SecurityContext
2026-08-09T16:11:47.474+05:30 DEBUG 27148 --- [finapp-backend] [http-nio-2002-exec-3] o.s.s.w.a.Http403ForbiddenEntryPoint     : Pre-authenticated entry point called. Rejecting access
2026-08-09T16:12:04.238+05:30 DEBUG 27148 --- [finapp-backend] [http-nio-2002-exec-9] o.s.security.web.FilterChainProxy        : Securing OPTIONS /api/import/preview/bank-statement
2026-08-09T16:12:04.242+05:30 DEBUG 27148 --- [finapp-backend] [http-nio-2002-exec-10] o.s.security.web.FilterChainProxy        : Securing POST /api/import/preview/bank-statement
2026-08-09T16:12:04.252+05:30 DEBUG 27148 --- [finapp-backend] [http-nio-2002-exec-10] o.s.security.web.FilterChainProxy        : Secured POST /api/import/preview/bank-statement
2026-08-09T16:12:04.298+05:30  WARN 27148 --- [finapp-backend] [http-nio-2002-exec-10] o.a.p.p.e.StandardSecurityHandler        : Verification of permissions failed (EncryptMetadata)
2026-08-09T16:12:04.349+05:30  WARN 27148 --- [finapp-backend] [http-nio-2002-exec-10] o.a.pdfbox.pdmodel.font.PDType0Font      : No Unicode mapping for CID+106 (106) in font AllAndNone
2026-08-09T16:12:04.349+05:30  WARN 27148 --- [finapp-backend] [http-nio-2002-exec-10] o.a.pdfbox.pdmodel.font.PDType0Font      : No Unicode mapping for CID+13 (13) in font AllAndNone
2026-08-09T16:12:04.349+05:30  WARN 27148 --- [finapp-backend] [http-nio-2002-exec-10] o.a.pdfbox.pdmodel.font.PDType0Font      : No Unicode mapping for CID+8 (8) in font AllAndNone
2026-08-09T16:12:04.349+05:30  WARN 27148 --- [finapp-backend] [http-nio-2002-exec-10] o.a.pdfbox.pdmodel.font.PDType0Font      : No Unicode mapping for CID+21 (21) in font AllAndNone
2026-08-09T16:12:04.349+05:30  WARN 27148 --- [finapp-backend] [http-nio-2002-exec-10] o.a.pdfbox.pdmodel.font.PDType0Font      : No Unicode mapping for CID+27 (27) in font AllAndNone
2026-08-09T16:12:04.349+05:30  WARN 27148 --- [finapp-backend] [http-nio-2002-exec-10] o.a.pdfbox.pdmodel.font.PDType0Font      : No Unicode mapping for CID+101 (101) in font AllAndNone
2026-08-09T16:12:04.349+05:30  WARN 27148 --- [finapp-backend] [http-nio-2002-exec-10] o.a.pdfbox.pdmodel.font.PDType0Font      : No Unicode mapping for CID+64 (64) in font AllAndNone
2026-08-09T16:12:04.349+05:30  WARN 27148 --- [finapp-backend] [http-nio-2002-exec-10] o.a.pdfbox.pdmodel.font.PDType0Font      : No Unicode mapping for CID+18 (18) in font AllAndNone
2026-08-09T16:12:04.349+05:30  WARN 27148 --- [finapp-backend] [http-nio-2002-exec-10] o.a.pdfbox.pdmodel.font.PDType0Font      : No Unicode mapping for CID+100 (100) in font AllAndNone
2026-08-09T16:12:04.349+05:30  WARN 27148 --- [finapp-backend] [http-nio-2002-exec-10] o.a.pdfbox.pdmodel.font.PDType0Font      : No Unicode mapping for CID+42 (42) in font AllAndNone
2026-08-09T16:12:04.351+05:30  WARN 27148 --- [finapp-backend] [http-nio-2002-exec-10] o.a.pdfbox.pdmodel.font.PDType0Font      : No Unicode mapping for CID+6 (6) in font AllAndNone
2026-08-09T16:12:04.351+05:30  WARN 27148 --- [finapp-backend] [http-nio-2002-exec-10] o.a.pdfbox.pdmodel.font.PDType0Font      : No Unicode mapping for CID+32 (32) in font AllAndNone
2026-08-09T16:12:04.351+05:30  WARN 27148 --- [finapp-backend] [http-nio-2002-exec-10] o.a.pdfbox.pdmodel.font.PDType0Font      : No Unicode mapping for CID+107 (107) in font AllAndNone
2026-08-09T16:12:04.378+05:30  WARN 27148 --- [finapp-backend] [http-nio-2002-exec-10] o.a.pdfbox.pdmodel.font.PDType0Font      : No Unicode mapping for CID+235 (235) in font AllAndNone
2026-08-09T16:12:04.378+05:30  WARN 27148 --- [finapp-backend] [http-nio-2002-exec-10] o.a.pdfbox.pdmodel.font.PDType0Font      : No Unicode mapping for CID+173 (173) in font AllAndNone
2026-08-09T16:12:04.378+05:30  WARN 27148 --- [finapp-backend] [http-nio-2002-exec-10] o.a.pdfbox.pdmodel.font.PDType0Font      : No Unicode mapping for CID+201 (201) in font AllAndNone
2026-08-09T16:12:04.378+05:30  WARN 27148 --- [finapp-backend] [http-nio-2002-exec-10] o.a.pdfbox.pdmodel.font.PDType0Font      : No Unicode mapping for CID+108 (108) in font AllAndNone
2026-08-09T16:12:04.379+05:30  WARN 27148 --- [finapp-backend] [http-nio-2002-exec-10] o.a.pdfbox.pdmodel.font.PDType0Font      : No Unicode mapping for CID+187 (187) in font AllAndNone
2026-08-09T16:12:04.379+05:30  WARN 27148 --- [finapp-backend] [http-nio-2002-exec-10] o.a.pdfbox.pdmodel.font.PDType0Font      : No Unicode mapping for CID+176 (176) in font AllAndNone
2026-08-09T16:12:04.379+05:30  WARN 27148 --- [finapp-backend] [http-nio-2002-exec-10] o.a.pdfbox.pdmodel.font.PDType0Font      : No Unicode mapping for CID+193 (193) in font AllAndNone
2026-08-09T16:12:04.379+05:30  WARN 27148 --- [finapp-backend] [http-nio-2002-exec-10] o.a.pdfbox.pdmodel.font.PDType0Font      : No Unicode mapping for CID+154 (154) in font AllAndNone
2026-08-09T16:12:04.379+05:30  WARN 27148 --- [finapp-backend] [http-nio-2002-exec-10] o.a.pdfbox.pdmodel.font.PDType0Font      : No Unicode mapping for CID+179 (179) in font AllAndNone
2026-08-09T16:12:04.379+05:30  WARN 27148 --- [finapp-backend] [http-nio-2002-exec-10] o.a.pdfbox.pdmodel.font.PDType0Font      : No Unicode mapping for CID+198 (198) in font AllAndNone
2026-08-09T16:12:04.379+05:30  WARN 27148 --- [finapp-backend] [http-nio-2002-exec-10] o.a.pdfbox.pdmodel.font.PDType0Font      : No Unicode mapping for CID+155 (155) in font AllAndNone
2026-08-09T16:12:04.379+05:30  WARN 27148 --- [finapp-backend] [http-nio-2002-exec-10] o.a.pdfbox.pdmodel.font.PDType0Font      : No Unicode mapping for CID+114 (114) in font AllAndNone
2026-08-09T16:12:04.379+05:30  WARN 27148 --- [finapp-backend] [http-nio-2002-exec-10] o.a.pdfbox.pdmodel.font.PDType0Font      : No Unicode mapping for CID+227 (227) in font AllAndNone
2026-08-09T16:12:04.379+05:30  WARN 27148 --- [finapp-backend] [http-nio-2002-exec-10] o.a.pdfbox.pdmodel.font.PDType0Font      : No Unicode mapping for CID+132 (132) in font AllAndNone
2026-08-09T16:12:04.380+05:30  WARN 27148 --- [finapp-backend] [http-nio-2002-exec-10] o.a.pdfbox.pdmodel.font.PDType0Font      : No Unicode mapping for CID+223 (223) in font AllAndNone
2026-08-09T16:12:04.380+05:30  WARN 27148 --- [finapp-backend] [http-nio-2002-exec-10] o.a.pdfbox.pdmodel.font.PDType0Font      : No Unicode mapping for CID+214 (214) in font AllAndNone
2026-08-09T16:12:04.380+05:30  WARN 27148 --- [finapp-backend] [http-nio-2002-exec-10] o.a.pdfbox.pdmodel.font.PDType0Font      : No Unicode mapping for CID+219 (219) in font AllAndNone
2026-08-09T16:12:04.380+05:30  WARN 27148 --- [finapp-backend] [http-nio-2002-exec-10] o.a.pdfbox.pdmodel.font.PDType0Font      : No Unicode mapping for CID+218 (218) in font AllAndNone
2026-08-09T16:12:04.380+05:30  WARN 27148 --- [finapp-backend] [http-nio-2002-exec-10] o.a.pdfbox.pdmodel.font.PDType0Font      : No Unicode mapping for CID+159 (159) in font AllAndNone
2026-08-09T16:12:04.380+05:30  WARN 27148 --- [finapp-backend] [http-nio-2002-exec-10] o.a.pdfbox.pdmodel.font.PDType0Font      : No Unicode mapping for CID+228 (228) in font AllAndNone
2026-08-09T16:12:04.380+05:30  WARN 27148 --- [finapp-backend] [http-nio-2002-exec-10] o.a.pdfbox.pdmodel.font.PDType0Font      : No Unicode mapping for CID+185 (185) in font AllAndNone
2026-08-09T16:12:04.380+05:30  WARN 27148 --- [finapp-backend] [http-nio-2002-exec-10] o.a.pdfbox.pdmodel.font.PDType0Font      : No Unicode mapping for CID+208 (208) in font AllAndNone
2026-08-09T16:12:04.380+05:30  WARN 27148 --- [finapp-backend] [http-nio-2002-exec-10] o.a.pdfbox.pdmodel.font.PDType0Font      : No Unicode mapping for CID+130 (130) in font AllAndNone
2026-08-09T16:12:04.380+05:30  WARN 27148 --- [finapp-backend] [http-nio-2002-exec-10] o.a.pdfbox.pdmodel.font.PDType0Font      : No Unicode mapping for CID+167 (167) in font AllAndNone
2026-08-09T16:12:04.380+05:30  WARN 27148 --- [finapp-backend] [http-nio-2002-exec-10] o.a.pdfbox.pdmodel.font.PDType0Font      : No Unicode mapping for CID+184 (184) in font AllAndNone
2026-08-09T16:12:04.380+05:30  WARN 27148 --- [finapp-backend] [http-nio-2002-exec-10] o.a.pdfbox.pdmodel.font.PDType0Font      : No Unicode mapping for CID+123 (123) in font AllAndNone
2026-08-09T16:12:04.380+05:30  WARN 27148 --- [finapp-backend] [http-nio-2002-exec-10] o.a.pdfbox.pdmodel.font.PDType0Font      : No Unicode mapping for CID+110 (110) in font AllAndNone
2026-08-09T16:12:04.380+05:30  WARN 27148 --- [finapp-backend] [http-nio-2002-exec-10] o.a.pdfbox.pdmodel.font.PDType0Font      : No Unicode mapping for CID+168 (168) in font AllAndNone
2026-08-09T16:12:04.381+05:30  WARN 27148 --- [finapp-backend] [http-nio-2002-exec-10] o.a.pdfbox.pdmodel.font.PDType0Font      : No Unicode mapping for CID+121 (121) in font AllAndNone
2026-08-09T16:12:04.381+05:30  WARN 27148 --- [finapp-backend] [http-nio-2002-exec-10] o.a.pdfbox.pdmodel.font.PDType0Font      : No Unicode mapping for CID+127 (127) in font AllAndNone
2026-08-09T16:12:04.381+05:30  WARN 27148 --- [finapp-backend] [http-nio-2002-exec-10] o.a.pdfbox.pdmodel.font.PDType0Font      : No Unicode mapping for CID+150 (150) in font AllAndNone
2026-08-09T16:12:04.381+05:30  WARN 27148 --- [finapp-backend] [http-nio-2002-exec-10] o.a.pdfbox.pdmodel.font.PDType0Font      : No Unicode mapping for CID+137 (137) in font AllAndNone
2026-08-09T16:12:04.381+05:30  WARN 27148 --- [finapp-backend] [http-nio-2002-exec-10] o.a.pdfbox.pdmodel.font.PDType0Font      : No Unicode mapping for CID+162 (162) in font AllAndNone
2026-08-09T16:12:04.381+05:30  WARN 27148 --- [finapp-backend] [http-nio-2002-exec-10] o.a.pdfbox.pdmodel.font.PDType0Font      : No Unicode mapping for CID+204 (204) in font AllAndNone
2026-08-09T16:12:04.381+05:30  WARN 27148 --- [finapp-backend] [http-nio-2002-exec-10] o.a.pdfbox.pdmodel.font.PDType0Font      : No Unicode mapping for CID+147 (147) in font AllAndNone
2026-08-09T16:12:04.381+05:30  WARN 27148 --- [finapp-backend] [http-nio-2002-exec-10] o.a.pdfbox.pdmodel.font.PDType0Font      : No Unicode mapping for CID+152 (152) in font AllAndNone
2026-08-09T16:12:04.381+05:30  WARN 27148 --- [finapp-backend] [http-nio-2002-exec-10] o.a.pdfbox.pdmodel.font.PDType0Font      : No Unicode mapping for CID+161 (161) in font AllAndNone
2026-08-09T16:12:04.381+05:30  WARN 27148 --- [finapp-backend] [http-nio-2002-exec-10] o.a.pdfbox.pdmodel.font.PDType0Font      : No Unicode mapping for CID+196 (196) in font AllAndNone
2026-08-09T16:12:04.381+05:30  WARN 27148 --- [finapp-backend] [http-nio-2002-exec-10] o.a.pdfbox.pdmodel.font.PDType0Font      : No Unicode mapping for CID+215 (215) in font AllAndNone
2026-08-09T16:12:04.381+05:30  WARN 27148 --- [finapp-backend] [http-nio-2002-exec-10] o.a.pdfbox.pdmodel.font.PDType0Font      : No Unicode mapping for CID+202 (202) in font AllAndNone
2026-08-09T16:12:04.381+05:30  WARN 27148 --- [finapp-backend] [http-nio-2002-exec-10] o.a.pdfbox.pdmodel.font.PDType0Font      : No Unicode mapping for CID+200 (200) in font AllAndNone
2026-08-09T16:12:04.381+05:30  WARN 27148 --- [finapp-backend] [http-nio-2002-exec-10] o.a.pdfbox.pdmodel.font.PDType0Font      : No Unicode mapping for CID+234 (234) in font AllAndNone
2026-08-09T16:12:04.381+05:30  WARN 27148 --- [finapp-backend] [http-nio-2002-exec-10] o.a.pdfbox.pdmodel.font.PDType0Font      : No Unicode mapping for CID+165 (165) in font AllAndNone
2026-08-09T16:12:04.381+05:30  WARN 27148 --- [finapp-backend] [http-nio-2002-exec-10] o.a.pdfbox.pdmodel.font.PDType0Font      : No Unicode mapping for CID+129 (129) in font AllAndNone
2026-08-09T16:12:04.381+05:30  WARN 27148 --- [finapp-backend] [http-nio-2002-exec-10] o.a.pdfbox.pdmodel.font.PDType0Font      : No Unicode mapping for CID+199 (199) in font AllAndNone
2026-08-09T16:12:04.381+05:30  WARN 27148 --- [finapp-backend] [http-nio-2002-exec-10] o.a.pdfbox.pdmodel.font.PDType0Font      : No Unicode mapping for CID+189 (189) in font AllAndNone
2026-08-09T16:12:04.381+05:30  WARN 27148 --- [finapp-backend] [http-nio-2002-exec-10] o.a.pdfbox.pdmodel.font.PDType0Font      : No Unicode mapping for CID+206 (206) in font AllAndNone
2026-08-09T16:12:04.382+05:30  WARN 27148 --- [finapp-backend] [http-nio-2002-exec-10] o.a.pdfbox.pdmodel.font.PDType0Font      : No Unicode mapping for CID+207 (207) in font AllAndNone
2026-08-09T16:12:04.382+05:30  WARN 27148 --- [finapp-backend] [http-nio-2002-exec-10] o.a.pdfbox.pdmodel.font.PDType0Font      : No Unicode mapping for CID+118 (118) in font AllAndNone
2026-08-09T16:12:04.383+05:30  WARN 27148 --- [finapp-backend] [http-nio-2002-exec-10] o.a.pdfbox.pdmodel.font.PDType0Font      : No Unicode mapping for CID+156 (156) in font AllAndNone
2026-08-09T16:12:04.383+05:30  WARN 27148 --- [finapp-backend] [http-nio-2002-exec-10] o.a.pdfbox.pdmodel.font.PDType0Font      : No Unicode mapping for CID+144 (144) in font AllAndNone
2026-08-09T16:12:04.383+05:30  WARN 27148 --- [finapp-backend] [http-nio-2002-exec-10] o.a.pdfbox.pdmodel.font.PDType0Font      : No Unicode mapping for CID+160 (160) in font AllAndNone
2026-08-09T16:12:04.383+05:30  WARN 27148 --- [finapp-backend] [http-nio-2002-exec-10] o.a.pdfbox.pdmodel.font.PDType0Font      : No Unicode mapping for CID+125 (125) in font AllAndNone
2026-08-09T16:12:04.383+05:30  WARN 27148 --- [finapp-backend] [http-nio-2002-exec-10] o.a.pdfbox.pdmodel.font.PDType0Font      : No Unicode mapping for CID+149 (149) in font AllAndNone
2026-08-09T16:12:04.383+05:30  WARN 27148 --- [finapp-backend] [http-nio-2002-exec-10] o.a.pdfbox.pdmodel.font.PDType0Font      : No Unicode mapping for CID+126 (126) in font AllAndNone
2026-08-09T16:12:04.383+05:30  WARN 27148 --- [finapp-backend] [http-nio-2002-exec-10] o.a.pdfbox.pdmodel.font.PDType0Font      : No Unicode mapping for CID+188 (188) in font AllAndNone
2026-08-09T16:12:04.383+05:30  WARN 27148 --- [finapp-backend] [http-nio-2002-exec-10] o.a.pdfbox.pdmodel.font.PDType0Font      : No Unicode mapping for CID+142 (142) in font AllAndNone
2026-08-09T16:12:04.383+05:30  WARN 27148 --- [finapp-backend] [http-nio-2002-exec-10] o.a.pdfbox.pdmodel.font.PDType0Font      : No Unicode mapping for CID+186 (186) in font AllAndNone
2026-08-09T16:12:04.383+05:30  WARN 27148 --- [finapp-backend] [http-nio-2002-exec-10] o.a.pdfbox.pdmodel.font.PDType0Font      : No Unicode mapping for CID+116 (116) in font AllAndNone
2026-08-09T16:12:04.383+05:30  WARN 27148 --- [finapp-backend] [http-nio-2002-exec-10] o.a.pdfbox.pdmodel.font.PDType0Font      : No Unicode mapping for CID+158 (158) in font AllAndNone
2026-08-09T16:12:04.383+05:30  WARN 27148 --- [finapp-backend] [http-nio-2002-exec-10] o.a.pdfbox.pdmodel.font.PDType0Font      : No Unicode mapping for CID+135 (135) in font AllAndNone
2026-08-09T16:12:04.383+05:30  WARN 27148 --- [finapp-backend] [http-nio-2002-exec-10] o.a.pdfbox.pdmodel.font.PDType0Font      : No Unicode mapping for CID+211 (211) in font AllAndNone
2026-08-09T16:12:04.384+05:30  WARN 27148 --- [finapp-backend] [http-nio-2002-exec-10] o.a.pdfbox.pdmodel.font.PDType0Font      : No Unicode mapping for CID+117 (117) in font AllAndNone
2026-08-09T16:12:04.384+05:30  WARN 27148 --- [finapp-backend] [http-nio-2002-exec-10] o.a.pdfbox.pdmodel.font.PDType0Font      : No Unicode mapping for CID+141 (141) in font AllAndNone
2026-08-09T16:12:04.384+05:30  WARN 27148 --- [finapp-backend] [http-nio-2002-exec-10] o.a.pdfbox.pdmodel.font.PDType0Font      : No Unicode mapping for CID+148 (148) in font AllAndNone
2026-08-09T16:12:04.384+05:30  WARN 27148 --- [finapp-backend] [http-nio-2002-exec-10] o.a.pdfbox.pdmodel.font.PDType0Font      : No Unicode mapping for CID+216 (216) in font AllAndNone
2026-08-09T16:12:04.384+05:30  WARN 27148 --- [finapp-backend] [http-nio-2002-exec-10] o.a.pdfbox.pdmodel.font.PDType0Font      : No Unicode mapping for CID+170 (170) in font AllAndNone
2026-08-09T16:12:04.384+05:30  WARN 27148 --- [finapp-backend] [http-nio-2002-exec-10] o.a.pdfbox.pdmodel.font.PDType0Font      : No Unicode mapping for CID+194 (194) in font AllAndNone
2026-08-09T16:12:04.384+05:30  WARN 27148 --- [finapp-backend] [http-nio-2002-exec-10] o.a.pdfbox.pdmodel.font.PDType0Font      : No Unicode mapping for CID+213 (213) in font AllAndNone
2026-08-09T16:12:04.384+05:30  WARN 27148 --- [finapp-backend] [http-nio-2002-exec-10] o.a.pdfbox.pdmodel.font.PDType0Font      : No Unicode mapping for CID+136 (136) in font AllAndNone
2026-08-09T16:12:04.384+05:30  WARN 27148 --- [finapp-backend] [http-nio-2002-exec-10] o.a.pdfbox.pdmodel.font.PDType0Font      : No Unicode mapping for CID+172 (172) in font AllAndNone
2026-08-09T16:12:04.384+05:30  WARN 27148 --- [finapp-backend] [http-nio-2002-exec-10] o.a.pdfbox.pdmodel.font.PDType0Font      : No Unicode mapping for CID+120 (120) in font AllAndNone
2026-08-09T16:12:04.384+05:30  WARN 27148 --- [finapp-backend] [http-nio-2002-exec-10] o.a.pdfbox.pdmodel.font.PDType0Font      : No Unicode mapping for CID+175 (175) in font AllAndNone
2026-08-09T16:12:04.384+05:30  WARN 27148 --- [finapp-backend] [http-nio-2002-exec-10] o.a.pdfbox.pdmodel.font.PDType0Font      : No Unicode mapping for CID+197 (197) in font AllAndNone
2026-08-09T16:12:04.385+05:30  WARN 27148 --- [finapp-backend] [http-nio-2002-exec-10] o.a.pdfbox.pdmodel.font.PDType0Font      : No Unicode mapping for CID+225 (225) in font AllAndNone
2026-08-09T16:12:04.385+05:30  WARN 27148 --- [finapp-backend] [http-nio-2002-exec-10] o.a.pdfbox.pdmodel.font.PDType0Font      : No Unicode mapping for CID+190 (190) in font AllAndNone
2026-08-09T16:12:04.385+05:30  WARN 27148 --- [finapp-backend] [http-nio-2002-exec-10] o.a.pdfbox.pdmodel.font.PDType0Font      : No Unicode mapping for CID+171 (171) in font AllAndNone
2026-08-09T16:12:04.385+05:30  WARN 27148 --- [finapp-backend] [http-nio-2002-exec-10] o.a.pdfbox.pdmodel.font.PDType0Font      : No Unicode mapping for CID+112 (112) in font AllAndNone
2026-08-09T16:12:04.385+05:30  WARN 27148 --- [finapp-backend] [http-nio-2002-exec-10] o.a.pdfbox.pdmodel.font.PDType0Font      : No Unicode mapping for CID+111 (111) in font AllAndNone
2026-08-09T16:12:04.385+05:30  WARN 27148 --- [finapp-backend] [http-nio-2002-exec-10] o.a.pdfbox.pdmodel.font.PDType0Font      : No Unicode mapping for CID+113 (113) in font AllAndNone
2026-08-09T16:12:04.385+05:30  WARN 27148 --- [finapp-backend] [http-nio-2002-exec-10] o.a.pdfbox.pdmodel.font.PDType0Font      : No Unicode mapping for CID+124 (124) in font AllAndNone
2026-08-09T16:12:04.385+05:30  WARN 27148 --- [finapp-backend] [http-nio-2002-exec-10] o.a.pdfbox.pdmodel.font.PDType0Font      : No Unicode mapping for CID+166 (166) in font AllAndNone
2026-08-09T16:12:04.385+05:30  WARN 27148 --- [finapp-backend] [http-nio-2002-exec-10] o.a.pdfbox.pdmodel.font.PDType0Font      : No Unicode mapping for CID+226 (226) in font AllAndNone
2026-08-09T16:12:04.385+05:30  WARN 27148 --- [finapp-backend] [http-nio-2002-exec-10] o.a.pdfbox.pdmodel.font.PDType0Font      : No Unicode mapping for CID+115 (115) in font AllAndNone
2026-08-09T16:12:04.385+05:30  WARN 27148 --- [finapp-backend] [http-nio-2002-exec-10] o.a.pdfbox.pdmodel.font.PDType0Font      : No Unicode mapping for CID+174 (174) in font AllAndNone
2026-08-09T16:12:04.385+05:30  WARN 27148 --- [finapp-backend] [http-nio-2002-exec-10] o.a.pdfbox.pdmodel.font.PDType0Font      : No Unicode mapping for CID+209 (209) in font AllAndNone
2026-08-09T16:12:04.385+05:30  WARN 27148 --- [finapp-backend] [http-nio-2002-exec-10] o.a.pdfbox.pdmodel.font.PDType0Font      : No Unicode mapping for CID+195 (195) in font AllAndNone
2026-08-09T16:12:04.385+05:30  WARN 27148 --- [finapp-backend] [http-nio-2002-exec-10] o.a.pdfbox.pdmodel.font.PDType0Font      : No Unicode mapping for CID+212 (212) in font AllAndNone
2026-08-09T16:12:04.385+05:30  WARN 27148 --- [finapp-backend] [http-nio-2002-exec-10] o.a.pdfbox.pdmodel.font.PDType0Font      : No Unicode mapping for CID+163 (163) in font AllAndNone
2026-08-09T16:12:04.385+05:30  WARN 27148 --- [finapp-backend] [http-nio-2002-exec-10] o.a.pdfbox.pdmodel.font.PDType0Font      : No Unicode mapping for CID+153 (153) in font AllAndNone
2026-08-09T16:12:04.385+05:30  WARN 27148 --- [finapp-backend] [http-nio-2002-exec-10] o.a.pdfbox.pdmodel.font.PDType0Font      : No Unicode mapping for CID+205 (205) in font AllAndNone
2026-08-09T16:12:04.385+05:30  WARN 27148 --- [finapp-backend] [http-nio-2002-exec-10] o.a.pdfbox.pdmodel.font.PDType0Font      : No Unicode mapping for CID+157 (157) in font AllAndNone
2026-08-09T16:12:04.386+05:30  WARN 27148 --- [finapp-backend] [http-nio-2002-exec-10] o.a.pdfbox.pdmodel.font.PDType0Font      : No Unicode mapping for CID+151 (151) in font AllAndNone
2026-08-09T16:12:04.386+05:30  WARN 27148 --- [finapp-backend] [http-nio-2002-exec-10] o.a.pdfbox.pdmodel.font.PDType0Font      : No Unicode mapping for CID+210 (210) in font AllAndNone
2026-08-09T16:12:04.386+05:30  WARN 27148 --- [finapp-backend] [http-nio-2002-exec-10] o.a.pdfbox.pdmodel.font.PDType0Font      : No Unicode mapping for CID+230 (230) in font AllAndNone
2026-08-09T16:12:04.386+05:30  WARN 27148 --- [finapp-backend] [http-nio-2002-exec-10] o.a.pdfbox.pdmodel.font.PDType0Font      : No Unicode mapping for CID+164 (164) in font AllAndNone
2026-08-09T16:12:04.386+05:30  WARN 27148 --- [finapp-backend] [http-nio-2002-exec-10] o.a.pdfbox.pdmodel.font.PDType0Font      : No Unicode mapping for CID+183 (183) in font AllAndNone
2026-08-09T16:12:04.386+05:30  WARN 27148 --- [finapp-backend] [http-nio-2002-exec-10] o.a.pdfbox.pdmodel.font.PDType0Font      : No Unicode mapping for CID+134 (134) in font AllAndNone
2026-08-09T16:12:04.386+05:30  WARN 27148 --- [finapp-backend] [http-nio-2002-exec-10] o.a.pdfbox.pdmodel.font.PDType0Font      : No Unicode mapping for CID+133 (133) in font AllAndNone
2026-08-09T16:12:04.386+05:30  WARN 27148 --- [finapp-backend] [http-nio-2002-exec-10] o.a.pdfbox.pdmodel.font.PDType0Font      : No Unicode mapping for CID+203 (203) in font AllAndNone
2026-08-09T16:12:04.386+05:30  WARN 27148 --- [finapp-backend] [http-nio-2002-exec-10] o.a.pdfbox.pdmodel.font.PDType0Font      : No Unicode mapping for CID+177 (177) in font AllAndNone
2026-08-09T16:12:04.386+05:30  WARN 27148 --- [finapp-backend] [http-nio-2002-exec-10] o.a.pdfbox.pdmodel.font.PDType0Font      : No Unicode mapping for CID+128 (128) in font AllAndNone
2026-08-09T16:12:04.386+05:30  WARN 27148 --- [finapp-backend] [http-nio-2002-exec-10] o.a.pdfbox.pdmodel.font.PDType0Font      : No Unicode mapping for CID+231 (231) in font AllAndNone
2026-08-09T16:12:04.386+05:30  WARN 27148 --- [finapp-backend] [http-nio-2002-exec-10] o.a.pdfbox.pdmodel.font.PDType0Font      : No Unicode mapping for CID+109 (109) in font AllAndNone
2026-08-09T16:12:04.386+05:30  WARN 27148 --- [finapp-backend] [http-nio-2002-exec-10] o.a.pdfbox.pdmodel.font.PDType0Font      : No Unicode mapping for CID+122 (122) in font AllAndNone
2026-08-09T16:12:04.386+05:30  WARN 27148 --- [finapp-backend] [http-nio-2002-exec-10] o.a.pdfbox.pdmodel.font.PDType0Font      : No Unicode mapping for CID+180 (180) in font AllAndNone
2026-08-09T16:12:04.386+05:30  WARN 27148 --- [finapp-backend] [http-nio-2002-exec-10] o.a.pdfbox.pdmodel.font.PDType0Font      : No Unicode mapping for CID+232 (232) in font AllAndNone
2026-08-09T16:16:14.795+05:30  INFO 19516 --- [finapp-backend] [main] com.finapp.FinappApplication             : Starting FinappApplication using Java 21.0.6 with PID 19516 (E:\Finapp\backend\target\classes started by prash in E:\Finapp\backend)
2026-08-09T16:16:14.798+05:30  INFO 19516 --- [finapp-backend] [main] com.finapp.FinappApplication             : The following 1 profile is active: "dev"
2026-08-09T16:16:16.121+05:30  INFO 19516 --- [finapp-backend] [main] .s.d.r.c.RepositoryConfigurationDelegate : Bootstrapping Spring Data JPA repositories in DEFAULT mode.
2026-08-09T16:16:16.275+05:30  INFO 19516 --- [finapp-backend] [main] .s.d.r.c.RepositoryConfigurationDelegate : Finished Spring Data repository scanning in 142 ms. Found 15 JPA repository interfaces.
2026-08-09T16:16:17.043+05:30  INFO 19516 --- [finapp-backend] [main] o.s.b.w.embedded.tomcat.TomcatWebServer  : Tomcat initialized with port 2002 (http)
2026-08-09T16:16:17.060+05:30  INFO 19516 --- [finapp-backend] [main] o.apache.catalina.core.StandardService   : Starting service [Tomcat]
2026-08-09T16:16:17.060+05:30  INFO 19516 --- [finapp-backend] [main] o.apache.catalina.core.StandardEngine    : Starting Servlet engine: [Apache Tomcat/10.1.40]
2026-08-09T16:16:17.150+05:30  INFO 19516 --- [finapp-backend] [main] o.a.c.c.C.[Tomcat].[localhost].[/]       : Initializing Spring embedded WebApplicationContext
2026-08-09T16:16:17.151+05:30  INFO 19516 --- [finapp-backend] [main] w.s.c.ServletWebServerApplicationContext : Root WebApplicationContext: initialization completed in 2230 ms
2026-08-09T16:16:17.342+05:30  INFO 19516 --- [finapp-backend] [main] o.hibernate.jpa.internal.util.LogHelper  : HHH000204: Processing PersistenceUnitInfo [name: default]
2026-08-09T16:16:17.413+05:30  INFO 19516 --- [finapp-backend] [main] org.hibernate.Version                    : HHH000412: Hibernate ORM core version 6.6.13.Final
2026-08-09T16:16:17.460+05:30  INFO 19516 --- [finapp-backend] [main] o.h.c.internal.RegionFactoryInitiator    : HHH000026: Second-level cache disabled
2026-08-09T16:16:17.825+05:30  INFO 19516 --- [finapp-backend] [main] o.s.o.j.p.SpringPersistenceUnitInfo      : No LoadTimeWeaver setup: ignoring JPA class transformer
2026-08-09T16:16:17.868+05:30  INFO 19516 --- [finapp-backend] [main] com.zaxxer.hikari.HikariDataSource       : HikariPool-1 - Starting...
2026-08-09T16:16:18.091+05:30  INFO 19516 --- [finapp-backend] [main] com.zaxxer.hikari.pool.HikariPool        : HikariPool-1 - Added connection com.mysql.cj.jdbc.ConnectionImpl@59d5c537
2026-08-09T16:16:18.095+05:30  INFO 19516 --- [finapp-backend] [main] com.zaxxer.hikari.HikariDataSource       : HikariPool-1 - Start completed.
2026-08-09T16:16:18.164+05:30  WARN 19516 --- [finapp-backend] [main] org.hibernate.orm.deprecation            : HHH90000025: MySQLDialect does not need to be specified explicitly using 'hibernate.dialect' (remove the property setting and it will be selected by default)
2026-08-09T16:16:18.188+05:30  INFO 19516 --- [finapp-backend] [main] org.hibernate.orm.connections.pooling    : HHH10001005: Database info:
	Database JDBC URL [Connecting through datasource 'HikariDataSource (HikariPool-1)']
	Database driver: undefined/unknown
	Database version: 8.0.35
	Autocommit mode: undefined/unknown
	Isolation level: undefined/unknown
	Minimum pool size: undefined/unknown
	Maximum pool size: undefined/unknown
2026-08-09T16:16:20.248+05:30  INFO 19516 --- [finapp-backend] [main] o.h.e.t.j.p.i.JtaPlatformInitiator       : HHH000489: No JTA platform available (set 'hibernate.transaction.jta.platform' to enable JTA platform integration)
2026-08-09T16:16:20.538+05:30  INFO 19516 --- [finapp-backend] [main] j.LocalContainerEntityManagerFactoryBean : Initialized JPA EntityManagerFactory for persistence unit 'default'
2026-08-09T16:16:21.016+05:30  INFO 19516 --- [finapp-backend] [main] o.s.d.j.r.query.QueryEnhancerFactory     : Hibernate is in classpath; If applicable, HQL parser will be used.
2026-08-09T16:16:26.352+05:30  INFO 19516 --- [finapp-backend] [main] eAuthenticationProviderManagerConfigurer : Global AuthenticationManager configured with AuthenticationProvider bean with name authenticationProvider
2026-08-09T16:16:26.353+05:30  WARN 19516 --- [finapp-backend] [main] r$InitializeUserDetailsManagerConfigurer : Global AuthenticationManager configured with an AuthenticationProvider bean. UserDetailsService beans will not be used by Spring Security for automatically configuring username/password login. Consider removing the AuthenticationProvider bean. Alternatively, consider using the UserDetailsService in a manually instantiated DaoAuthenticationProvider. If the current configuration is intentional, to turn off this warning, increase the logging level of 'org.springframework.security.config.annotation.authentication.configuration.InitializeUserDetailsBeanManagerConfigurer' to ERROR
2026-08-09T16:16:26.629+05:30  WARN 19516 --- [finapp-backend] [main] JpaBaseConfiguration$JpaWebConfiguration : spring.jpa.open-in-view is enabled by default. Therefore, database queries may be performed during view rendering. Explicitly configure spring.jpa.open-in-view to disable this warning
2026-08-09T16:16:27.081+05:30 DEBUG 19516 --- [finapp-backend] [main] o.s.s.web.DefaultSecurityFilterChain     : Will secure any request with filters: DisableEncodeUrlFilter, WebAsyncManagerIntegrationFilter, SecurityContextHolderFilter, HeaderWriterFilter, CorsFilter, LogoutFilter, JwtAuthenticationFilter, RequestCacheAwareFilter, SecurityContextHolderAwareRequestFilter, AnonymousAuthenticationFilter, SessionManagementFilter, ExceptionTranslationFilter, AuthorizationFilter
2026-08-09T16:16:27.844+05:30  INFO 19516 --- [finapp-backend] [main] o.s.b.w.embedded.tomcat.TomcatWebServer  : Tomcat started on port 2002 (http) with context path '/'
2026-08-09T16:16:27.880+05:30  INFO 19516 --- [finapp-backend] [main] com.finapp.FinappApplication             : Started FinappApplication in 13.786 seconds (process running for 14.623)
2026-08-09T16:16:28.408+05:30  INFO 19516 --- [finapp-backend] [main] com.finapp.config.DummyDataSeeder        : Seeding dummy data for user: testaccount@test.com
2026-08-09T16:16:28.416+05:30  INFO 19516 --- [finapp-backend] [main] com.finapp.config.DummyDataSeeder        : Cashback data already exists, skipping...
2026-08-09T16:16:28.422+05:30  INFO 19516 --- [finapp-backend] [main] com.finapp.config.DummyDataSeeder        : Compounding data already exists, skipping...
2026-08-09T16:16:28.430+05:30  INFO 19516 --- [finapp-backend] [main] com.finapp.config.DummyDataSeeder        : Udhar data already exists, skipping...
2026-08-09T16:16:28.431+05:30  INFO 19516 --- [finapp-backend] [main] com.finapp.config.DummyDataSeeder        : Dummy data seeding completed!
2026-08-09T16:19:52.442+05:30  INFO 19516 --- [finapp-backend] [http-nio-2002-exec-2] o.a.c.c.C.[Tomcat].[localhost].[/]       : Initializing Spring DispatcherServlet 'dispatcherServlet'
2026-08-09T16:19:52.443+05:30  INFO 19516 --- [finapp-backend] [http-nio-2002-exec-2] o.s.web.servlet.DispatcherServlet        : Initializing Servlet 'dispatcherServlet'
2026-08-09T16:19:52.446+05:30  INFO 19516 --- [finapp-backend] [http-nio-2002-exec-2] o.s.web.servlet.DispatcherServlet        : Completed initialization in 3 ms
2026-08-09T16:19:52.474+05:30 DEBUG 19516 --- [finapp-backend] [http-nio-2002-exec-2] o.s.security.web.FilterChainProxy        : Securing GET /
2026-08-09T16:19:52.486+05:30 DEBUG 19516 --- [finapp-backend] [http-nio-2002-exec-2] o.s.s.w.a.AnonymousAuthenticationFilter  : Set SecurityContextHolder to anonymous SecurityContext
2026-08-09T16:19:52.489+05:30 DEBUG 19516 --- [finapp-backend] [http-nio-2002-exec-2] o.s.s.w.a.Http403ForbiddenEntryPoint     : Pre-authenticated entry point called. Rejecting access
2026-08-09T16:19:52.505+05:30 DEBUG 19516 --- [finapp-backend] [http-nio-2002-exec-2] o.s.security.web.FilterChainProxy        : Securing GET /error
2026-08-09T16:19:52.505+05:30 DEBUG 19516 --- [finapp-backend] [http-nio-2002-exec-2] o.s.s.w.a.AnonymousAuthenticationFilter  : Set SecurityContextHolder to anonymous SecurityContext
2026-08-09T16:19:52.506+05:30 DEBUG 19516 --- [finapp-backend] [http-nio-2002-exec-2] o.s.s.w.a.Http403ForbiddenEntryPoint     : Pre-authenticated entry point called. Rejecting access
2026-08-09T16:19:55.093+05:30 DEBUG 19516 --- [finapp-backend] [http-nio-2002-exec-5] o.s.security.web.FilterChainProxy        : Securing GET /
2026-08-09T16:19:55.093+05:30 DEBUG 19516 --- [finapp-backend] [http-nio-2002-exec-5] o.s.s.w.a.AnonymousAuthenticationFilter  : Set SecurityContextHolder to anonymous SecurityContext
2026-08-09T16:19:55.095+05:30 DEBUG 19516 --- [finapp-backend] [http-nio-2002-exec-5] o.s.s.w.a.Http403ForbiddenEntryPoint     : Pre-authenticated entry point called. Rejecting access
2026-08-09T16:19:55.098+05:30 DEBUG 19516 --- [finapp-backend] [http-nio-2002-exec-5] o.s.security.web.FilterChainProxy        : Securing GET /error
2026-08-09T16:19:55.098+05:30 DEBUG 19516 --- [finapp-backend] [http-nio-2002-exec-5] o.s.s.w.a.AnonymousAuthenticationFilter  : Set SecurityContextHolder to anonymous SecurityContext
2026-08-09T16:19:55.099+05:30 DEBUG 19516 --- [finapp-backend] [http-nio-2002-exec-5] o.s.s.w.a.Http403ForbiddenEntryPoint     : Pre-authenticated entry point called. Rejecting access
2026-08-09T16:27:05.605+05:30  INFO 23536 --- [finapp-backend] [main] com.finapp.FinappApplication             : Starting FinappApplication using Java 21.0.6 with PID 23536 (E:\Finapp\backend\target\classes started by prash in E:\Finapp\backend)
2026-08-09T16:27:05.607+05:30  INFO 23536 --- [finapp-backend] [main] com.finapp.FinappApplication             : The following 1 profile is active: "dev"
2026-08-09T16:27:06.979+05:30  INFO 23536 --- [finapp-backend] [main] .s.d.r.c.RepositoryConfigurationDelegate : Bootstrapping Spring Data JPA repositories in DEFAULT mode.
2026-08-09T16:27:07.138+05:30  INFO 23536 --- [finapp-backend] [main] .s.d.r.c.RepositoryConfigurationDelegate : Finished Spring Data repository scanning in 147 ms. Found 15 JPA repository interfaces.
2026-08-09T16:27:07.898+05:30  INFO 23536 --- [finapp-backend] [main] o.s.b.w.embedded.tomcat.TomcatWebServer  : Tomcat initialized with port 2002 (http)
2026-08-09T16:27:07.917+05:30  INFO 23536 --- [finapp-backend] [main] o.apache.catalina.core.StandardService   : Starting service [Tomcat]
2026-08-09T16:27:07.917+05:30  INFO 23536 --- [finapp-backend] [main] o.apache.catalina.core.StandardEngine    : Starting Servlet engine: [Apache Tomcat/10.1.40]
2026-08-09T16:27:08.007+05:30  INFO 23536 --- [finapp-backend] [main] o.a.c.c.C.[Tomcat].[localhost].[/]       : Initializing Spring embedded WebApplicationContext
2026-08-09T16:27:08.008+05:30  INFO 23536 --- [finapp-backend] [main] w.s.c.ServletWebServerApplicationContext : Root WebApplicationContext: initialization completed in 2334 ms
2026-08-09T16:27:08.181+05:30  INFO 23536 --- [finapp-backend] [main] o.hibernate.jpa.internal.util.LogHelper  : HHH000204: Processing PersistenceUnitInfo [name: default]
2026-08-09T16:27:08.253+05:30  INFO 23536 --- [finapp-backend] [main] org.hibernate.Version                    : HHH000412: Hibernate ORM core version 6.6.13.Final
2026-08-09T16:27:08.297+05:30  INFO 23536 --- [finapp-backend] [main] o.h.c.internal.RegionFactoryInitiator    : HHH000026: Second-level cache disabled
2026-08-09T16:27:08.653+05:30  INFO 23536 --- [finapp-backend] [main] o.s.o.j.p.SpringPersistenceUnitInfo      : No LoadTimeWeaver setup: ignoring JPA class transformer
2026-08-09T16:27:08.692+05:30  INFO 23536 --- [finapp-backend] [main] com.zaxxer.hikari.HikariDataSource       : HikariPool-1 - Starting...
2026-08-09T16:27:08.915+05:30  INFO 23536 --- [finapp-backend] [main] com.zaxxer.hikari.pool.HikariPool        : HikariPool-1 - Added connection com.mysql.cj.jdbc.ConnectionImpl@405d8a80
2026-08-09T16:27:08.917+05:30  INFO 23536 --- [finapp-backend] [main] com.zaxxer.hikari.HikariDataSource       : HikariPool-1 - Start completed.
2026-08-09T16:27:08.982+05:30  WARN 23536 --- [finapp-backend] [main] org.hibernate.orm.deprecation            : HHH90000025: MySQLDialect does not need to be specified explicitly using 'hibernate.dialect' (remove the property setting and it will be selected by default)
2026-08-09T16:27:09.005+05:30  INFO 23536 --- [finapp-backend] [main] org.hibernate.orm.connections.pooling    : HHH10001005: Database info:
	Database JDBC URL [Connecting through datasource 'HikariDataSource (HikariPool-1)']
	Database driver: undefined/unknown
	Database version: 8.0.35
	Autocommit mode: undefined/unknown
	Isolation level: undefined/unknown
	Minimum pool size: undefined/unknown
	Maximum pool size: undefined/unknown
2026-08-09T16:27:10.826+05:30  INFO 23536 --- [finapp-backend] [main] o.h.e.t.j.p.i.JtaPlatformInitiator       : HHH000489: No JTA platform available (set 'hibernate.transaction.jta.platform' to enable JTA platform integration)
2026-08-09T16:27:11.090+05:30  INFO 23536 --- [finapp-backend] [main] j.LocalContainerEntityManagerFactoryBean : Initialized JPA EntityManagerFactory for persistence unit 'default'
2026-08-09T16:27:11.697+05:30  INFO 23536 --- [finapp-backend] [main] o.s.d.j.r.query.QueryEnhancerFactory     : Hibernate is in classpath; If applicable, HQL parser will be used.
2026-08-09T16:27:16.891+05:30  INFO 23536 --- [finapp-backend] [main] eAuthenticationProviderManagerConfigurer : Global AuthenticationManager configured with AuthenticationProvider bean with name authenticationProvider
2026-08-09T16:27:16.893+05:30  WARN 23536 --- [finapp-backend] [main] r$InitializeUserDetailsManagerConfigurer : Global AuthenticationManager configured with an AuthenticationProvider bean. UserDetailsService beans will not be used by Spring Security for automatically configuring username/password login. Consider removing the AuthenticationProvider bean. Alternatively, consider using the UserDetailsService in a manually instantiated DaoAuthenticationProvider. If the current configuration is intentional, to turn off this warning, increase the logging level of 'org.springframework.security.config.annotation.authentication.configuration.InitializeUserDetailsBeanManagerConfigurer' to ERROR
2026-08-09T16:27:17.185+05:30  WARN 23536 --- [finapp-backend] [main] JpaBaseConfiguration$JpaWebConfiguration : spring.jpa.open-in-view is enabled by default. Therefore, database queries may be performed during view rendering. Explicitly configure spring.jpa.open-in-view to disable this warning
2026-08-09T16:27:17.586+05:30 DEBUG 23536 --- [finapp-backend] [main] o.s.s.web.DefaultSecurityFilterChain     : Will secure any request with filters: DisableEncodeUrlFilter, WebAsyncManagerIntegrationFilter, SecurityContextHolderFilter, HeaderWriterFilter, CorsFilter, LogoutFilter, JwtAuthenticationFilter, RequestCacheAwareFilter, SecurityContextHolderAwareRequestFilter, AnonymousAuthenticationFilter, SessionManagementFilter, ExceptionTranslationFilter, AuthorizationFilter
2026-08-09T16:27:17.865+05:30  INFO 23536 --- [finapp-backend] [main] o.s.b.w.embedded.tomcat.TomcatWebServer  : Tomcat started on port 2002 (http) with context path '/'
2026-08-09T16:27:17.881+05:30  INFO 23536 --- [finapp-backend] [main] com.finapp.FinappApplication             : Started FinappApplication in 12.963 seconds (process running for 13.67)
2026-08-09T16:27:18.184+05:30  INFO 23536 --- [finapp-backend] [main] com.finapp.config.DummyDataSeeder        : Seeding dummy data for user: testaccount@test.com
2026-08-09T16:27:18.190+05:30  INFO 23536 --- [finapp-backend] [main] com.finapp.config.DummyDataSeeder        : Cashback data already exists, skipping...
2026-08-09T16:27:18.198+05:30  INFO 23536 --- [finapp-backend] [main] com.finapp.config.DummyDataSeeder        : Compounding data already exists, skipping...
2026-08-09T16:27:18.202+05:30  INFO 23536 --- [finapp-backend] [main] com.finapp.config.DummyDataSeeder        : Udhar data already exists, skipping...
2026-08-09T16:27:18.202+05:30  INFO 23536 --- [finapp-backend] [main] com.finapp.config.DummyDataSeeder        : Dummy data seeding completed!
2026-08-09T16:30:04.034+05:30  INFO 23536 --- [finapp-backend] [http-nio-2002-exec-1] o.a.c.c.C.[Tomcat].[localhost].[/]       : Initializing Spring DispatcherServlet 'dispatcherServlet'
2026-08-09T16:30:04.034+05:30  INFO 23536 --- [finapp-backend] [http-nio-2002-exec-1] o.s.web.servlet.DispatcherServlet        : Initializing Servlet 'dispatcherServlet'
2026-08-09T16:30:04.036+05:30  INFO 23536 --- [finapp-backend] [http-nio-2002-exec-1] o.s.web.servlet.DispatcherServlet        : Completed initialization in 2 ms
2026-08-09T16:30:04.066+05:30 DEBUG 23536 --- [finapp-backend] [http-nio-2002-exec-1] o.s.security.web.FilterChainProxy        : Securing OPTIONS /api/import/preview/bank-statement
2026-08-09T16:30:04.107+05:30 DEBUG 23536 --- [finapp-backend] [http-nio-2002-exec-2] o.s.security.web.FilterChainProxy        : Securing POST /api/import/preview/bank-statement
2026-08-09T16:30:04.333+05:30 DEBUG 23536 --- [finapp-backend] [http-nio-2002-exec-2] o.s.security.web.FilterChainProxy        : Secured POST /api/import/preview/bank-statement
2026-08-09T16:30:04.519+05:30  WARN 23536 --- [finapp-backend] [http-nio-2002-exec-2] o.a.p.p.e.StandardSecurityHandler        : Verification of permissions failed (EncryptMetadata)
2026-08-09T16:30:04.894+05:30  WARN 23536 --- [finapp-backend] [http-nio-2002-exec-2] o.a.pdfbox.pdmodel.font.PDType0Font      : No Unicode mapping for CID+106 (106) in font AllAndNone
2026-08-09T16:30:04.898+05:30  WARN 23536 --- [finapp-backend] [http-nio-2002-exec-2] o.a.pdfbox.pdmodel.font.PDType0Font      : No Unicode mapping for CID+13 (13) in font AllAndNone
2026-08-09T16:30:04.899+05:30  WARN 23536 --- [finapp-backend] [http-nio-2002-exec-2] o.a.pdfbox.pdmodel.font.PDType0Font      : No Unicode mapping for CID+8 (8) in font AllAndNone
2026-08-09T16:30:04.900+05:30  WARN 23536 --- [finapp-backend] [http-nio-2002-exec-2] o.a.pdfbox.pdmodel.font.PDType0Font      : No Unicode mapping for CID+21 (21) in font AllAndNone
2026-08-09T16:30:04.901+05:30  WARN 23536 --- [finapp-backend] [http-nio-2002-exec-2] o.a.pdfbox.pdmodel.font.PDType0Font      : No Unicode mapping for CID+27 (27) in font AllAndNone
2026-08-09T16:30:04.902+05:30  WARN 23536 --- [finapp-backend] [http-nio-2002-exec-2] o.a.pdfbox.pdmodel.font.PDType0Font      : No Unicode mapping for CID+101 (101) in font AllAndNone
2026-08-09T16:30:04.903+05:30  WARN 23536 --- [finapp-backend] [http-nio-2002-exec-2] o.a.pdfbox.pdmodel.font.PDType0Font      : No Unicode mapping for CID+64 (64) in font AllAndNone
2026-08-09T16:30:04.903+05:30  WARN 23536 --- [finapp-backend] [http-nio-2002-exec-2] o.a.pdfbox.pdmodel.font.PDType0Font      : No Unicode mapping for CID+18 (18) in font AllAndNone
2026-08-09T16:30:04.904+05:30  WARN 23536 --- [finapp-backend] [http-nio-2002-exec-2] o.a.pdfbox.pdmodel.font.PDType0Font      : No Unicode mapping for CID+100 (100) in font AllAndNone
2026-08-09T16:30:04.905+05:30  WARN 23536 --- [finapp-backend] [http-nio-2002-exec-2] o.a.pdfbox.pdmodel.font.PDType0Font      : No Unicode mapping for CID+42 (42) in font AllAndNone
2026-08-09T16:30:04.906+05:30  WARN 23536 --- [finapp-backend] [http-nio-2002-exec-2] o.a.pdfbox.pdmodel.font.PDType0Font      : No Unicode mapping for CID+6 (6) in font AllAndNone
2026-08-09T16:30:04.907+05:30  WARN 23536 --- [finapp-backend] [http-nio-2002-exec-2] o.a.pdfbox.pdmodel.font.PDType0Font      : No Unicode mapping for CID+32 (32) in font AllAndNone
2026-08-09T16:30:04.907+05:30  WARN 23536 --- [finapp-backend] [http-nio-2002-exec-2] o.a.pdfbox.pdmodel.font.PDType0Font      : No Unicode mapping for CID+107 (107) in font AllAndNone
2026-08-09T16:30:04.975+05:30  WARN 23536 --- [finapp-backend] [http-nio-2002-exec-2] o.a.pdfbox.pdmodel.font.PDType0Font      : No Unicode mapping for CID+235 (235) in font AllAndNone
2026-08-09T16:30:04.975+05:30  WARN 23536 --- [finapp-backend] [http-nio-2002-exec-2] o.a.pdfbox.pdmodel.font.PDType0Font      : No Unicode mapping for CID+173 (173) in font AllAndNone
2026-08-09T16:30:04.976+05:30  WARN 23536 --- [finapp-backend] [http-nio-2002-exec-2] o.a.pdfbox.pdmodel.font.PDType0Font      : No Unicode mapping for CID+201 (201) in font AllAndNone
2026-08-09T16:30:04.976+05:30  WARN 23536 --- [finapp-backend] [http-nio-2002-exec-2] o.a.pdfbox.pdmodel.font.PDType0Font      : No Unicode mapping for CID+108 (108) in font AllAndNone
2026-08-09T16:30:04.977+05:30  WARN 23536 --- [finapp-backend] [http-nio-2002-exec-2] o.a.pdfbox.pdmodel.font.PDType0Font      : No Unicode mapping for CID+187 (187) in font AllAndNone
2026-08-09T16:30:04.977+05:30  WARN 23536 --- [finapp-backend] [http-nio-2002-exec-2] o.a.pdfbox.pdmodel.font.PDType0Font      : No Unicode mapping for CID+176 (176) in font AllAndNone
2026-08-09T16:30:04.977+05:30  WARN 23536 --- [finapp-backend] [http-nio-2002-exec-2] o.a.pdfbox.pdmodel.font.PDType0Font      : No Unicode mapping for CID+193 (193) in font AllAndNone
2026-08-09T16:30:04.977+05:30  WARN 23536 --- [finapp-backend] [http-nio-2002-exec-2] o.a.pdfbox.pdmodel.font.PDType0Font      : No Unicode mapping for CID+154 (154) in font AllAndNone
2026-08-09T16:30:04.977+05:30  WARN 23536 --- [finapp-backend] [http-nio-2002-exec-2] o.a.pdfbox.pdmodel.font.PDType0Font      : No Unicode mapping for CID+179 (179) in font AllAndNone
2026-08-09T16:30:04.978+05:30  WARN 23536 --- [finapp-backend] [http-nio-2002-exec-2] o.a.pdfbox.pdmodel.font.PDType0Font      : No Unicode mapping for CID+198 (198) in font AllAndNone
2026-08-09T16:30:04.978+05:30  WARN 23536 --- [finapp-backend] [http-nio-2002-exec-2] o.a.pdfbox.pdmodel.font.PDType0Font      : No Unicode mapping for CID+155 (155) in font AllAndNone
2026-08-09T16:30:04.978+05:30  WARN 23536 --- [finapp-backend] [http-nio-2002-exec-2] o.a.pdfbox.pdmodel.font.PDType0Font      : No Unicode mapping for CID+114 (114) in font AllAndNone
2026-08-09T16:30:04.979+05:30  WARN 23536 --- [finapp-backend] [http-nio-2002-exec-2] o.a.pdfbox.pdmodel.font.PDType0Font      : No Unicode mapping for CID+227 (227) in font AllAndNone
2026-08-09T16:30:04.981+05:30  WARN 23536 --- [finapp-backend] [http-nio-2002-exec-2] o.a.pdfbox.pdmodel.font.PDType0Font      : No Unicode mapping for CID+132 (132) in font AllAndNone
2026-08-09T16:30:04.983+05:30  WARN 23536 --- [finapp-backend] [http-nio-2002-exec-2] o.a.pdfbox.pdmodel.font.PDType0Font      : No Unicode mapping for CID+223 (223) in font AllAndNone
2026-08-09T16:30:04.983+05:30  WARN 23536 --- [finapp-backend] [http-nio-2002-exec-2] o.a.pdfbox.pdmodel.font.PDType0Font      : No Unicode mapping for CID+214 (214) in font AllAndNone
2026-08-09T16:30:04.983+05:30  WARN 23536 --- [finapp-backend] [http-nio-2002-exec-2] o.a.pdfbox.pdmodel.font.PDType0Font      : No Unicode mapping for CID+219 (219) in font AllAndNone
2026-08-09T16:30:04.984+05:30  WARN 23536 --- [finapp-backend] [http-nio-2002-exec-2] o.a.pdfbox.pdmodel.font.PDType0Font      : No Unicode mapping for CID+218 (218) in font AllAndNone
2026-08-09T16:30:04.984+05:30  WARN 23536 --- [finapp-backend] [http-nio-2002-exec-2] o.a.pdfbox.pdmodel.font.PDType0Font      : No Unicode mapping for CID+159 (159) in font AllAndNone
2026-08-09T16:30:04.984+05:30  WARN 23536 --- [finapp-backend] [http-nio-2002-exec-2] o.a.pdfbox.pdmodel.font.PDType0Font      : No Unicode mapping for CID+228 (228) in font AllAndNone
2026-08-09T16:30:04.984+05:30  WARN 23536 --- [finapp-backend] [http-nio-2002-exec-2] o.a.pdfbox.pdmodel.font.PDType0Font      : No Unicode mapping for CID+185 (185) in font AllAndNone
2026-08-09T16:30:04.984+05:30  WARN 23536 --- [finapp-backend] [http-nio-2002-exec-2] o.a.pdfbox.pdmodel.font.PDType0Font      : No Unicode mapping for CID+208 (208) in font AllAndNone
2026-08-09T16:30:04.984+05:30  WARN 23536 --- [finapp-backend] [http-nio-2002-exec-2] o.a.pdfbox.pdmodel.font.PDType0Font      : No Unicode mapping for CID+130 (130) in font AllAndNone
2026-08-09T16:30:04.984+05:30  WARN 23536 --- [finapp-backend] [http-nio-2002-exec-2] o.a.pdfbox.pdmodel.font.PDType0Font      : No Unicode mapping for CID+167 (167) in font AllAndNone
2026-08-09T16:30:04.985+05:30  WARN 23536 --- [finapp-backend] [http-nio-2002-exec-2] o.a.pdfbox.pdmodel.font.PDType0Font      : No Unicode mapping for CID+184 (184) in font AllAndNone
2026-08-09T16:30:04.985+05:30  WARN 23536 --- [finapp-backend] [http-nio-2002-exec-2] o.a.pdfbox.pdmodel.font.PDType0Font      : No Unicode mapping for CID+123 (123) in font AllAndNone
2026-08-09T16:30:04.986+05:30  WARN 23536 --- [finapp-backend] [http-nio-2002-exec-2] o.a.pdfbox.pdmodel.font.PDType0Font      : No Unicode mapping for CID+110 (110) in font AllAndNone
2026-08-09T16:30:04.986+05:30  WARN 23536 --- [finapp-backend] [http-nio-2002-exec-2] o.a.pdfbox.pdmodel.font.PDType0Font      : No Unicode mapping for CID+168 (168) in font AllAndNone
2026-08-09T16:30:04.986+05:30  WARN 23536 --- [finapp-backend] [http-nio-2002-exec-2] o.a.pdfbox.pdmodel.font.PDType0Font      : No Unicode mapping for CID+121 (121) in font AllAndNone
2026-08-09T16:30:04.986+05:30  WARN 23536 --- [finapp-backend] [http-nio-2002-exec-2] o.a.pdfbox.pdmodel.font.PDType0Font      : No Unicode mapping for CID+127 (127) in font AllAndNone
2026-08-09T16:30:04.986+05:30  WARN 23536 --- [finapp-backend] [http-nio-2002-exec-2] o.a.pdfbox.pdmodel.font.PDType0Font      : No Unicode mapping for CID+150 (150) in font AllAndNone
2026-08-09T16:30:04.986+05:30  WARN 23536 --- [finapp-backend] [http-nio-2002-exec-2] o.a.pdfbox.pdmodel.font.PDType0Font      : No Unicode mapping for CID+137 (137) in font AllAndNone
2026-08-09T16:30:04.992+05:30  WARN 23536 --- [finapp-backend] [http-nio-2002-exec-2] o.a.pdfbox.pdmodel.font.PDType0Font      : No Unicode mapping for CID+162 (162) in font AllAndNone
2026-08-09T16:30:04.993+05:30  WARN 23536 --- [finapp-backend] [http-nio-2002-exec-2] o.a.pdfbox.pdmodel.font.PDType0Font      : No Unicode mapping for CID+204 (204) in font AllAndNone
2026-08-09T16:30:04.994+05:30  WARN 23536 --- [finapp-backend] [http-nio-2002-exec-2] o.a.pdfbox.pdmodel.font.PDType0Font      : No Unicode mapping for CID+147 (147) in font AllAndNone
2026-08-09T16:30:04.994+05:30  WARN 23536 --- [finapp-backend] [http-nio-2002-exec-2] o.a.pdfbox.pdmodel.font.PDType0Font      : No Unicode mapping for CID+152 (152) in font AllAndNone
2026-08-09T16:30:04.995+05:30  WARN 23536 --- [finapp-backend] [http-nio-2002-exec-2] o.a.pdfbox.pdmodel.font.PDType0Font      : No Unicode mapping for CID+161 (161) in font AllAndNone
2026-08-09T16:30:04.995+05:30  WARN 23536 --- [finapp-backend] [http-nio-2002-exec-2] o.a.pdfbox.pdmodel.font.PDType0Font      : No Unicode mapping for CID+196 (196) in font AllAndNone
2026-08-09T16:30:04.996+05:30  WARN 23536 --- [finapp-backend] [http-nio-2002-exec-2] o.a.pdfbox.pdmodel.font.PDType0Font      : No Unicode mapping for CID+215 (215) in font AllAndNone
2026-08-09T16:30:04.999+05:30  WARN 23536 --- [finapp-backend] [http-nio-2002-exec-2] o.a.pdfbox.pdmodel.font.PDType0Font      : No Unicode mapping for CID+202 (202) in font AllAndNone
2026-08-09T16:30:04.999+05:30  WARN 23536 --- [finapp-backend] [http-nio-2002-exec-2] o.a.pdfbox.pdmodel.font.PDType0Font      : No Unicode mapping for CID+200 (200) in font AllAndNone
2026-08-09T16:30:04.999+05:30  WARN 23536 --- [finapp-backend] [http-nio-2002-exec-2] o.a.pdfbox.pdmodel.font.PDType0Font      : No Unicode mapping for CID+234 (234) in font AllAndNone
2026-08-09T16:30:05.001+05:30  WARN 23536 --- [finapp-backend] [http-nio-2002-exec-2] o.a.pdfbox.pdmodel.font.PDType0Font      : No Unicode mapping for CID+165 (165) in font AllAndNone
2026-08-09T16:30:05.001+05:30  WARN 23536 --- [finapp-backend] [http-nio-2002-exec-2] o.a.pdfbox.pdmodel.font.PDType0Font      : No Unicode mapping for CID+129 (129) in font AllAndNone
2026-08-09T16:30:05.002+05:30  WARN 23536 --- [finapp-backend] [http-nio-2002-exec-2] o.a.pdfbox.pdmodel.font.PDType0Font      : No Unicode mapping for CID+199 (199) in font AllAndNone
2026-08-09T16:30:05.002+05:30  WARN 23536 --- [finapp-backend] [http-nio-2002-exec-2] o.a.pdfbox.pdmodel.font.PDType0Font      : No Unicode mapping for CID+189 (189) in font AllAndNone
2026-08-09T16:30:05.002+05:30  WARN 23536 --- [finapp-backend] [http-nio-2002-exec-2] o.a.pdfbox.pdmodel.font.PDType0Font      : No Unicode mapping for CID+206 (206) in font AllAndNone
2026-08-09T16:30:05.003+05:30  WARN 23536 --- [finapp-backend] [http-nio-2002-exec-2] o.a.pdfbox.pdmodel.font.PDType0Font      : No Unicode mapping for CID+207 (207) in font AllAndNone
2026-08-09T16:30:05.007+05:30  WARN 23536 --- [finapp-backend] [http-nio-2002-exec-2] o.a.pdfbox.pdmodel.font.PDType0Font      : No Unicode mapping for CID+118 (118) in font AllAndNone
2026-08-09T16:30:05.008+05:30  WARN 23536 --- [finapp-backend] [http-nio-2002-exec-2] o.a.pdfbox.pdmodel.font.PDType0Font      : No Unicode mapping for CID+156 (156) in font AllAndNone
2026-08-09T16:30:05.008+05:30  WARN 23536 --- [finapp-backend] [http-nio-2002-exec-2] o.a.pdfbox.pdmodel.font.PDType0Font      : No Unicode mapping for CID+144 (144) in font AllAndNone
2026-08-09T16:30:05.009+05:30  WARN 23536 --- [finapp-backend] [http-nio-2002-exec-2] o.a.pdfbox.pdmodel.font.PDType0Font      : No Unicode mapping for CID+160 (160) in font AllAndNone
2026-08-09T16:30:05.009+05:30  WARN 23536 --- [finapp-backend] [http-nio-2002-exec-2] o.a.pdfbox.pdmodel.font.PDType0Font      : No Unicode mapping for CID+125 (125) in font AllAndNone
2026-08-09T16:30:05.010+05:30  WARN 23536 --- [finapp-backend] [http-nio-2002-exec-2] o.a.pdfbox.pdmodel.font.PDType0Font      : No Unicode mapping for CID+149 (149) in font AllAndNone
2026-08-09T16:30:05.011+05:30  WARN 23536 --- [finapp-backend] [http-nio-2002-exec-2] o.a.pdfbox.pdmodel.font.PDType0Font      : No Unicode mapping for CID+126 (126) in font AllAndNone
2026-08-09T16:30:05.011+05:30  WARN 23536 --- [finapp-backend] [http-nio-2002-exec-2] o.a.pdfbox.pdmodel.font.PDType0Font      : No Unicode mapping for CID+188 (188) in font AllAndNone
2026-08-09T16:30:05.011+05:30  WARN 23536 --- [finapp-backend] [http-nio-2002-exec-2] o.a.pdfbox.pdmodel.font.PDType0Font      : No Unicode mapping for CID+142 (142) in font AllAndNone
2026-08-09T16:30:05.012+05:30  WARN 23536 --- [finapp-backend] [http-nio-2002-exec-2] o.a.pdfbox.pdmodel.font.PDType0Font      : No Unicode mapping for CID+186 (186) in font AllAndNone
2026-08-09T16:30:05.016+05:30  WARN 23536 --- [finapp-backend] [http-nio-2002-exec-2] o.a.pdfbox.pdmodel.font.PDType0Font      : No Unicode mapping for CID+116 (116) in font AllAndNone
2026-08-09T16:30:05.018+05:30  WARN 23536 --- [finapp-backend] [http-nio-2002-exec-2] o.a.pdfbox.pdmodel.font.PDType0Font      : No Unicode mapping for CID+158 (158) in font AllAndNone
2026-08-09T16:30:05.018+05:30  WARN 23536 --- [finapp-backend] [http-nio-2002-exec-2] o.a.pdfbox.pdmodel.font.PDType0Font      : No Unicode mapping for CID+135 (135) in font AllAndNone
2026-08-09T16:30:05.018+05:30  WARN 23536 --- [finapp-backend] [http-nio-2002-exec-2] o.a.pdfbox.pdmodel.font.PDType0Font      : No Unicode mapping for CID+211 (211) in font AllAndNone
2026-08-09T16:30:05.022+05:30  WARN 23536 --- [finapp-backend] [http-nio-2002-exec-2] o.a.pdfbox.pdmodel.font.PDType0Font      : No Unicode mapping for CID+117 (117) in font AllAndNone
2026-08-09T16:30:05.022+05:30  WARN 23536 --- [finapp-backend] [http-nio-2002-exec-2] o.a.pdfbox.pdmodel.font.PDType0Font      : No Unicode mapping for CID+141 (141) in font AllAndNone
2026-08-09T16:30:05.024+05:30  WARN 23536 --- [finapp-backend] [http-nio-2002-exec-2] o.a.pdfbox.pdmodel.font.PDType0Font      : No Unicode mapping for CID+148 (148) in font AllAndNone
2026-08-09T16:30:05.025+05:30  WARN 23536 --- [finapp-backend] [http-nio-2002-exec-2] o.a.pdfbox.pdmodel.font.PDType0Font      : No Unicode mapping for CID+216 (216) in font AllAndNone
2026-08-09T16:30:05.026+05:30  WARN 23536 --- [finapp-backend] [http-nio-2002-exec-2] o.a.pdfbox.pdmodel.font.PDType0Font      : No Unicode mapping for CID+170 (170) in font AllAndNone
2026-08-09T16:30:05.026+05:30  WARN 23536 --- [finapp-backend] [http-nio-2002-exec-2] o.a.pdfbox.pdmodel.font.PDType0Font      : No Unicode mapping for CID+194 (194) in font AllAndNone
2026-08-09T16:30:05.027+05:30  WARN 23536 --- [finapp-backend] [http-nio-2002-exec-2] o.a.pdfbox.pdmodel.font.PDType0Font      : No Unicode mapping for CID+213 (213) in font AllAndNone
2026-08-09T16:30:05.027+05:30  WARN 23536 --- [finapp-backend] [http-nio-2002-exec-2] o.a.pdfbox.pdmodel.font.PDType0Font      : No Unicode mapping for CID+136 (136) in font AllAndNone
2026-08-09T16:30:05.028+05:30  WARN 23536 --- [finapp-backend] [http-nio-2002-exec-2] o.a.pdfbox.pdmodel.font.PDType0Font      : No Unicode mapping for CID+172 (172) in font AllAndNone
2026-08-09T16:30:05.028+05:30  WARN 23536 --- [finapp-backend] [http-nio-2002-exec-2] o.a.pdfbox.pdmodel.font.PDType0Font      : No Unicode mapping for CID+120 (120) in font AllAndNone
2026-08-09T16:30:05.028+05:30  WARN 23536 --- [finapp-backend] [http-nio-2002-exec-2] o.a.pdfbox.pdmodel.font.PDType0Font      : No Unicode mapping for CID+175 (175) in font AllAndNone
2026-08-09T16:30:05.031+05:30  WARN 23536 --- [finapp-backend] [http-nio-2002-exec-2] o.a.pdfbox.pdmodel.font.PDType0Font      : No Unicode mapping for CID+197 (197) in font AllAndNone
2026-08-09T16:30:05.033+05:30  WARN 23536 --- [finapp-backend] [http-nio-2002-exec-2] o.a.pdfbox.pdmodel.font.PDType0Font      : No Unicode mapping for CID+225 (225) in font AllAndNone
2026-08-09T16:30:05.038+05:30  WARN 23536 --- [finapp-backend] [http-nio-2002-exec-2] o.a.pdfbox.pdmodel.font.PDType0Font      : No Unicode mapping for CID+190 (190) in font AllAndNone
2026-08-09T16:30:05.038+05:30  WARN 23536 --- [finapp-backend] [http-nio-2002-exec-2] o.a.pdfbox.pdmodel.font.PDType0Font      : No Unicode mapping for CID+171 (171) in font AllAndNone
2026-08-09T16:30:05.041+05:30  WARN 23536 --- [finapp-backend] [http-nio-2002-exec-2] o.a.pdfbox.pdmodel.font.PDType0Font      : No Unicode mapping for CID+112 (112) in font AllAndNone
2026-08-09T16:30:05.041+05:30  WARN 23536 --- [finapp-backend] [http-nio-2002-exec-2] o.a.pdfbox.pdmodel.font.PDType0Font      : No Unicode mapping for CID+111 (111) in font AllAndNone
2026-08-09T16:30:05.042+05:30  WARN 23536 --- [finapp-backend] [http-nio-2002-exec-2] o.a.pdfbox.pdmodel.font.PDType0Font      : No Unicode mapping for CID+113 (113) in font AllAndNone
2026-08-09T16:30:05.042+05:30  WARN 23536 --- [finapp-backend] [http-nio-2002-exec-2] o.a.pdfbox.pdmodel.font.PDType0Font      : No Unicode mapping for CID+124 (124) in font AllAndNone
2026-08-09T16:30:05.042+05:30  WARN 23536 --- [finapp-backend] [http-nio-2002-exec-2] o.a.pdfbox.pdmodel.font.PDType0Font      : No Unicode mapping for CID+166 (166) in font AllAndNone
2026-08-09T16:30:05.043+05:30  WARN 23536 --- [finapp-backend] [http-nio-2002-exec-2] o.a.pdfbox.pdmodel.font.PDType0Font      : No Unicode mapping for CID+226 (226) in font AllAndNone
2026-08-09T16:30:05.044+05:30  WARN 23536 --- [finapp-backend] [http-nio-2002-exec-2] o.a.pdfbox.pdmodel.font.PDType0Font      : No Unicode mapping for CID+115 (115) in font AllAndNone
2026-08-09T16:30:05.044+05:30  WARN 23536 --- [finapp-backend] [http-nio-2002-exec-2] o.a.pdfbox.pdmodel.font.PDType0Font      : No Unicode mapping for CID+174 (174) in font AllAndNone
2026-08-09T16:30:05.048+05:30  WARN 23536 --- [finapp-backend] [http-nio-2002-exec-2] o.a.pdfbox.pdmodel.font.PDType0Font      : No Unicode mapping for CID+209 (209) in font AllAndNone
2026-08-09T16:30:05.054+05:30  WARN 23536 --- [finapp-backend] [http-nio-2002-exec-2] o.a.pdfbox.pdmodel.font.PDType0Font      : No Unicode mapping for CID+195 (195) in font AllAndNone
2026-08-09T16:30:05.055+05:30  WARN 23536 --- [finapp-backend] [http-nio-2002-exec-2] o.a.pdfbox.pdmodel.font.PDType0Font      : No Unicode mapping for CID+212 (212) in font AllAndNone
2026-08-09T16:30:05.055+05:30  WARN 23536 --- [finapp-backend] [http-nio-2002-exec-2] o.a.pdfbox.pdmodel.font.PDType0Font      : No Unicode mapping for CID+163 (163) in font AllAndNone
2026-08-09T16:30:05.056+05:30  WARN 23536 --- [finapp-backend] [http-nio-2002-exec-2] o.a.pdfbox.pdmodel.font.PDType0Font      : No Unicode mapping for CID+153 (153) in font AllAndNone
2026-08-09T16:30:05.057+05:30  WARN 23536 --- [finapp-backend] [http-nio-2002-exec-2] o.a.pdfbox.pdmodel.font.PDType0Font      : No Unicode mapping for CID+205 (205) in font AllAndNone
2026-08-09T16:30:05.057+05:30  WARN 23536 --- [finapp-backend] [http-nio-2002-exec-2] o.a.pdfbox.pdmodel.font.PDType0Font      : No Unicode mapping for CID+157 (157) in font AllAndNone
2026-08-09T16:30:05.058+05:30  WARN 23536 --- [finapp-backend] [http-nio-2002-exec-2] o.a.pdfbox.pdmodel.font.PDType0Font      : No Unicode mapping for CID+151 (151) in font AllAndNone
2026-08-09T16:30:05.058+05:30  WARN 23536 --- [finapp-backend] [http-nio-2002-exec-2] o.a.pdfbox.pdmodel.font.PDType0Font      : No Unicode mapping for CID+210 (210) in font AllAndNone
2026-08-09T16:30:05.058+05:30  WARN 23536 --- [finapp-backend] [http-nio-2002-exec-2] o.a.pdfbox.pdmodel.font.PDType0Font      : No Unicode mapping for CID+230 (230) in font AllAndNone
2026-08-09T16:30:05.060+05:30  WARN 23536 --- [finapp-backend] [http-nio-2002-exec-2] o.a.pdfbox.pdmodel.font.PDType0Font      : No Unicode mapping for CID+164 (164) in font AllAndNone
2026-08-09T16:30:05.061+05:30  WARN 23536 --- [finapp-backend] [http-nio-2002-exec-2] o.a.pdfbox.pdmodel.font.PDType0Font      : No Unicode mapping for CID+183 (183) in font AllAndNone
2026-08-09T16:30:05.061+05:30  WARN 23536 --- [finapp-backend] [http-nio-2002-exec-2] o.a.pdfbox.pdmodel.font.PDType0Font      : No Unicode mapping for CID+134 (134) in font AllAndNone
2026-08-09T16:30:05.061+05:30  WARN 23536 --- [finapp-backend] [http-nio-2002-exec-2] o.a.pdfbox.pdmodel.font.PDType0Font      : No Unicode mapping for CID+133 (133) in font AllAndNone
2026-08-09T16:30:05.061+05:30  WARN 23536 --- [finapp-backend] [http-nio-2002-exec-2] o.a.pdfbox.pdmodel.font.PDType0Font      : No Unicode mapping for CID+203 (203) in font AllAndNone
2026-08-09T16:30:05.062+05:30  WARN 23536 --- [finapp-backend] [http-nio-2002-exec-2] o.a.pdfbox.pdmodel.font.PDType0Font      : No Unicode mapping for CID+177 (177) in font AllAndNone
2026-08-09T16:30:05.063+05:30  WARN 23536 --- [finapp-backend] [http-nio-2002-exec-2] o.a.pdfbox.pdmodel.font.PDType0Font      : No Unicode mapping for CID+128 (128) in font AllAndNone
2026-08-09T16:30:05.070+05:30  WARN 23536 --- [finapp-backend] [http-nio-2002-exec-2] o.a.pdfbox.pdmodel.font.PDType0Font      : No Unicode mapping for CID+231 (231) in font AllAndNone
2026-08-09T16:30:05.070+05:30  WARN 23536 --- [finapp-backend] [http-nio-2002-exec-2] o.a.pdfbox.pdmodel.font.PDType0Font      : No Unicode mapping for CID+109 (109) in font AllAndNone
2026-08-09T16:30:05.071+05:30  WARN 23536 --- [finapp-backend] [http-nio-2002-exec-2] o.a.pdfbox.pdmodel.font.PDType0Font      : No Unicode mapping for CID+122 (122) in font AllAndNone
2026-08-09T16:30:05.072+05:30  WARN 23536 --- [finapp-backend] [http-nio-2002-exec-2] o.a.pdfbox.pdmodel.font.PDType0Font      : No Unicode mapping for CID+180 (180) in font AllAndNone
2026-08-09T16:30:05.072+05:30  WARN 23536 --- [finapp-backend] [http-nio-2002-exec-2] o.a.pdfbox.pdmodel.font.PDType0Font      : No Unicode mapping for CID+232 (232) in font AllAndNone
2026-08-09T16:45:28.091+05:30 DEBUG 23536 --- [finapp-backend] [http-nio-2002-exec-4] o.s.security.web.FilterChainProxy        : Securing OPTIONS /api/dashboard/summary
2026-08-09T16:45:28.129+05:30 DEBUG 23536 --- [finapp-backend] [http-nio-2002-exec-5] o.s.security.web.FilterChainProxy        : Securing OPTIONS /api/dashboard/summary
2026-08-09T16:45:28.280+05:30 DEBUG 23536 --- [finapp-backend] [http-nio-2002-exec-6] o.s.security.web.FilterChainProxy        : Securing GET /api/dashboard/summary
2026-08-09T16:45:28.829+05:30 DEBUG 23536 --- [finapp-backend] [http-nio-2002-exec-6] o.s.security.web.FilterChainProxy        : Secured GET /api/dashboard/summary
2026-08-09T16:45:31.605+05:30 DEBUG 23536 --- [finapp-backend] [http-nio-2002-exec-7] o.s.security.web.FilterChainProxy        : Securing GET /api/dashboard/summary
2026-08-09T16:45:31.673+05:30 DEBUG 23536 --- [finapp-backend] [http-nio-2002-exec-8] o.s.security.web.FilterChainProxy        : Securing OPTIONS /api/dashboard/summary?startDate=2026-07-31&endDate=2026-08-30
2026-08-09T16:45:31.725+05:30 DEBUG 23536 --- [finapp-backend] [http-nio-2002-exec-8] o.s.security.web.FilterChainProxy        : Securing OPTIONS /api/budgets
2026-08-09T16:45:31.736+05:30 DEBUG 23536 --- [finapp-backend] [http-nio-2002-exec-4] o.s.security.web.FilterChainProxy        : Securing GET /api/dashboard/summary?startDate=2026-07-31&endDate=2026-08-30
2026-08-09T16:45:31.743+05:30 DEBUG 23536 --- [finapp-backend] [http-nio-2002-exec-7] o.s.security.web.FilterChainProxy        : Secured GET /api/dashboard/summary
2026-08-09T16:45:31.815+05:30 DEBUG 23536 --- [finapp-backend] [http-nio-2002-exec-4] o.s.security.web.FilterChainProxy        : Secured GET /api/dashboard/summary?startDate=2026-07-31&endDate=2026-08-30
2026-08-09T16:45:31.713+05:30 DEBUG 23536 --- [finapp-backend] [http-nio-2002-exec-10] o.s.security.web.FilterChainProxy        : Securing OPTIONS /api/cashback/wallets
2026-08-09T16:45:31.859+05:30 DEBUG 23536 --- [finapp-backend] [http-nio-2002-exec-1] o.s.security.web.FilterChainProxy        : Securing OPTIONS /api/dashboard/summary?startDate=2026-07-31&endDate=2026-08-30
2026-08-09T16:45:31.859+05:30 DEBUG 23536 --- [finapp-backend] [http-nio-2002-exec-2] o.s.security.web.FilterChainProxy        : Securing OPTIONS /api/cashback/wallets
2026-08-09T16:45:31.928+05:30 DEBUG 23536 --- [finapp-backend] [http-nio-2002-exec-9] o.s.security.web.FilterChainProxy        : Securing OPTIONS /api/budgets
2026-08-09T16:45:32.012+05:30 DEBUG 23536 --- [finapp-backend] [http-nio-2002-exec-5] o.s.security.web.FilterChainProxy        : Securing GET /api/budgets
2026-08-09T16:45:32.063+05:30 DEBUG 23536 --- [finapp-backend] [http-nio-2002-exec-1] o.s.security.web.FilterChainProxy        : Securing GET /api/cashback/wallets
2026-08-09T16:45:32.256+05:30 DEBUG 23536 --- [finapp-backend] [http-nio-2002-exec-1] o.s.security.web.FilterChainProxy        : Secured GET /api/cashback/wallets
2026-08-09T16:45:32.293+05:30 DEBUG 23536 --- [finapp-backend] [http-nio-2002-exec-5] o.s.security.web.FilterChainProxy        : Secured GET /api/budgets
2026-08-09T16:45:32.411+05:30 DEBUG 23536 --- [finapp-backend] [http-nio-2002-exec-6] o.s.security.web.FilterChainProxy        : Securing GET /api/dashboard/summary?startDate=2026-07-31&endDate=2026-08-30
2026-08-09T16:45:32.548+05:30 DEBUG 23536 --- [finapp-backend] [http-nio-2002-exec-3] o.s.security.web.FilterChainProxy        : Securing GET /api/budgets
2026-08-09T16:45:32.594+05:30 DEBUG 23536 --- [finapp-backend] [http-nio-2002-exec-8] o.s.security.web.FilterChainProxy        : Securing OPTIONS /api/transactions/budget/Miscellaneous?startDate=2026-07-31&endDate=2026-08-30
2026-08-09T16:45:32.626+05:30 DEBUG 23536 --- [finapp-backend] [http-nio-2002-exec-10] o.s.security.web.FilterChainProxy        : Securing OPTIONS /api/transactions/budget/Monthly Food Expense?startDate=2026-07-31&endDate=2026-08-30
2026-08-09T16:45:32.675+05:30 DEBUG 23536 --- [finapp-backend] [http-nio-2002-exec-8] o.s.security.web.FilterChainProxy        : Securing OPTIONS /api/transactions/budget/Monthly Total Expense?startDate=2026-07-31&endDate=2026-08-30
2026-08-09T16:45:32.809+05:30 DEBUG 23536 --- [finapp-backend] [http-nio-2002-exec-3] o.s.security.web.FilterChainProxy        : Secured GET /api/budgets
2026-08-09T16:45:32.809+05:30 DEBUG 23536 --- [finapp-backend] [http-nio-2002-exec-7] o.s.security.web.FilterChainProxy        : Securing OPTIONS /api/transactions/budget/Monthly Total Savings?startDate=2026-07-31&endDate=2026-08-30
2026-08-09T16:45:32.827+05:30 DEBUG 23536 --- [finapp-backend] [http-nio-2002-exec-2] o.s.security.web.FilterChainProxy        : Securing OPTIONS /api/transactions/budget/Monthly Revenue?startDate=2026-07-31&endDate=2026-08-30
2026-08-09T16:45:32.871+05:30 DEBUG 23536 --- [finapp-backend] [http-nio-2002-exec-4] o.s.security.web.FilterChainProxy        : Securing GET /api/transactions/budget/Monthly Food Expense?startDate=2026-07-31&endDate=2026-08-30
2026-08-09T16:45:32.830+05:30 DEBUG 23536 --- [finapp-backend] [http-nio-2002-exec-6] o.s.security.web.FilterChainProxy        : Secured GET /api/dashboard/summary?startDate=2026-07-31&endDate=2026-08-30
2026-08-09T16:45:32.848+05:30 DEBUG 23536 --- [finapp-backend] [http-nio-2002-exec-9] o.s.security.web.FilterChainProxy        : Securing OPTIONS /api/transactions/budget/Monthly Spend?startDate=2026-07-31&endDate=2026-08-30
2026-08-09T16:45:32.913+05:30 DEBUG 23536 --- [finapp-backend] [http-nio-2002-exec-2] o.s.security.web.FilterChainProxy        : Securing GET /api/transactions/budget/Miscellaneous?startDate=2026-07-31&endDate=2026-08-30
2026-08-09T16:45:32.996+05:30 DEBUG 23536 --- [finapp-backend] [http-nio-2002-exec-5] o.s.security.web.FilterChainProxy        : Securing GET /api/transactions/budget/Monthly Total Expense?startDate=2026-07-31&endDate=2026-08-30
2026-08-09T16:45:32.998+05:30 DEBUG 23536 --- [finapp-backend] [http-nio-2002-exec-10] o.s.security.web.FilterChainProxy        : Securing GET /api/transactions/budget/Monthly Total Savings?startDate=2026-07-31&endDate=2026-08-30
2026-08-09T16:45:33.006+05:30 DEBUG 23536 --- [finapp-backend] [http-nio-2002-exec-8] o.s.security.web.FilterChainProxy        : Securing GET /api/transactions/budget/Monthly Revenue?startDate=2026-07-31&endDate=2026-08-30
2026-08-09T16:45:33.023+05:30 DEBUG 23536 --- [finapp-backend] [http-nio-2002-exec-4] o.s.security.web.FilterChainProxy        : Secured GET /api/transactions/budget/Monthly Food Expense?startDate=2026-07-31&endDate=2026-08-30
2026-08-09T16:45:33.270+05:30 DEBUG 23536 --- [finapp-backend] [http-nio-2002-exec-2] o.s.security.web.FilterChainProxy        : Secured GET /api/transactions/budget/Miscellaneous?startDate=2026-07-31&endDate=2026-08-30
2026-08-09T16:45:33.319+05:30 DEBUG 23536 --- [finapp-backend] [http-nio-2002-exec-8] o.s.security.web.FilterChainProxy        : Secured GET /api/transactions/budget/Monthly Revenue?startDate=2026-07-31&endDate=2026-08-30
2026-08-09T16:45:33.349+05:30 DEBUG 23536 --- [finapp-backend] [http-nio-2002-exec-7] o.s.security.web.FilterChainProxy        : Securing GET /api/cashback/wallets
2026-08-09T16:45:33.418+05:30 DEBUG 23536 --- [finapp-backend] [http-nio-2002-exec-10] o.s.security.web.FilterChainProxy        : Secured GET /api/transactions/budget/Monthly Total Savings?startDate=2026-07-31&endDate=2026-08-30
2026-08-09T16:45:33.426+05:30 DEBUG 23536 --- [finapp-backend] [http-nio-2002-exec-5] o.s.security.web.FilterChainProxy        : Secured GET /api/transactions/budget/Monthly Total Expense?startDate=2026-07-31&endDate=2026-08-30
2026-08-09T16:45:33.571+05:30 DEBUG 23536 --- [finapp-backend] [http-nio-2002-exec-7] o.s.security.web.FilterChainProxy        : Secured GET /api/cashback/wallets
2026-08-09T16:45:33.842+05:30 DEBUG 23536 --- [finapp-backend] [http-nio-2002-exec-1] o.s.security.web.FilterChainProxy        : Securing OPTIONS /api/transactions/budget/Monthly Spend?startDate=2026-07-31&endDate=2026-08-30
2026-08-09T16:45:33.851+05:30 DEBUG 23536 --- [finapp-backend] [http-nio-2002-exec-3] o.s.security.web.FilterChainProxy        : Securing GET /api/transactions/budget/Monthly Spend?startDate=2026-07-31&endDate=2026-08-30
2026-08-09T16:45:33.852+05:30 DEBUG 23536 --- [finapp-backend] [http-nio-2002-exec-9] o.s.security.web.FilterChainProxy        : Securing GET /api/transactions/budget/Monthly Food Expense?startDate=2026-07-31&endDate=2026-08-30
2026-08-09T16:45:33.860+05:30 DEBUG 23536 --- [finapp-backend] [http-nio-2002-exec-4] o.s.security.web.FilterChainProxy        : Securing GET /api/transactions/budget/Monthly Total Savings?startDate=2026-07-31&endDate=2026-08-30
2026-08-09T16:45:34.183+05:30 DEBUG 23536 --- [finapp-backend] [http-nio-2002-exec-5] o.s.security.web.FilterChainProxy        : Securing GET /api/transactions/budget/Miscellaneous?startDate=2026-07-31&endDate=2026-08-30
2026-08-09T16:45:34.294+05:30 DEBUG 23536 --- [finapp-backend] [http-nio-2002-exec-7] o.s.security.web.FilterChainProxy        : Securing GET /api/transactions/budget/Monthly Total Expense?startDate=2026-07-31&endDate=2026-08-30
2026-08-09T16:45:34.374+05:30 DEBUG 23536 --- [finapp-backend] [http-nio-2002-exec-3] o.s.security.web.FilterChainProxy        : Secured GET /api/transactions/budget/Monthly Spend?startDate=2026-07-31&endDate=2026-08-30
2026-08-09T16:45:34.439+05:30 DEBUG 23536 --- [finapp-backend] [http-nio-2002-exec-4] o.s.security.web.FilterChainProxy        : Secured GET /api/transactions/budget/Monthly Total Savings?startDate=2026-07-31&endDate=2026-08-30
2026-08-09T16:45:34.634+05:30 DEBUG 23536 --- [finapp-backend] [http-nio-2002-exec-7] o.s.security.web.FilterChainProxy        : Secured GET /api/transactions/budget/Monthly Total Expense?startDate=2026-07-31&endDate=2026-08-30
2026-08-09T16:45:34.668+05:30 DEBUG 23536 --- [finapp-backend] [http-nio-2002-exec-4] o.s.security.web.FilterChainProxy        : Securing GET /api/transactions/budget/Monthly Revenue?startDate=2026-07-31&endDate=2026-08-30
2026-08-09T16:45:34.764+05:30 DEBUG 23536 --- [finapp-backend] [http-nio-2002-exec-3] o.s.security.web.FilterChainProxy        : Securing GET /api/transactions/budget/Monthly Spend?startDate=2026-07-31&endDate=2026-08-30
2026-08-09T16:45:34.870+05:30 DEBUG 23536 --- [finapp-backend] [http-nio-2002-exec-5] o.s.security.web.FilterChainProxy        : Secured GET /api/transactions/budget/Miscellaneous?startDate=2026-07-31&endDate=2026-08-30
2026-08-09T16:45:34.875+05:30 DEBUG 23536 --- [finapp-backend] [http-nio-2002-exec-9] o.s.security.web.FilterChainProxy        : Secured GET /api/transactions/budget/Monthly Food Expense?startDate=2026-07-31&endDate=2026-08-30
2026-08-09T16:45:34.977+05:30 DEBUG 23536 --- [finapp-backend] [http-nio-2002-exec-7] o.s.security.web.FilterChainProxy        : Securing OPTIONS /api/cashback/entries
2026-08-09T16:45:35.008+05:30 DEBUG 23536 --- [finapp-backend] [http-nio-2002-exec-3] o.s.security.web.FilterChainProxy        : Secured GET /api/transactions/budget/Monthly Spend?startDate=2026-07-31&endDate=2026-08-30
2026-08-09T16:45:35.023+05:30 DEBUG 23536 --- [finapp-backend] [http-nio-2002-exec-4] o.s.security.web.FilterChainProxy        : Secured GET /api/transactions/budget/Monthly Revenue?startDate=2026-07-31&endDate=2026-08-30
2026-08-09T16:45:35.106+05:30 DEBUG 23536 --- [finapp-backend] [http-nio-2002-exec-10] o.s.security.web.FilterChainProxy        : Securing OPTIONS /api/trading/analytics
2026-08-09T16:45:35.238+05:30 DEBUG 23536 --- [finapp-backend] [http-nio-2002-exec-3] o.s.security.web.FilterChainProxy        : Securing GET /api/trading/analytics
2026-08-09T16:45:35.328+05:30 DEBUG 23536 --- [finapp-backend] [http-nio-2002-exec-10] o.s.security.web.FilterChainProxy        : Securing GET /api/cashback/entries
2026-08-09T16:45:35.489+05:30 DEBUG 23536 --- [finapp-backend] [http-nio-2002-exec-3] o.s.security.web.FilterChainProxy        : Secured GET /api/trading/analytics
2026-08-09T16:45:35.774+05:30 DEBUG 23536 --- [finapp-backend] [http-nio-2002-exec-10] o.s.security.web.FilterChainProxy        : Secured GET /api/cashback/entries
2026-08-09T16:45:36.299+05:30 DEBUG 23536 --- [finapp-backend] [http-nio-2002-exec-1] o.s.security.web.FilterChainProxy        : Securing GET /api/trading/analytics
2026-08-09T16:45:36.371+05:30 DEBUG 23536 --- [finapp-backend] [http-nio-2002-exec-1] o.s.security.web.FilterChainProxy        : Secured GET /api/trading/analytics
2026-08-09T16:45:36.590+05:30 DEBUG 23536 --- [finapp-backend] [http-nio-2002-exec-8] o.s.security.web.FilterChainProxy        : Securing GET /api/cashback/entries
2026-08-09T16:45:36.705+05:30 DEBUG 23536 --- [finapp-backend] [http-nio-2002-exec-8] o.s.security.web.FilterChainProxy        : Secured GET /api/cashback/entries
2026-08-09T16:55:10.011+05:30 DEBUG 23536 --- [finapp-backend] [http-nio-2002-exec-10] o.s.security.web.FilterChainProxy        : Securing OPTIONS /api/dashboard/summary
2026-08-09T16:55:10.011+05:30 DEBUG 23536 --- [finapp-backend] [http-nio-2002-exec-3] o.s.security.web.FilterChainProxy        : Securing OPTIONS /api/dashboard/summary
2026-08-09T16:55:10.016+05:30 DEBUG 23536 --- [finapp-backend] [http-nio-2002-exec-1] o.s.security.web.FilterChainProxy        : Securing GET /api/dashboard/summary
2026-08-09T16:55:10.037+05:30 DEBUG 23536 --- [finapp-backend] [http-nio-2002-exec-1] o.s.security.web.FilterChainProxy        : Secured GET /api/dashboard/summary
2026-08-09T16:55:10.347+05:30 DEBUG 23536 --- [finapp-backend] [http-nio-2002-exec-1] o.s.security.web.FilterChainProxy        : Securing GET /api/dashboard/summary
2026-08-09T16:55:10.507+05:30 DEBUG 23536 --- [finapp-backend] [http-nio-2002-exec-1] o.s.security.web.FilterChainProxy        : Secured GET /api/dashboard/summary
2026-08-09T16:55:11.438+05:30 DEBUG 23536 --- [finapp-backend] [http-nio-2002-exec-8] o.s.security.web.FilterChainProxy        : Securing OPTIONS /api/cashback/wallets
2026-08-09T16:55:11.438+05:30 DEBUG 23536 --- [finapp-backend] [http-nio-2002-exec-2] o.s.security.web.FilterChainProxy        : Securing OPTIONS /api/transactions?month=8&year=2026
2026-08-09T16:55:11.442+05:30 DEBUG 23536 --- [finapp-backend] [http-nio-2002-exec-6] o.s.security.web.FilterChainProxy        : Securing OPTIONS /api/cashback/wallets
2026-08-09T16:55:11.459+05:30 DEBUG 23536 --- [finapp-backend] [http-nio-2002-exec-2] o.s.security.web.FilterChainProxy        : Securing GET /api/cashback/wallets
2026-08-09T16:55:11.442+05:30 DEBUG 23536 --- [finapp-backend] [http-nio-2002-exec-7] o.s.security.web.FilterChainProxy        : Securing OPTIONS /api/transactions?month=8&year=2026
2026-08-09T16:55:11.456+05:30 DEBUG 23536 --- [finapp-backend] [http-nio-2002-exec-9] o.s.security.web.FilterChainProxy        : Securing GET /api/transactions?month=8&year=2026
2026-08-09T16:55:11.518+05:30 DEBUG 23536 --- [finapp-backend] [http-nio-2002-exec-2] o.s.security.web.FilterChainProxy        : Secured GET /api/cashback/wallets
2026-08-09T16:55:11.593+05:30 DEBUG 23536 --- [finapp-backend] [http-nio-2002-exec-9] o.s.security.web.FilterChainProxy        : Secured GET /api/transactions?month=8&year=2026
2026-08-09T16:55:11.645+05:30 DEBUG 23536 --- [finapp-backend] [http-nio-2002-exec-4] o.s.security.web.FilterChainProxy        : Securing GET /api/cashback/wallets
2026-08-09T16:55:11.821+05:30 DEBUG 23536 --- [finapp-backend] [http-nio-2002-exec-4] o.s.security.web.FilterChainProxy        : Secured GET /api/cashback/wallets
2026-08-09T16:55:11.985+05:30 DEBUG 23536 --- [finapp-backend] [http-nio-2002-exec-10] o.s.security.web.FilterChainProxy        : Securing GET /api/transactions?month=8&year=2026
2026-08-09T16:55:12.184+05:30 DEBUG 23536 --- [finapp-backend] [http-nio-2002-exec-10] o.s.security.web.FilterChainProxy        : Secured GET /api/transactions?month=8&year=2026
2026-08-09T16:55:15.544+05:30 DEBUG 23536 --- [finapp-backend] [http-nio-2002-exec-3] o.s.security.web.FilterChainProxy        : Securing OPTIONS /api/import-formats/type/BANK
2026-08-09T16:55:15.544+05:30 DEBUG 23536 --- [finapp-backend] [http-nio-2002-exec-1] o.s.security.web.FilterChainProxy        : Securing OPTIONS /api/import-formats/type/BANK
2026-08-09T16:55:15.548+05:30 DEBUG 23536 --- [finapp-backend] [http-nio-2002-exec-8] o.s.security.web.FilterChainProxy        : Securing GET /api/import-formats/type/BANK
2026-08-09T16:55:15.583+05:30 DEBUG 23536 --- [finapp-backend] [http-nio-2002-exec-8] o.s.security.web.FilterChainProxy        : Secured GET /api/import-formats/type/BANK
2026-08-09T16:55:15.668+05:30 DEBUG 23536 --- [finapp-backend] [http-nio-2002-exec-5] o.s.security.web.FilterChainProxy        : Securing GET /api/import-formats/type/BANK
2026-08-09T16:55:15.711+05:30 DEBUG 23536 --- [finapp-backend] [http-nio-2002-exec-5] o.s.security.web.FilterChainProxy        : Secured GET /api/import-formats/type/BANK
2026-08-09T16:55:32.100+05:30 DEBUG 23536 --- [finapp-backend] [http-nio-2002-exec-6] o.s.security.web.FilterChainProxy        : Securing OPTIONS /api/import/preview/bank-statement
2026-08-09T16:55:32.125+05:30 DEBUG 23536 --- [finapp-backend] [http-nio-2002-exec-7] o.s.security.web.FilterChainProxy        : Securing POST /api/import/preview/bank-statement
2026-08-09T16:55:32.208+05:30 DEBUG 23536 --- [finapp-backend] [http-nio-2002-exec-7] o.s.security.web.FilterChainProxy        : Secured POST /api/import/preview/bank-statement
2026-08-09T16:55:43.847+05:30 DEBUG 23536 --- [finapp-backend] [http-nio-2002-exec-2] o.s.security.web.FilterChainProxy        : Securing OPTIONS /api/import/preview/bank-statement
2026-08-09T16:55:43.851+05:30 DEBUG 23536 --- [finapp-backend] [http-nio-2002-exec-4] o.s.security.web.FilterChainProxy        : Securing POST /api/import/preview/bank-statement
2026-08-09T16:55:43.869+05:30 DEBUG 23536 --- [finapp-backend] [http-nio-2002-exec-4] o.s.security.web.FilterChainProxy        : Secured POST /api/import/preview/bank-statement
2026-08-09T16:55:47.816+05:30 DEBUG 23536 --- [finapp-backend] [http-nio-2002-exec-9] o.s.security.web.FilterChainProxy        : Securing POST /api/import/preview/bank-statement
2026-08-09T16:55:47.837+05:30 DEBUG 23536 --- [finapp-backend] [http-nio-2002-exec-9] o.s.security.web.FilterChainProxy        : Secured POST /api/import/preview/bank-statement
2026-08-09T16:55:49.034+05:30 DEBUG 23536 --- [finapp-backend] [http-nio-2002-exec-10] o.s.security.web.FilterChainProxy        : Securing OPTIONS /api/import/preview/bank-statement
2026-08-09T16:55:49.043+05:30 DEBUG 23536 --- [finapp-backend] [http-nio-2002-exec-1] o.s.security.web.FilterChainProxy        : Securing POST /api/import/preview/bank-statement
2026-08-09T16:55:49.082+05:30 DEBUG 23536 --- [finapp-backend] [http-nio-2002-exec-1] o.s.security.web.FilterChainProxy        : Secured POST /api/import/preview/bank-statement
2026-08-09T16:55:53.685+05:30 DEBUG 23536 --- [finapp-backend] [http-nio-2002-exec-3] o.s.security.web.FilterChainProxy        : Securing POST /api/import/preview/bank-statement
2026-08-09T16:55:53.695+05:30 DEBUG 23536 --- [finapp-backend] [http-nio-2002-exec-3] o.s.security.web.FilterChainProxy        : Secured POST /api/import/preview/bank-statement
2026-08-09T16:56:09.980+05:30 DEBUG 23536 --- [finapp-backend] [http-nio-2002-exec-8] o.s.security.web.FilterChainProxy        : Securing OPTIONS /api/import/preview/bank-statement
2026-08-09T16:56:09.987+05:30 DEBUG 23536 --- [finapp-backend] [http-nio-2002-exec-5] o.s.security.web.FilterChainProxy        : Securing POST /api/import/preview/bank-statement
2026-08-09T16:56:10.025+05:30 DEBUG 23536 --- [finapp-backend] [http-nio-2002-exec-5] o.s.security.web.FilterChainProxy        : Secured POST /api/import/preview/bank-statement
2026-08-09T16:56:16.943+05:30 DEBUG 23536 --- [finapp-backend] [http-nio-2002-exec-4] o.s.security.web.FilterChainProxy        : Securing OPTIONS /api/import/preview/bank-statement
2026-08-09T16:56:16.948+05:30 DEBUG 23536 --- [finapp-backend] [http-nio-2002-exec-9] o.s.security.web.FilterChainProxy        : Securing POST /api/import/preview/bank-statement
2026-08-09T16:56:16.960+05:30 DEBUG 23536 --- [finapp-backend] [http-nio-2002-exec-9] o.s.security.web.FilterChainProxy        : Secured POST /api/import/preview/bank-statement
2026-08-09T16:56:22.576+05:30 DEBUG 23536 --- [finapp-backend] [http-nio-2002-exec-10] o.s.security.web.FilterChainProxy        : Securing OPTIONS /api/transactions
2026-08-09T16:56:22.580+05:30 DEBUG 23536 --- [finapp-backend] [http-nio-2002-exec-1] o.s.security.web.FilterChainProxy        : Securing GET /api/transactions
2026-08-09T16:56:22.684+05:30 DEBUG 23536 --- [finapp-backend] [http-nio-2002-exec-1] o.s.security.web.FilterChainProxy        : Secured GET /api/transactions
2026-08-09T16:56:50.317+05:30 DEBUG 23536 --- [finapp-backend] [http-nio-2002-exec-3] o.s.security.web.FilterChainProxy        : Securing OPTIONS /api/dashboard/summary
2026-08-09T16:56:50.320+05:30 DEBUG 23536 --- [finapp-backend] [http-nio-2002-exec-8] o.s.security.web.FilterChainProxy        : Securing OPTIONS /api/dashboard/summary
2026-08-09T16:56:50.350+05:30 DEBUG 23536 --- [finapp-backend] [http-nio-2002-exec-5] o.s.security.web.FilterChainProxy        : Securing GET /api/dashboard/summary
2026-08-09T16:56:50.593+05:30 DEBUG 23536 --- [finapp-backend] [http-nio-2002-exec-5] o.s.security.web.FilterChainProxy        : Secured GET /api/dashboard/summary
2026-08-09T16:56:51.339+05:30 DEBUG 23536 --- [finapp-backend] [http-nio-2002-exec-6] o.s.security.web.FilterChainProxy        : Securing GET /api/dashboard/summary
2026-08-09T16:56:51.490+05:30 DEBUG 23536 --- [finapp-backend] [http-nio-2002-exec-6] o.s.security.web.FilterChainProxy        : Secured GET /api/dashboard/summary
2026-08-09T16:57:04.417+05:30 DEBUG 23536 --- [finapp-backend] [http-nio-2002-exec-7] o.s.security.web.FilterChainProxy        : Securing OPTIONS /api/cashback/wallets
2026-08-09T16:57:04.426+05:30 DEBUG 23536 --- [finapp-backend] [http-nio-2002-exec-4] o.s.security.web.FilterChainProxy        : Securing OPTIONS /api/cashback/wallets
2026-08-09T16:57:04.428+05:30 DEBUG 23536 --- [finapp-backend] [http-nio-2002-exec-2] o.s.security.web.FilterChainProxy        : Securing OPTIONS /api/transactions?month=8&year=2026
2026-08-09T16:57:04.432+05:30 DEBUG 23536 --- [finapp-backend] [http-nio-2002-exec-9] o.s.security.web.FilterChainProxy        : Securing OPTIONS /api/transactions?month=8&year=2026
2026-08-09T16:57:04.475+05:30 DEBUG 23536 --- [finapp-backend] [http-nio-2002-exec-7] o.s.security.web.FilterChainProxy        : Securing GET /api/cashback/wallets
2026-08-09T16:57:04.513+05:30 DEBUG 23536 --- [finapp-backend] [http-nio-2002-exec-3] o.s.security.web.FilterChainProxy        : Securing GET /api/transactions?month=8&year=2026
2026-08-09T16:57:04.727+05:30 DEBUG 23536 --- [finapp-backend] [http-nio-2002-exec-3] o.s.security.web.FilterChainProxy        : Secured GET /api/transactions?month=8&year=2026
2026-08-09T16:57:04.758+05:30 DEBUG 23536 --- [finapp-backend] [http-nio-2002-exec-7] o.s.security.web.FilterChainProxy        : Secured GET /api/cashback/wallets
2026-08-09T16:57:04.871+05:30 DEBUG 23536 --- [finapp-backend] [http-nio-2002-exec-8] o.s.security.web.FilterChainProxy        : Securing GET /api/cashback/wallets
2026-08-09T16:57:05.145+05:30 DEBUG 23536 --- [finapp-backend] [http-nio-2002-exec-8] o.s.security.web.FilterChainProxy        : Secured GET /api/cashback/wallets
2026-08-09T16:57:05.198+05:30 DEBUG 23536 --- [finapp-backend] [http-nio-2002-exec-5] o.s.security.web.FilterChainProxy        : Securing GET /api/transactions?month=8&year=2026
2026-08-09T16:57:05.356+05:30 DEBUG 23536 --- [finapp-backend] [http-nio-2002-exec-5] o.s.security.web.FilterChainProxy        : Secured GET /api/transactions?month=8&year=2026
2026-08-09T16:57:05.478+05:30 DEBUG 23536 --- [finapp-backend] [http-nio-2002-exec-10] o.s.security.web.FilterChainProxy        : Securing OPTIONS /api/dashboard/summary
2026-08-09T16:57:05.486+05:30 DEBUG 23536 --- [finapp-backend] [http-nio-2002-exec-6] o.s.security.web.FilterChainProxy        : Securing OPTIONS /api/dashboard/summary
2026-08-09T16:57:05.520+05:30 DEBUG 23536 --- [finapp-backend] [http-nio-2002-exec-6] o.s.security.web.FilterChainProxy        : Securing GET /api/dashboard/summary
2026-08-09T16:57:05.558+05:30 DEBUG 23536 --- [finapp-backend] [http-nio-2002-exec-6] o.s.security.web.FilterChainProxy        : Secured GET /api/dashboard/summary
2026-08-09T16:57:06.368+05:30 DEBUG 23536 --- [finapp-backend] [http-nio-2002-exec-4] o.s.security.web.FilterChainProxy        : Securing GET /api/dashboard/summary
2026-08-09T16:57:06.517+05:30 DEBUG 23536 --- [finapp-backend] [http-nio-2002-exec-4] o.s.security.web.FilterChainProxy        : Secured GET /api/dashboard/summary
2026-08-09T16:57:08.888+05:30 DEBUG 23536 --- [finapp-backend] [http-nio-2002-exec-2] o.s.security.web.FilterChainProxy        : Securing OPTIONS /api/assets/type/LIABILITY
2026-08-09T16:57:08.982+05:30 DEBUG 23536 --- [finapp-backend] [http-nio-2002-exec-9] o.s.security.web.FilterChainProxy        : Securing GET /api/assets/type/LIABILITY
2026-08-09T16:57:09.111+05:30 DEBUG 23536 --- [finapp-backend] [http-nio-2002-exec-9] o.s.security.web.FilterChainProxy        : Secured GET /api/assets/type/LIABILITY
2026-08-09T16:57:11.791+05:30 DEBUG 23536 --- [finapp-backend] [http-nio-2002-exec-7] o.s.security.web.FilterChainProxy        : Securing OPTIONS /api/transactions/source/ICICI Amazon Pay
2026-08-09T16:57:11.798+05:30 DEBUG 23536 --- [finapp-backend] [http-nio-2002-exec-7] o.s.security.web.FilterChainProxy        : Securing GET /api/transactions/source/ICICI Amazon Pay
2026-08-09T16:57:11.849+05:30 DEBUG 23536 --- [finapp-backend] [http-nio-2002-exec-7] o.s.security.web.FilterChainProxy        : Secured GET /api/transactions/source/ICICI Amazon Pay
2026-08-09T16:57:22.102+05:30 DEBUG 23536 --- [finapp-backend] [http-nio-2002-exec-8] o.s.security.web.FilterChainProxy        : Securing OPTIONS /api/cashback/wallets
2026-08-09T16:57:22.106+05:30 DEBUG 23536 --- [finapp-backend] [http-nio-2002-exec-10] o.s.security.web.FilterChainProxy        : Securing OPTIONS /api/transactions?month=8&year=2026
2026-08-09T16:57:22.106+05:30 DEBUG 23536 --- [finapp-backend] [http-nio-2002-exec-5] o.s.security.web.FilterChainProxy        : Securing OPTIONS /api/cashback/wallets
2026-08-09T16:57:22.106+05:30 DEBUG 23536 --- [finapp-backend] [http-nio-2002-exec-6] o.s.security.web.FilterChainProxy        : Securing OPTIONS /api/transactions?month=8&year=2026
2026-08-09T16:57:22.114+05:30 DEBUG 23536 --- [finapp-backend] [http-nio-2002-exec-5] o.s.security.web.FilterChainProxy        : Securing GET /api/cashback/wallets
2026-08-09T16:57:22.121+05:30 DEBUG 23536 --- [finapp-backend] [http-nio-2002-exec-1] o.s.security.web.FilterChainProxy        : Securing GET /api/transactions?month=8&year=2026
2026-08-09T16:57:22.355+05:30 DEBUG 23536 --- [finapp-backend] [http-nio-2002-exec-1] o.s.security.web.FilterChainProxy        : Secured GET /api/transactions?month=8&year=2026
2026-08-09T16:57:22.355+05:30 DEBUG 23536 --- [finapp-backend] [http-nio-2002-exec-5] o.s.security.web.FilterChainProxy        : Secured GET /api/cashback/wallets
2026-08-09T16:57:22.528+05:30 DEBUG 23536 --- [finapp-backend] [http-nio-2002-exec-2] o.s.security.web.FilterChainProxy        : Securing GET /api/cashback/wallets
2026-08-09T16:57:22.824+05:30 DEBUG 23536 --- [finapp-backend] [http-nio-2002-exec-2] o.s.security.web.FilterChainProxy        : Secured GET /api/cashback/wallets
2026-08-09T16:57:22.840+05:30 DEBUG 23536 --- [finapp-backend] [http-nio-2002-exec-9] o.s.security.web.FilterChainProxy        : Securing GET /api/transactions?month=8&year=2026
2026-08-09T16:57:23.131+05:30 DEBUG 23536 --- [finapp-backend] [http-nio-2002-exec-9] o.s.security.web.FilterChainProxy        : Secured GET /api/transactions?month=8&year=2026
2026-08-09T16:57:26.421+05:30 DEBUG 23536 --- [finapp-backend] [http-nio-2002-exec-3] o.s.security.web.FilterChainProxy        : Securing OPTIONS /api/import-formats/type/CREDIT_CARD
2026-08-09T16:57:26.421+05:30 DEBUG 23536 --- [finapp-backend] [http-nio-2002-exec-7] o.s.security.web.FilterChainProxy        : Securing OPTIONS /api/import-formats/type/CREDIT_CARD
2026-08-09T16:57:26.447+05:30 DEBUG 23536 --- [finapp-backend] [http-nio-2002-exec-3] o.s.security.web.FilterChainProxy        : Securing GET /api/import-formats/type/CREDIT_CARD
2026-08-09T16:57:26.628+05:30 DEBUG 23536 --- [finapp-backend] [http-nio-2002-exec-3] o.s.security.web.FilterChainProxy        : Secured GET /api/import-formats/type/CREDIT_CARD
2026-08-09T16:57:26.761+05:30 DEBUG 23536 --- [finapp-backend] [http-nio-2002-exec-3] o.s.security.web.FilterChainProxy        : Securing GET /api/import-formats/type/CREDIT_CARD
2026-08-09T16:57:26.962+05:30 DEBUG 23536 --- [finapp-backend] [http-nio-2002-exec-3] o.s.security.web.FilterChainProxy        : Secured GET /api/import-formats/type/CREDIT_CARD
2026-08-09T16:57:44.106+05:30 DEBUG 23536 --- [finapp-backend] [http-nio-2002-exec-4] o.s.security.web.FilterChainProxy        : Securing OPTIONS /api/import/preview/bank-statement
2026-08-09T16:57:44.115+05:30 DEBUG 23536 --- [finapp-backend] [http-nio-2002-exec-6] o.s.security.web.FilterChainProxy        : Securing POST /api/import/preview/bank-statement
2026-08-09T16:57:44.164+05:30 DEBUG 23536 --- [finapp-backend] [http-nio-2002-exec-6] o.s.security.web.FilterChainProxy        : Secured POST /api/import/preview/bank-statement
2026-08-09T16:57:44.221+05:30  WARN 23536 --- [finapp-backend] [http-nio-2002-exec-6] .w.s.m.s.DefaultHandlerExceptionResolver : Resolved [org.springframework.web.multipart.MaxUploadSizeExceededException: Maximum upload size exceeded]
2026-08-09T16:57:44.240+05:30 DEBUG 23536 --- [finapp-backend] [http-nio-2002-exec-6] o.s.security.web.FilterChainProxy        : Securing POST /error
2026-08-09T16:57:44.246+05:30 DEBUG 23536 --- [finapp-backend] [http-nio-2002-exec-6] o.s.s.w.a.AnonymousAuthenticationFilter  : Set SecurityContextHolder to anonymous SecurityContext
2026-08-09T16:57:44.253+05:30 DEBUG 23536 --- [finapp-backend] [http-nio-2002-exec-6] o.s.s.w.a.Http403ForbiddenEntryPoint     : Pre-authenticated entry point called. Rejecting access
2026-08-09T16:57:55.200+05:30 DEBUG 23536 --- [finapp-backend] [http-nio-2002-exec-5] o.s.security.web.FilterChainProxy        : Securing OPTIONS /api/import/preview/bank-statement
2026-08-09T16:57:55.207+05:30 DEBUG 23536 --- [finapp-backend] [http-nio-2002-exec-1] o.s.security.web.FilterChainProxy        : Securing POST /api/import/preview/bank-statement
2026-08-09T16:57:55.231+05:30 DEBUG 23536 --- [finapp-backend] [http-nio-2002-exec-1] o.s.security.web.FilterChainProxy        : Secured POST /api/import/preview/bank-statement
2026-08-09T16:57:55.278+05:30  WARN 23536 --- [finapp-backend] [http-nio-2002-exec-1] .w.s.m.s.DefaultHandlerExceptionResolver : Resolved [org.springframework.web.multipart.MaxUploadSizeExceededException: Maximum upload size exceeded]
2026-08-09T16:57:55.279+05:30 DEBUG 23536 --- [finapp-backend] [http-nio-2002-exec-1] o.s.security.web.FilterChainProxy        : Securing POST /error
2026-08-09T16:57:55.281+05:30 DEBUG 23536 --- [finapp-backend] [http-nio-2002-exec-1] o.s.s.w.a.AnonymousAuthenticationFilter  : Set SecurityContextHolder to anonymous SecurityContext
2026-08-09T16:57:55.282+05:30 DEBUG 23536 --- [finapp-backend] [http-nio-2002-exec-1] o.s.s.w.a.Http403ForbiddenEntryPoint     : Pre-authenticated entry point called. Rejecting access
2026-08-09T16:57:56.297+05:30 DEBUG 23536 --- [finapp-backend] [http-nio-2002-exec-2] o.s.security.web.FilterChainProxy        : Securing POST /api/import/preview/bank-statement
2026-08-09T16:57:56.308+05:30 DEBUG 23536 --- [finapp-backend] [http-nio-2002-exec-2] o.s.security.web.FilterChainProxy        : Secured POST /api/import/preview/bank-statement
2026-08-09T16:57:56.381+05:30  WARN 23536 --- [finapp-backend] [http-nio-2002-exec-2] .w.s.m.s.DefaultHandlerExceptionResolver : Resolved [org.springframework.web.multipart.MaxUploadSizeExceededException: Maximum upload size exceeded]
2026-08-09T16:57:56.383+05:30 DEBUG 23536 --- [finapp-backend] [http-nio-2002-exec-2] o.s.security.web.FilterChainProxy        : Securing POST /error
2026-08-09T16:57:56.385+05:30 DEBUG 23536 --- [finapp-backend] [http-nio-2002-exec-2] o.s.s.w.a.AnonymousAuthenticationFilter  : Set SecurityContextHolder to anonymous SecurityContext
2026-08-09T16:57:56.394+05:30 DEBUG 23536 --- [finapp-backend] [http-nio-2002-exec-2] o.s.s.w.a.Http403ForbiddenEntryPoint     : Pre-authenticated entry point called. Rejecting access
2026-08-09T16:57:58.796+05:30 DEBUG 23536 --- [finapp-backend] [http-nio-2002-exec-9] o.s.security.web.FilterChainProxy        : Securing POST /api/import/preview/bank-statement
2026-08-09T16:57:58.810+05:30 DEBUG 23536 --- [finapp-backend] [http-nio-2002-exec-9] o.s.security.web.FilterChainProxy        : Secured POST /api/import/preview/bank-statement
2026-08-09T16:57:58.856+05:30  WARN 23536 --- [finapp-backend] [http-nio-2002-exec-9] .w.s.m.s.DefaultHandlerExceptionResolver : Resolved [org.springframework.web.multipart.MaxUploadSizeExceededException: Maximum upload size exceeded]
2026-08-09T16:57:58.857+05:30 DEBUG 23536 --- [finapp-backend] [http-nio-2002-exec-9] o.s.security.web.FilterChainProxy        : Securing POST /error
2026-08-09T16:57:58.858+05:30 DEBUG 23536 --- [finapp-backend] [http-nio-2002-exec-9] o.s.s.w.a.AnonymousAuthenticationFilter  : Set SecurityContextHolder to anonymous SecurityContext
2026-08-09T16:57:58.858+05:30 DEBUG 23536 --- [finapp-backend] [http-nio-2002-exec-9] o.s.s.w.a.Http403ForbiddenEntryPoint     : Pre-authenticated entry point called. Rejecting access
2026-08-09T16:58:13.603+05:30 DEBUG 23536 --- [finapp-backend] [http-nio-2002-exec-8] o.s.security.web.FilterChainProxy        : Securing OPTIONS /api/import/preview/bank-statement
2026-08-09T16:58:13.606+05:30 DEBUG 23536 --- [finapp-backend] [http-nio-2002-exec-10] o.s.security.web.FilterChainProxy        : Securing POST /api/import/preview/bank-statement
2026-08-09T16:58:13.614+05:30 DEBUG 23536 --- [finapp-backend] [http-nio-2002-exec-10] o.s.security.web.FilterChainProxy        : Secured POST /api/import/preview/bank-statement
2026-08-09T16:58:13.682+05:30  WARN 23536 --- [finapp-backend] [http-nio-2002-exec-10] o.a.p.p.e.StandardSecurityHandler        : Verification of permissions failed (EncryptMetadata)
2026-08-09T16:58:13.781+05:30  WARN 23536 --- [finapp-backend] [http-nio-2002-exec-10] o.a.pdfbox.pdmodel.font.PDType0Font      : No Unicode mapping for CID+106 (106) in font AllAndNone
2026-08-09T16:58:13.781+05:30  WARN 23536 --- [finapp-backend] [http-nio-2002-exec-10] o.a.pdfbox.pdmodel.font.PDType0Font      : No Unicode mapping for CID+13 (13) in font AllAndNone
2026-08-09T16:58:13.781+05:30  WARN 23536 --- [finapp-backend] [http-nio-2002-exec-10] o.a.pdfbox.pdmodel.font.PDType0Font      : No Unicode mapping for CID+8 (8) in font AllAndNone
2026-08-09T16:58:13.781+05:30  WARN 23536 --- [finapp-backend] [http-nio-2002-exec-10] o.a.pdfbox.pdmodel.font.PDType0Font      : No Unicode mapping for CID+21 (21) in font AllAndNone
2026-08-09T16:58:13.781+05:30  WARN 23536 --- [finapp-backend] [http-nio-2002-exec-10] o.a.pdfbox.pdmodel.font.PDType0Font      : No Unicode mapping for CID+27 (27) in font AllAndNone
2026-08-09T16:58:13.782+05:30  WARN 23536 --- [finapp-backend] [http-nio-2002-exec-10] o.a.pdfbox.pdmodel.font.PDType0Font      : No Unicode mapping for CID+101 (101) in font AllAndNone
2026-08-09T16:58:13.782+05:30  WARN 23536 --- [finapp-backend] [http-nio-2002-exec-10] o.a.pdfbox.pdmodel.font.PDType0Font      : No Unicode mapping for CID+64 (64) in font AllAndNone
2026-08-09T16:58:13.782+05:30  WARN 23536 --- [finapp-backend] [http-nio-2002-exec-10] o.a.pdfbox.pdmodel.font.PDType0Font      : No Unicode mapping for CID+18 (18) in font AllAndNone
2026-08-09T16:58:13.782+05:30  WARN 23536 --- [finapp-backend] [http-nio-2002-exec-10] o.a.pdfbox.pdmodel.font.PDType0Font      : No Unicode mapping for CID+100 (100) in font AllAndNone
2026-08-09T16:58:13.782+05:30  WARN 23536 --- [finapp-backend] [http-nio-2002-exec-10] o.a.pdfbox.pdmodel.font.PDType0Font      : No Unicode mapping for CID+42 (42) in font AllAndNone
2026-08-09T16:58:13.782+05:30  WARN 23536 --- [finapp-backend] [http-nio-2002-exec-10] o.a.pdfbox.pdmodel.font.PDType0Font      : No Unicode mapping for CID+6 (6) in font AllAndNone
2026-08-09T16:58:13.782+05:30  WARN 23536 --- [finapp-backend] [http-nio-2002-exec-10] o.a.pdfbox.pdmodel.font.PDType0Font      : No Unicode mapping for CID+32 (32) in font AllAndNone
2026-08-09T16:58:13.783+05:30  WARN 23536 --- [finapp-backend] [http-nio-2002-exec-10] o.a.pdfbox.pdmodel.font.PDType0Font      : No Unicode mapping for CID+107 (107) in font AllAndNone
2026-08-09T16:58:13.819+05:30  WARN 23536 --- [finapp-backend] [http-nio-2002-exec-10] o.a.pdfbox.pdmodel.font.PDType0Font      : No Unicode mapping for CID+235 (235) in font AllAndNone
2026-08-09T16:58:13.819+05:30  WARN 23536 --- [finapp-backend] [http-nio-2002-exec-10] o.a.pdfbox.pdmodel.font.PDType0Font      : No Unicode mapping for CID+173 (173) in font AllAndNone
2026-08-09T16:58:13.820+05:30  WARN 23536 --- [finapp-backend] [http-nio-2002-exec-10] o.a.pdfbox.pdmodel.font.PDType0Font      : No Unicode mapping for CID+201 (201) in font AllAndNone
2026-08-09T16:58:13.820+05:30  WARN 23536 --- [finapp-backend] [http-nio-2002-exec-10] o.a.pdfbox.pdmodel.font.PDType0Font      : No Unicode mapping for CID+108 (108) in font AllAndNone
2026-08-09T16:58:13.820+05:30  WARN 23536 --- [finapp-backend] [http-nio-2002-exec-10] o.a.pdfbox.pdmodel.font.PDType0Font      : No Unicode mapping for CID+187 (187) in font AllAndNone
2026-08-09T16:58:13.821+05:30  WARN 23536 --- [finapp-backend] [http-nio-2002-exec-10] o.a.pdfbox.pdmodel.font.PDType0Font      : No Unicode mapping for CID+176 (176) in font AllAndNone
2026-08-09T16:58:13.821+05:30  WARN 23536 --- [finapp-backend] [http-nio-2002-exec-10] o.a.pdfbox.pdmodel.font.PDType0Font      : No Unicode mapping for CID+193 (193) in font AllAndNone
2026-08-09T16:58:13.821+05:30  WARN 23536 --- [finapp-backend] [http-nio-2002-exec-10] o.a.pdfbox.pdmodel.font.PDType0Font      : No Unicode mapping for CID+154 (154) in font AllAndNone
2026-08-09T16:58:13.822+05:30  WARN 23536 --- [finapp-backend] [http-nio-2002-exec-10] o.a.pdfbox.pdmodel.font.PDType0Font      : No Unicode mapping for CID+179 (179) in font AllAndNone
2026-08-09T16:58:13.822+05:30  WARN 23536 --- [finapp-backend] [http-nio-2002-exec-10] o.a.pdfbox.pdmodel.font.PDType0Font      : No Unicode mapping for CID+198 (198) in font AllAndNone
2026-08-09T16:58:13.822+05:30  WARN 23536 --- [finapp-backend] [http-nio-2002-exec-10] o.a.pdfbox.pdmodel.font.PDType0Font      : No Unicode mapping for CID+155 (155) in font AllAndNone
2026-08-09T16:58:13.822+05:30  WARN 23536 --- [finapp-backend] [http-nio-2002-exec-10] o.a.pdfbox.pdmodel.font.PDType0Font      : No Unicode mapping for CID+114 (114) in font AllAndNone
2026-08-09T16:58:13.822+05:30  WARN 23536 --- [finapp-backend] [http-nio-2002-exec-10] o.a.pdfbox.pdmodel.font.PDType0Font      : No Unicode mapping for CID+227 (227) in font AllAndNone
2026-08-09T16:58:13.822+05:30  WARN 23536 --- [finapp-backend] [http-nio-2002-exec-10] o.a.pdfbox.pdmodel.font.PDType0Font      : No Unicode mapping for CID+132 (132) in font AllAndNone
2026-08-09T16:58:13.822+05:30  WARN 23536 --- [finapp-backend] [http-nio-2002-exec-10] o.a.pdfbox.pdmodel.font.PDType0Font      : No Unicode mapping for CID+223 (223) in font AllAndNone
2026-08-09T16:58:13.822+05:30  WARN 23536 --- [finapp-backend] [http-nio-2002-exec-10] o.a.pdfbox.pdmodel.font.PDType0Font      : No Unicode mapping for CID+214 (214) in font AllAndNone
2026-08-09T16:58:13.823+05:30  WARN 23536 --- [finapp-backend] [http-nio-2002-exec-10] o.a.pdfbox.pdmodel.font.PDType0Font      : No Unicode mapping for CID+219 (219) in font AllAndNone
2026-08-09T16:58:13.823+05:30  WARN 23536 --- [finapp-backend] [http-nio-2002-exec-10] o.a.pdfbox.pdmodel.font.PDType0Font      : No Unicode mapping for CID+218 (218) in font AllAndNone
2026-08-09T16:58:13.823+05:30  WARN 23536 --- [finapp-backend] [http-nio-2002-exec-10] o.a.pdfbox.pdmodel.font.PDType0Font      : No Unicode mapping for CID+159 (159) in font AllAndNone
2026-08-09T16:58:13.823+05:30  WARN 23536 --- [finapp-backend] [http-nio-2002-exec-10] o.a.pdfbox.pdmodel.font.PDType0Font      : No Unicode mapping for CID+228 (228) in font AllAndNone
2026-08-09T16:58:13.823+05:30  WARN 23536 --- [finapp-backend] [http-nio-2002-exec-10] o.a.pdfbox.pdmodel.font.PDType0Font      : No Unicode mapping for CID+185 (185) in font AllAndNone
2026-08-09T16:58:13.823+05:30  WARN 23536 --- [finapp-backend] [http-nio-2002-exec-10] o.a.pdfbox.pdmodel.font.PDType0Font      : No Unicode mapping for CID+208 (208) in font AllAndNone
2026-08-09T16:58:13.823+05:30  WARN 23536 --- [finapp-backend] [http-nio-2002-exec-10] o.a.pdfbox.pdmodel.font.PDType0Font      : No Unicode mapping for CID+130 (130) in font AllAndNone
2026-08-09T16:58:13.825+05:30  WARN 23536 --- [finapp-backend] [http-nio-2002-exec-10] o.a.pdfbox.pdmodel.font.PDType0Font      : No Unicode mapping for CID+167 (167) in font AllAndNone
2026-08-09T16:58:13.825+05:30  WARN 23536 --- [finapp-backend] [http-nio-2002-exec-10] o.a.pdfbox.pdmodel.font.PDType0Font      : No Unicode mapping for CID+184 (184) in font AllAndNone
2026-08-09T16:58:13.826+05:30  WARN 23536 --- [finapp-backend] [http-nio-2002-exec-10] o.a.pdfbox.pdmodel.font.PDType0Font      : No Unicode mapping for CID+123 (123) in font AllAndNone
2026-08-09T16:58:13.826+05:30  WARN 23536 --- [finapp-backend] [http-nio-2002-exec-10] o.a.pdfbox.pdmodel.font.PDType0Font      : No Unicode mapping for CID+110 (110) in font AllAndNone
2026-08-09T16:58:13.826+05:30  WARN 23536 --- [finapp-backend] [http-nio-2002-exec-10] o.a.pdfbox.pdmodel.font.PDType0Font      : No Unicode mapping for CID+168 (168) in font AllAndNone
2026-08-09T16:58:13.826+05:30  WARN 23536 --- [finapp-backend] [http-nio-2002-exec-10] o.a.pdfbox.pdmodel.font.PDType0Font      : No Unicode mapping for CID+121 (121) in font AllAndNone
2026-08-09T16:58:13.826+05:30  WARN 23536 --- [finapp-backend] [http-nio-2002-exec-10] o.a.pdfbox.pdmodel.font.PDType0Font      : No Unicode mapping for CID+127 (127) in font AllAndNone
2026-08-09T16:58:13.826+05:30  WARN 23536 --- [finapp-backend] [http-nio-2002-exec-10] o.a.pdfbox.pdmodel.font.PDType0Font      : No Unicode mapping for CID+150 (150) in font AllAndNone
2026-08-09T16:58:13.826+05:30  WARN 23536 --- [finapp-backend] [http-nio-2002-exec-10] o.a.pdfbox.pdmodel.font.PDType0Font      : No Unicode mapping for CID+137 (137) in font AllAndNone
2026-08-09T16:58:13.826+05:30  WARN 23536 --- [finapp-backend] [http-nio-2002-exec-10] o.a.pdfbox.pdmodel.font.PDType0Font      : No Unicode mapping for CID+162 (162) in font AllAndNone
2026-08-09T16:58:13.826+05:30  WARN 23536 --- [finapp-backend] [http-nio-2002-exec-10] o.a.pdfbox.pdmodel.font.PDType0Font      : No Unicode mapping for CID+204 (204) in font AllAndNone
2026-08-09T16:58:13.827+05:30  WARN 23536 --- [finapp-backend] [http-nio-2002-exec-10] o.a.pdfbox.pdmodel.font.PDType0Font      : No Unicode mapping for CID+147 (147) in font AllAndNone
2026-08-09T16:58:13.827+05:30  WARN 23536 --- [finapp-backend] [http-nio-2002-exec-10] o.a.pdfbox.pdmodel.font.PDType0Font      : No Unicode mapping for CID+152 (152) in font AllAndNone
2026-08-09T16:58:13.827+05:30  WARN 23536 --- [finapp-backend] [http-nio-2002-exec-10] o.a.pdfbox.pdmodel.font.PDType0Font      : No Unicode mapping for CID+161 (161) in font AllAndNone
2026-08-09T16:58:13.827+05:30  WARN 23536 --- [finapp-backend] [http-nio-2002-exec-10] o.a.pdfbox.pdmodel.font.PDType0Font      : No Unicode mapping for CID+196 (196) in font AllAndNone
2026-08-09T16:58:13.829+05:30  WARN 23536 --- [finapp-backend] [http-nio-2002-exec-10] o.a.pdfbox.pdmodel.font.PDType0Font      : No Unicode mapping for CID+215 (215) in font AllAndNone
2026-08-09T16:58:13.829+05:30  WARN 23536 --- [finapp-backend] [http-nio-2002-exec-10] o.a.pdfbox.pdmodel.font.PDType0Font      : No Unicode mapping for CID+202 (202) in font AllAndNone
2026-08-09T16:58:13.829+05:30  WARN 23536 --- [finapp-backend] [http-nio-2002-exec-10] o.a.pdfbox.pdmodel.font.PDType0Font      : No Unicode mapping for CID+200 (200) in font AllAndNone
2026-08-09T16:58:13.829+05:30  WARN 23536 --- [finapp-backend] [http-nio-2002-exec-10] o.a.pdfbox.pdmodel.font.PDType0Font      : No Unicode mapping for CID+234 (234) in font AllAndNone
2026-08-09T16:58:13.829+05:30  WARN 23536 --- [finapp-backend] [http-nio-2002-exec-10] o.a.pdfbox.pdmodel.font.PDType0Font      : No Unicode mapping for CID+165 (165) in font AllAndNone
2026-08-09T16:58:13.829+05:30  WARN 23536 --- [finapp-backend] [http-nio-2002-exec-10] o.a.pdfbox.pdmodel.font.PDType0Font      : No Unicode mapping for CID+129 (129) in font AllAndNone
2026-08-09T16:58:13.830+05:30  WARN 23536 --- [finapp-backend] [http-nio-2002-exec-10] o.a.pdfbox.pdmodel.font.PDType0Font      : No Unicode mapping for CID+199 (199) in font AllAndNone
2026-08-09T16:58:13.830+05:30  WARN 23536 --- [finapp-backend] [http-nio-2002-exec-10] o.a.pdfbox.pdmodel.font.PDType0Font      : No Unicode mapping for CID+189 (189) in font AllAndNone
2026-08-09T16:58:13.830+05:30  WARN 23536 --- [finapp-backend] [http-nio-2002-exec-10] o.a.pdfbox.pdmodel.font.PDType0Font      : No Unicode mapping for CID+206 (206) in font AllAndNone
2026-08-09T16:58:13.830+05:30  WARN 23536 --- [finapp-backend] [http-nio-2002-exec-10] o.a.pdfbox.pdmodel.font.PDType0Font      : No Unicode mapping for CID+207 (207) in font AllAndNone
2026-08-09T16:58:13.830+05:30  WARN 23536 --- [finapp-backend] [http-nio-2002-exec-10] o.a.pdfbox.pdmodel.font.PDType0Font      : No Unicode mapping for CID+118 (118) in font AllAndNone
2026-08-09T16:58:13.830+05:30  WARN 23536 --- [finapp-backend] [http-nio-2002-exec-10] o.a.pdfbox.pdmodel.font.PDType0Font      : No Unicode mapping for CID+156 (156) in font AllAndNone
2026-08-09T16:58:13.832+05:30  WARN 23536 --- [finapp-backend] [http-nio-2002-exec-10] o.a.pdfbox.pdmodel.font.PDType0Font      : No Unicode mapping for CID+144 (144) in font AllAndNone
2026-08-09T16:58:13.832+05:30  WARN 23536 --- [finapp-backend] [http-nio-2002-exec-10] o.a.pdfbox.pdmodel.font.PDType0Font      : No Unicode mapping for CID+160 (160) in font AllAndNone
2026-08-09T16:58:13.832+05:30  WARN 23536 --- [finapp-backend] [http-nio-2002-exec-10] o.a.pdfbox.pdmodel.font.PDType0Font      : No Unicode mapping for CID+125 (125) in font AllAndNone
2026-08-09T16:58:13.832+05:30  WARN 23536 --- [finapp-backend] [http-nio-2002-exec-10] o.a.pdfbox.pdmodel.font.PDType0Font      : No Unicode mapping for CID+149 (149) in font AllAndNone
2026-08-09T16:58:13.833+05:30  WARN 23536 --- [finapp-backend] [http-nio-2002-exec-10] o.a.pdfbox.pdmodel.font.PDType0Font      : No Unicode mapping for CID+126 (126) in font AllAndNone
2026-08-09T16:58:13.833+05:30  WARN 23536 --- [finapp-backend] [http-nio-2002-exec-10] o.a.pdfbox.pdmodel.font.PDType0Font      : No Unicode mapping for CID+188 (188) in font AllAndNone
2026-08-09T16:58:13.833+05:30  WARN 23536 --- [finapp-backend] [http-nio-2002-exec-10] o.a.pdfbox.pdmodel.font.PDType0Font      : No Unicode mapping for CID+142 (142) in font AllAndNone
2026-08-09T16:58:13.833+05:30  WARN 23536 --- [finapp-backend] [http-nio-2002-exec-10] o.a.pdfbox.pdmodel.font.PDType0Font      : No Unicode mapping for CID+186 (186) in font AllAndNone
2026-08-09T16:58:13.834+05:30  WARN 23536 --- [finapp-backend] [http-nio-2002-exec-10] o.a.pdfbox.pdmodel.font.PDType0Font      : No Unicode mapping for CID+116 (116) in font AllAndNone
2026-08-09T16:58:13.834+05:30  WARN 23536 --- [finapp-backend] [http-nio-2002-exec-10] o.a.pdfbox.pdmodel.font.PDType0Font      : No Unicode mapping for CID+158 (158) in font AllAndNone
2026-08-09T16:58:13.834+05:30  WARN 23536 --- [finapp-backend] [http-nio-2002-exec-10] o.a.pdfbox.pdmodel.font.PDType0Font      : No Unicode mapping for CID+135 (135) in font AllAndNone
2026-08-09T16:58:13.834+05:30  WARN 23536 --- [finapp-backend] [http-nio-2002-exec-10] o.a.pdfbox.pdmodel.font.PDType0Font      : No Unicode mapping for CID+211 (211) in font AllAndNone
2026-08-09T16:58:13.835+05:30  WARN 23536 --- [finapp-backend] [http-nio-2002-exec-10] o.a.pdfbox.pdmodel.font.PDType0Font      : No Unicode mapping for CID+117 (117) in font AllAndNone
2026-08-09T16:58:13.836+05:30  WARN 23536 --- [finapp-backend] [http-nio-2002-exec-10] o.a.pdfbox.pdmodel.font.PDType0Font      : No Unicode mapping for CID+141 (141) in font AllAndNone
2026-08-09T16:58:13.838+05:30  WARN 23536 --- [finapp-backend] [http-nio-2002-exec-10] o.a.pdfbox.pdmodel.font.PDType0Font      : No Unicode mapping for CID+148 (148) in font AllAndNone
2026-08-09T16:58:13.839+05:30  WARN 23536 --- [finapp-backend] [http-nio-2002-exec-10] o.a.pdfbox.pdmodel.font.PDType0Font      : No Unicode mapping for CID+216 (216) in font AllAndNone
2026-08-09T16:58:13.839+05:30  WARN 23536 --- [finapp-backend] [http-nio-2002-exec-10] o.a.pdfbox.pdmodel.font.PDType0Font      : No Unicode mapping for CID+170 (170) in font AllAndNone
2026-08-09T16:58:13.839+05:30  WARN 23536 --- [finapp-backend] [http-nio-2002-exec-10] o.a.pdfbox.pdmodel.font.PDType0Font      : No Unicode mapping for CID+194 (194) in font AllAndNone
2026-08-09T16:58:13.839+05:30  WARN 23536 --- [finapp-backend] [http-nio-2002-exec-10] o.a.pdfbox.pdmodel.font.PDType0Font      : No Unicode mapping for CID+213 (213) in font AllAndNone
2026-08-09T16:58:13.839+05:30  WARN 23536 --- [finapp-backend] [http-nio-2002-exec-10] o.a.pdfbox.pdmodel.font.PDType0Font      : No Unicode mapping for CID+136 (136) in font AllAndNone
2026-08-09T16:58:13.839+05:30  WARN 23536 --- [finapp-backend] [http-nio-2002-exec-10] o.a.pdfbox.pdmodel.font.PDType0Font      : No Unicode mapping for CID+172 (172) in font AllAndNone
2026-08-09T16:58:13.839+05:30  WARN 23536 --- [finapp-backend] [http-nio-2002-exec-10] o.a.pdfbox.pdmodel.font.PDType0Font      : No Unicode mapping for CID+120 (120) in font AllAndNone
2026-08-09T16:58:13.839+05:30  WARN 23536 --- [finapp-backend] [http-nio-2002-exec-10] o.a.pdfbox.pdmodel.font.PDType0Font      : No Unicode mapping for CID+175 (175) in font AllAndNone
2026-08-09T16:58:13.839+05:30  WARN 23536 --- [finapp-backend] [http-nio-2002-exec-10] o.a.pdfbox.pdmodel.font.PDType0Font      : No Unicode mapping for CID+197 (197) in font AllAndNone
2026-08-09T16:58:13.839+05:30  WARN 23536 --- [finapp-backend] [http-nio-2002-exec-10] o.a.pdfbox.pdmodel.font.PDType0Font      : No Unicode mapping for CID+225 (225) in font AllAndNone
2026-08-09T16:58:13.839+05:30  WARN 23536 --- [finapp-backend] [http-nio-2002-exec-10] o.a.pdfbox.pdmodel.font.PDType0Font      : No Unicode mapping for CID+190 (190) in font AllAndNone
2026-08-09T16:58:13.842+05:30  WARN 23536 --- [finapp-backend] [http-nio-2002-exec-10] o.a.pdfbox.pdmodel.font.PDType0Font      : No Unicode mapping for CID+171 (171) in font AllAndNone
2026-08-09T16:58:13.842+05:30  WARN 23536 --- [finapp-backend] [http-nio-2002-exec-10] o.a.pdfbox.pdmodel.font.PDType0Font      : No Unicode mapping for CID+112 (112) in font AllAndNone
2026-08-09T16:58:13.842+05:30  WARN 23536 --- [finapp-backend] [http-nio-2002-exec-10] o.a.pdfbox.pdmodel.font.PDType0Font      : No Unicode mapping for CID+111 (111) in font AllAndNone
2026-08-09T16:58:13.842+05:30  WARN 23536 --- [finapp-backend] [http-nio-2002-exec-10] o.a.pdfbox.pdmodel.font.PDType0Font      : No Unicode mapping for CID+113 (113) in font AllAndNone
2026-08-09T16:58:13.842+05:30  WARN 23536 --- [finapp-backend] [http-nio-2002-exec-10] o.a.pdfbox.pdmodel.font.PDType0Font      : No Unicode mapping for CID+124 (124) in font AllAndNone
2026-08-09T16:58:13.844+05:30  WARN 23536 --- [finapp-backend] [http-nio-2002-exec-10] o.a.pdfbox.pdmodel.font.PDType0Font      : No Unicode mapping for CID+166 (166) in font AllAndNone
2026-08-09T16:58:13.844+05:30  WARN 23536 --- [finapp-backend] [http-nio-2002-exec-10] o.a.pdfbox.pdmodel.font.PDType0Font      : No Unicode mapping for CID+226 (226) in font AllAndNone
2026-08-09T16:58:13.845+05:30  WARN 23536 --- [finapp-backend] [http-nio-2002-exec-10] o.a.pdfbox.pdmodel.font.PDType0Font      : No Unicode mapping for CID+115 (115) in font AllAndNone
2026-08-09T16:58:13.845+05:30  WARN 23536 --- [finapp-backend] [http-nio-2002-exec-10] o.a.pdfbox.pdmodel.font.PDType0Font      : No Unicode mapping for CID+174 (174) in font AllAndNone
2026-08-09T16:58:13.846+05:30  WARN 23536 --- [finapp-backend] [http-nio-2002-exec-10] o.a.pdfbox.pdmodel.font.PDType0Font      : No Unicode mapping for CID+209 (209) in font AllAndNone
2026-08-09T16:58:13.848+05:30  WARN 23536 --- [finapp-backend] [http-nio-2002-exec-10] o.a.pdfbox.pdmodel.font.PDType0Font      : No Unicode mapping for CID+195 (195) in font AllAndNone
2026-08-09T16:58:13.848+05:30  WARN 23536 --- [finapp-backend] [http-nio-2002-exec-10] o.a.pdfbox.pdmodel.font.PDType0Font      : No Unicode mapping for CID+212 (212) in font AllAndNone
2026-08-09T16:58:13.848+05:30  WARN 23536 --- [finapp-backend] [http-nio-2002-exec-10] o.a.pdfbox.pdmodel.font.PDType0Font      : No Unicode mapping for CID+163 (163) in font AllAndNone
2026-08-09T16:58:13.849+05:30  WARN 23536 --- [finapp-backend] [http-nio-2002-exec-10] o.a.pdfbox.pdmodel.font.PDType0Font      : No Unicode mapping for CID+153 (153) in font AllAndNone
2026-08-09T16:58:13.849+05:30  WARN 23536 --- [finapp-backend] [http-nio-2002-exec-10] o.a.pdfbox.pdmodel.font.PDType0Font      : No Unicode mapping for CID+205 (205) in font AllAndNone
2026-08-09T16:58:13.851+05:30  WARN 23536 --- [finapp-backend] [http-nio-2002-exec-10] o.a.pdfbox.pdmodel.font.PDType0Font      : No Unicode mapping for CID+157 (157) in font AllAndNone
2026-08-09T16:58:13.851+05:30  WARN 23536 --- [finapp-backend] [http-nio-2002-exec-10] o.a.pdfbox.pdmodel.font.PDType0Font      : No Unicode mapping for CID+151 (151) in font AllAndNone
2026-08-09T16:58:13.851+05:30  WARN 23536 --- [finapp-backend] [http-nio-2002-exec-10] o.a.pdfbox.pdmodel.font.PDType0Font      : No Unicode mapping for CID+210 (210) in font AllAndNone
2026-08-09T16:58:13.851+05:30  WARN 23536 --- [finapp-backend] [http-nio-2002-exec-10] o.a.pdfbox.pdmodel.font.PDType0Font      : No Unicode mapping for CID+230 (230) in font AllAndNone
2026-08-09T16:58:13.852+05:30  WARN 23536 --- [finapp-backend] [http-nio-2002-exec-10] o.a.pdfbox.pdmodel.font.PDType0Font      : No Unicode mapping for CID+164 (164) in font AllAndNone
2026-08-09T16:58:13.852+05:30  WARN 23536 --- [finapp-backend] [http-nio-2002-exec-10] o.a.pdfbox.pdmodel.font.PDType0Font      : No Unicode mapping for CID+183 (183) in font AllAndNone
2026-08-09T16:58:13.852+05:30  WARN 23536 --- [finapp-backend] [http-nio-2002-exec-10] o.a.pdfbox.pdmodel.font.PDType0Font      : No Unicode mapping for CID+134 (134) in font AllAndNone
2026-08-09T16:58:13.852+05:30  WARN 23536 --- [finapp-backend] [http-nio-2002-exec-10] o.a.pdfbox.pdmodel.font.PDType0Font      : No Unicode mapping for CID+133 (133) in font AllAndNone
2026-08-09T16:58:13.853+05:30  WARN 23536 --- [finapp-backend] [http-nio-2002-exec-10] o.a.pdfbox.pdmodel.font.PDType0Font      : No Unicode mapping for CID+203 (203) in font AllAndNone
2026-08-09T16:58:13.853+05:30  WARN 23536 --- [finapp-backend] [http-nio-2002-exec-10] o.a.pdfbox.pdmodel.font.PDType0Font      : No Unicode mapping for CID+177 (177) in font AllAndNone
2026-08-09T16:58:13.853+05:30  WARN 23536 --- [finapp-backend] [http-nio-2002-exec-10] o.a.pdfbox.pdmodel.font.PDType0Font      : No Unicode mapping for CID+128 (128) in font AllAndNone
2026-08-09T16:58:13.853+05:30  WARN 23536 --- [finapp-backend] [http-nio-2002-exec-10] o.a.pdfbox.pdmodel.font.PDType0Font      : No Unicode mapping for CID+231 (231) in font AllAndNone
2026-08-09T16:58:13.853+05:30  WARN 23536 --- [finapp-backend] [http-nio-2002-exec-10] o.a.pdfbox.pdmodel.font.PDType0Font      : No Unicode mapping for CID+109 (109) in font AllAndNone
2026-08-09T16:58:13.853+05:30  WARN 23536 --- [finapp-backend] [http-nio-2002-exec-10] o.a.pdfbox.pdmodel.font.PDType0Font      : No Unicode mapping for CID+122 (122) in font AllAndNone
2026-08-09T16:58:13.853+05:30  WARN 23536 --- [finapp-backend] [http-nio-2002-exec-10] o.a.pdfbox.pdmodel.font.PDType0Font      : No Unicode mapping for CID+180 (180) in font AllAndNone
2026-08-09T16:58:13.853+05:30  WARN 23536 --- [finapp-backend] [http-nio-2002-exec-10] o.a.pdfbox.pdmodel.font.PDType0Font      : No Unicode mapping for CID+232 (232) in font AllAndNone
2026-09-25T01:00:01.437+05:30  INFO 10364 --- [finapp-backend] [main] com.finapp.FinappApplication             : Starting FinappApplication using Java 21.0.6 with PID 10364 (E:\Finapp\backend\target\classes started by prash in E:\Finapp\backend)
2026-09-25T01:00:01.440+05:30  INFO 10364 --- [finapp-backend] [main] com.finapp.FinappApplication             : The following 1 profile is active: "dev"
2026-09-25T01:00:02.453+05:30  INFO 10364 --- [finapp-backend] [main] .s.d.r.c.RepositoryConfigurationDelegate : Bootstrapping Spring Data JPA repositories in DEFAULT mode.
2026-09-25T01:00:02.579+05:30  INFO 10364 --- [finapp-backend] [main] .s.d.r.c.RepositoryConfigurationDelegate : Finished Spring Data repository scanning in 116 ms. Found 15 JPA repository interfaces.
2026-09-25T01:00:03.257+05:30  INFO 10364 --- [finapp-backend] [main] o.s.b.w.embedded.tomcat.TomcatWebServer  : Tomcat initialized with port 2002 (http)
2026-09-25T01:00:03.274+05:30  INFO 10364 --- [finapp-backend] [main] o.apache.catalina.core.StandardService   : Starting service [Tomcat]
2026-09-25T01:00:03.276+05:30  INFO 10364 --- [finapp-backend] [main] o.apache.catalina.core.StandardEngine    : Starting Servlet engine: [Apache Tomcat/10.1.40]
2026-09-25T01:00:03.353+05:30  INFO 10364 --- [finapp-backend] [main] o.a.c.c.C.[Tomcat].[localhost].[/]       : Initializing Spring embedded WebApplicationContext
2026-09-25T01:00:03.353+05:30  INFO 10364 --- [finapp-backend] [main] w.s.c.ServletWebServerApplicationContext : Root WebApplicationContext: initialization completed in 1836 ms
2026-09-25T01:00:03.500+05:30  INFO 10364 --- [finapp-backend] [main] o.hibernate.jpa.internal.util.LogHelper  : HHH000204: Processing PersistenceUnitInfo [name: default]
2026-09-25T01:00:03.557+05:30  INFO 10364 --- [finapp-backend] [main] org.hibernate.Version                    : HHH000412: Hibernate ORM core version 6.6.13.Final
2026-09-25T01:00:03.595+05:30  INFO 10364 --- [finapp-backend] [main] o.h.c.internal.RegionFactoryInitiator    : HHH000026: Second-level cache disabled
2026-09-25T01:00:03.898+05:30  INFO 10364 --- [finapp-backend] [main] o.s.o.j.p.SpringPersistenceUnitInfo      : No LoadTimeWeaver setup: ignoring JPA class transformer
2026-09-25T01:00:03.933+05:30  INFO 10364 --- [finapp-backend] [main] com.zaxxer.hikari.HikariDataSource       : HikariPool-1 - Starting...
2026-09-25T01:00:04.109+05:30  INFO 10364 --- [finapp-backend] [main] com.zaxxer.hikari.pool.HikariPool        : HikariPool-1 - Added connection com.mysql.cj.jdbc.ConnectionImpl@7a3643e3
2026-09-25T01:00:04.112+05:30  INFO 10364 --- [finapp-backend] [main] com.zaxxer.hikari.HikariDataSource       : HikariPool-1 - Start completed.
2026-09-25T01:00:04.165+05:30  WARN 10364 --- [finapp-backend] [main] org.hibernate.orm.deprecation            : HHH90000025: MySQLDialect does not need to be specified explicitly using 'hibernate.dialect' (remove the property setting and it will be selected by default)
2026-09-25T01:00:04.186+05:30  INFO 10364 --- [finapp-backend] [main] org.hibernate.orm.connections.pooling    : HHH10001005: Database info:
	Database JDBC URL [Connecting through datasource 'HikariDataSource (HikariPool-1)']
	Database driver: undefined/unknown
	Database version: 8.0.35
	Autocommit mode: undefined/unknown
	Isolation level: undefined/unknown
	Minimum pool size: undefined/unknown
	Maximum pool size: undefined/unknown
2026-09-25T01:00:05.703+05:30  INFO 10364 --- [finapp-backend] [main] o.h.e.t.j.p.i.JtaPlatformInitiator       : HHH000489: No JTA platform available (set 'hibernate.transaction.jta.platform' to enable JTA platform integration)
2026-09-25T01:00:05.937+05:30  INFO 10364 --- [finapp-backend] [main] j.LocalContainerEntityManagerFactoryBean : Initialized JPA EntityManagerFactory for persistence unit 'default'
2026-09-25T01:00:06.316+05:30  INFO 10364 --- [finapp-backend] [main] o.s.d.j.r.query.QueryEnhancerFactory     : Hibernate is in classpath; If applicable, HQL parser will be used.
2026-09-25T01:00:13.774+05:30  INFO 10364 --- [finapp-backend] [main] eAuthenticationProviderManagerConfigurer : Global AuthenticationManager configured with AuthenticationProvider bean with name authenticationProvider
2026-09-25T01:00:13.779+05:30  WARN 10364 --- [finapp-backend] [main] r$InitializeUserDetailsManagerConfigurer : Global AuthenticationManager configured with an AuthenticationProvider bean. UserDetailsService beans will not be used by Spring Security for automatically configuring username/password login. Consider removing the AuthenticationProvider bean. Alternatively, consider using the UserDetailsService in a manually instantiated DaoAuthenticationProvider. If the current configuration is intentional, to turn off this warning, increase the logging level of 'org.springframework.security.config.annotation.authentication.configuration.InitializeUserDetailsBeanManagerConfigurer' to ERROR
2026-09-25T01:00:14.126+05:30  WARN 10364 --- [finapp-backend] [main] JpaBaseConfiguration$JpaWebConfiguration : spring.jpa.open-in-view is enabled by default. Therefore, database queries may be performed during view rendering. Explicitly configure spring.jpa.open-in-view to disable this warning
2026-09-25T01:00:14.554+05:30 DEBUG 10364 --- [finapp-backend] [main] o.s.s.web.DefaultSecurityFilterChain     : Will secure any request with filters: DisableEncodeUrlFilter, WebAsyncManagerIntegrationFilter, SecurityContextHolderFilter, HeaderWriterFilter, CorsFilter, LogoutFilter, JwtAuthenticationFilter, RequestCacheAwareFilter, SecurityContextHolderAwareRequestFilter, AnonymousAuthenticationFilter, SessionManagementFilter, ExceptionTranslationFilter, AuthorizationFilter
2026-09-25T01:00:14.810+05:30  WARN 10364 --- [finapp-backend] [main] ConfigServletWebServerApplicationContext : Exception encountered during context initialization - cancelling refresh attempt: org.springframework.context.ApplicationContextException: Failed to start bean 'webServerStartStop'
2026-09-25T01:00:14.816+05:30  INFO 10364 --- [finapp-backend] [main] j.LocalContainerEntityManagerFactoryBean : Closing JPA EntityManagerFactory for persistence unit 'default'
2026-09-25T01:00:14.817+05:30  INFO 10364 --- [finapp-backend] [main] com.zaxxer.hikari.HikariDataSource       : HikariPool-1 - Shutdown initiated...
2026-09-25T01:00:14.827+05:30  INFO 10364 --- [finapp-backend] [main] com.zaxxer.hikari.HikariDataSource       : HikariPool-1 - Shutdown completed.
2026-09-25T01:00:14.842+05:30  INFO 10364 --- [finapp-backend] [main] .s.b.a.l.ConditionEvaluationReportLogger : 

Error starting ApplicationContext. To display the condition evaluation report re-run your application with 'debug' enabled.
2026-09-25T01:00:14.865+05:30 ERROR 10364 --- [finapp-backend] [main] o.s.b.d.LoggingFailureAnalysisReporter   : 

***************************
APPLICATION FAILED TO START
***************************

Description:

Web server failed to start. Port 2002 was already in use.

Action:

Identify and stop the process that's listening on port 2002 or configure this application to listen on another port.

2026-09-25T01:05:32.367+05:30  INFO 13104 --- [finapp-backend] [main] com.finapp.FinappApplication             : Starting FinappApplication using Java 21.0.6 with PID 13104 (E:\Finapp\backend\target\classes started by prash in E:\Finapp\backend)
2026-09-25T01:05:32.369+05:30  INFO 13104 --- [finapp-backend] [main] com.finapp.FinappApplication             : The following 1 profile is active: "prod"
2026-09-25T01:05:33.173+05:30  INFO 13104 --- [finapp-backend] [main] .s.d.r.c.RepositoryConfigurationDelegate : Bootstrapping Spring Data JPA repositories in DEFAULT mode.
2026-09-25T01:05:33.301+05:30  INFO 13104 --- [finapp-backend] [main] .s.d.r.c.RepositoryConfigurationDelegate : Finished Spring Data repository scanning in 120 ms. Found 15 JPA repository interfaces.
2026-09-25T01:05:33.888+05:30  INFO 13104 --- [finapp-backend] [main] o.s.b.w.embedded.tomcat.TomcatWebServer  : Tomcat initialized with port 2003 (http)
2026-09-25T01:05:33.903+05:30  INFO 13104 --- [finapp-backend] [main] o.apache.catalina.core.StandardService   : Starting service [Tomcat]
2026-09-25T01:05:33.903+05:30  INFO 13104 --- [finapp-backend] [main] o.apache.catalina.core.StandardEngine    : Starting Servlet engine: [Apache Tomcat/10.1.40]
2026-09-25T01:05:33.964+05:30  INFO 13104 --- [finapp-backend] [main] o.a.c.c.C.[Tomcat].[localhost].[/]       : Initializing Spring embedded WebApplicationContext
2026-09-25T01:05:33.965+05:30  INFO 13104 --- [finapp-backend] [main] w.s.c.ServletWebServerApplicationContext : Root WebApplicationContext: initialization completed in 1543 ms
2026-09-25T01:05:34.111+05:30  INFO 13104 --- [finapp-backend] [main] o.hibernate.jpa.internal.util.LogHelper  : HHH000204: Processing PersistenceUnitInfo [name: default]
2026-09-25T01:05:34.166+05:30  INFO 13104 --- [finapp-backend] [main] org.hibernate.Version                    : HHH000412: Hibernate ORM core version 6.6.13.Final
2026-09-25T01:05:34.203+05:30  INFO 13104 --- [finapp-backend] [main] o.h.c.internal.RegionFactoryInitiator    : HHH000026: Second-level cache disabled
2026-09-25T01:05:34.503+05:30  INFO 13104 --- [finapp-backend] [main] o.s.o.j.p.SpringPersistenceUnitInfo      : No LoadTimeWeaver setup: ignoring JPA class transformer
2026-09-25T01:05:34.541+05:30  INFO 13104 --- [finapp-backend] [main] com.zaxxer.hikari.HikariDataSource       : HikariPool-1 - Starting...
2026-09-25T01:05:34.722+05:30  INFO 13104 --- [finapp-backend] [main] com.zaxxer.hikari.pool.HikariPool        : HikariPool-1 - Added connection com.mysql.cj.jdbc.ConnectionImpl@7a3643e3
2026-09-25T01:05:34.725+05:30  INFO 13104 --- [finapp-backend] [main] com.zaxxer.hikari.HikariDataSource       : HikariPool-1 - Start completed.
2026-09-25T01:05:34.779+05:30  WARN 13104 --- [finapp-backend] [main] org.hibernate.orm.deprecation            : HHH90000025: MySQLDialect does not need to be specified explicitly using 'hibernate.dialect' (remove the property setting and it will be selected by default)
2026-09-25T01:05:34.797+05:30  INFO 13104 --- [finapp-backend] [main] org.hibernate.orm.connections.pooling    : HHH10001005: Database info:
	Database JDBC URL [Connecting through datasource 'HikariDataSource (HikariPool-1)']
	Database driver: undefined/unknown
	Database version: 8.0.35
	Autocommit mode: undefined/unknown
	Isolation level: undefined/unknown
	Minimum pool size: undefined/unknown
	Maximum pool size: undefined/unknown
2026-09-25T01:05:36.195+05:30  INFO 13104 --- [finapp-backend] [main] o.h.e.t.j.p.i.JtaPlatformInitiator       : HHH000489: No JTA platform available (set 'hibernate.transaction.jta.platform' to enable JTA platform integration)
2026-09-25T01:05:37.020+05:30  INFO 13104 --- [finapp-backend] [main] j.LocalContainerEntityManagerFactoryBean : Initialized JPA EntityManagerFactory for persistence unit 'default'
2026-09-25T01:05:37.376+05:30  INFO 13104 --- [finapp-backend] [main] o.s.d.j.r.query.QueryEnhancerFactory     : Hibernate is in classpath; If applicable, HQL parser will be used.
2026-09-25T01:05:41.180+05:30  INFO 13104 --- [finapp-backend] [main] eAuthenticationProviderManagerConfigurer : Global AuthenticationManager configured with AuthenticationProvider bean with name authenticationProvider
2026-09-25T01:05:41.181+05:30  WARN 13104 --- [finapp-backend] [main] r$InitializeUserDetailsManagerConfigurer : Global AuthenticationManager configured with an AuthenticationProvider bean. UserDetailsService beans will not be used by Spring Security for automatically configuring username/password login. Consider removing the AuthenticationProvider bean. Alternatively, consider using the UserDetailsService in a manually instantiated DaoAuthenticationProvider. If the current configuration is intentional, to turn off this warning, increase the logging level of 'org.springframework.security.config.annotation.authentication.configuration.InitializeUserDetailsBeanManagerConfigurer' to ERROR
2026-09-25T01:05:41.436+05:30  WARN 13104 --- [finapp-backend] [main] JpaBaseConfiguration$JpaWebConfiguration : spring.jpa.open-in-view is enabled by default. Therefore, database queries may be performed during view rendering. Explicitly configure spring.jpa.open-in-view to disable this warning
2026-09-25T01:05:41.771+05:30 DEBUG 13104 --- [finapp-backend] [main] o.s.s.web.DefaultSecurityFilterChain     : Will secure any request with filters: DisableEncodeUrlFilter, WebAsyncManagerIntegrationFilter, SecurityContextHolderFilter, HeaderWriterFilter, CorsFilter, LogoutFilter, JwtAuthenticationFilter, RequestCacheAwareFilter, SecurityContextHolderAwareRequestFilter, AnonymousAuthenticationFilter, SessionManagementFilter, ExceptionTranslationFilter, AuthorizationFilter
2026-09-25T01:05:41.996+05:30  INFO 13104 --- [finapp-backend] [main] o.s.b.w.embedded.tomcat.TomcatWebServer  : Tomcat started on port 2003 (http) with context path '/'
2026-09-25T01:05:42.010+05:30  INFO 13104 --- [finapp-backend] [main] com.finapp.FinappApplication             : Started FinappApplication in 10.115 seconds (process running for 10.501)
2026-09-25T01:23:45.679+05:30  INFO 13104 --- [finapp-backend] [SpringApplicationShutdownHook] o.s.b.w.e.tomcat.GracefulShutdown        : Commencing graceful shutdown. Waiting for active requests to complete
2026-09-25T01:23:45.718+05:30  INFO 13104 --- [finapp-backend] [tomcat-shutdown] o.s.b.w.e.tomcat.GracefulShutdown        : Graceful shutdown complete
2026-09-25T01:23:45.723+05:30  INFO 13104 --- [finapp-backend] [SpringApplicationShutdownHook] j.LocalContainerEntityManagerFactoryBean : Closing JPA EntityManagerFactory for persistence unit 'default'
2026-09-25T01:23:45.724+05:30  INFO 13104 --- [finapp-backend] [SpringApplicationShutdownHook] com.zaxxer.hikari.HikariDataSource       : HikariPool-1 - Shutdown initiated...
2026-09-25T01:23:45.733+05:30  INFO 13104 --- [finapp-backend] [SpringApplicationShutdownHook] com.zaxxer.hikari.HikariDataSource       : HikariPool-1 - Shutdown completed.
2026-09-25T01:35:39.516+05:30  INFO 2428 --- [finapp-backend] [main] com.finapp.FinappApplication             : Starting FinappApplication using Java 21.0.6 with PID 2428 (E:\Finapp\backend\target\classes started by prash in E:\Finapp\backend)
2026-09-25T01:35:39.518+05:30  INFO 2428 --- [finapp-backend] [main] com.finapp.FinappApplication             : The following 1 profile is active: "prod"
2026-09-25T01:35:40.599+05:30  INFO 2428 --- [finapp-backend] [main] .s.d.r.c.RepositoryConfigurationDelegate : Bootstrapping Spring Data JPA repositories in DEFAULT mode.
2026-09-25T01:35:40.749+05:30  INFO 2428 --- [finapp-backend] [main] .s.d.r.c.RepositoryConfigurationDelegate : Finished Spring Data repository scanning in 141 ms. Found 15 JPA repository interfaces.
2026-09-25T01:35:41.491+05:30  INFO 2428 --- [finapp-backend] [main] o.s.b.w.embedded.tomcat.TomcatWebServer  : Tomcat initialized with port 2003 (http)
2026-09-25T01:35:41.506+05:30  INFO 2428 --- [finapp-backend] [main] o.apache.catalina.core.StandardService   : Starting service [Tomcat]
2026-09-25T01:35:41.506+05:30  INFO 2428 --- [finapp-backend] [main] o.apache.catalina.core.StandardEngine    : Starting Servlet engine: [Apache Tomcat/10.1.40]
2026-09-25T01:35:41.568+05:30  INFO 2428 --- [finapp-backend] [main] o.a.c.c.C.[Tomcat].[localhost].[/]       : Initializing Spring embedded WebApplicationContext
2026-09-25T01:35:41.568+05:30  INFO 2428 --- [finapp-backend] [main] w.s.c.ServletWebServerApplicationContext : Root WebApplicationContext: initialization completed in 1979 ms
2026-09-25T01:35:41.761+05:30  INFO 2428 --- [finapp-backend] [main] o.hibernate.jpa.internal.util.LogHelper  : HHH000204: Processing PersistenceUnitInfo [name: default]
2026-09-25T01:35:41.826+05:30  INFO 2428 --- [finapp-backend] [main] org.hibernate.Version                    : HHH000412: Hibernate ORM core version 6.6.13.Final
2026-09-25T01:35:41.861+05:30  INFO 2428 --- [finapp-backend] [main] o.h.c.internal.RegionFactoryInitiator    : HHH000026: Second-level cache disabled
2026-09-25T01:35:42.208+05:30  INFO 2428 --- [finapp-backend] [main] o.s.o.j.p.SpringPersistenceUnitInfo      : No LoadTimeWeaver setup: ignoring JPA class transformer
2026-09-25T01:35:42.239+05:30  INFO 2428 --- [finapp-backend] [main] com.zaxxer.hikari.HikariDataSource       : HikariPool-1 - Starting...
2026-09-25T01:35:42.459+05:30  INFO 2428 --- [finapp-backend] [main] com.zaxxer.hikari.pool.HikariPool        : HikariPool-1 - Added connection com.mysql.cj.jdbc.ConnectionImpl@7c5c20ed
2026-09-25T01:35:42.461+05:30  INFO 2428 --- [finapp-backend] [main] com.zaxxer.hikari.HikariDataSource       : HikariPool-1 - Start completed.
2026-09-25T01:35:42.520+05:30  WARN 2428 --- [finapp-backend] [main] org.hibernate.orm.deprecation            : HHH90000025: MySQLDialect does not need to be specified explicitly using 'hibernate.dialect' (remove the property setting and it will be selected by default)
2026-09-25T01:35:42.540+05:30  INFO 2428 --- [finapp-backend] [main] org.hibernate.orm.connections.pooling    : HHH10001005: Database info:
	Database JDBC URL [Connecting through datasource 'HikariDataSource (HikariPool-1)']
	Database driver: undefined/unknown
	Database version: 8.0.35
	Autocommit mode: undefined/unknown
	Isolation level: undefined/unknown
	Minimum pool size: undefined/unknown
	Maximum pool size: undefined/unknown
2026-09-25T01:35:44.370+05:30  INFO 2428 --- [finapp-backend] [main] o.h.e.t.j.p.i.JtaPlatformInitiator       : HHH000489: No JTA platform available (set 'hibernate.transaction.jta.platform' to enable JTA platform integration)
2026-09-25T01:35:44.645+05:30  INFO 2428 --- [finapp-backend] [main] j.LocalContainerEntityManagerFactoryBean : Initialized JPA EntityManagerFactory for persistence unit 'default'
2026-09-25T01:35:45.129+05:30  INFO 2428 --- [finapp-backend] [main] o.s.d.j.r.query.QueryEnhancerFactory     : Hibernate is in classpath; If applicable, HQL parser will be used.
2026-09-25T01:35:50.479+05:30  INFO 2428 --- [finapp-backend] [main] eAuthenticationProviderManagerConfigurer : Global AuthenticationManager configured with AuthenticationProvider bean with name authenticationProvider
2026-09-25T01:35:50.480+05:30  WARN 2428 --- [finapp-backend] [main] r$InitializeUserDetailsManagerConfigurer : Global AuthenticationManager configured with an AuthenticationProvider bean. UserDetailsService beans will not be used by Spring Security for automatically configuring username/password login. Consider removing the AuthenticationProvider bean. Alternatively, consider using the UserDetailsService in a manually instantiated DaoAuthenticationProvider. If the current configuration is intentional, to turn off this warning, increase the logging level of 'org.springframework.security.config.annotation.authentication.configuration.InitializeUserDetailsBeanManagerConfigurer' to ERROR
2026-09-25T01:35:50.500+05:30  WARN 2428 --- [finapp-backend] [main] ConfigServletWebServerApplicationContext : Exception encountered during context initialization - cancelling refresh attempt: org.springframework.beans.factory.UnsatisfiedDependencyException: Error creating bean with name 'authController' defined in file [E:\Finapp\backend\target\classes\com\finapp\controller\AuthController.class]: Unsatisfied dependency expressed through constructor parameter 5: Error creating bean with name 'userService' defined in file [E:\Finapp\backend\target\classes\com\finapp\service\UserService.class]: Unsatisfied dependency expressed through constructor parameter 3: Error creating bean with name 'emailService': Unsatisfied dependency expressed through field 'mailSender': No qualifying bean of type 'org.springframework.mail.javamail.JavaMailSender' available: expected at least 1 bean which qualifies as autowire candidate. Dependency annotations: {@org.springframework.beans.factory.annotation.Autowired(required=true)}
2026-09-25T01:35:50.501+05:30  INFO 2428 --- [finapp-backend] [main] j.LocalContainerEntityManagerFactoryBean : Closing JPA EntityManagerFactory for persistence unit 'default'
2026-09-25T01:35:50.504+05:30  INFO 2428 --- [finapp-backend] [main] com.zaxxer.hikari.HikariDataSource       : HikariPool-1 - Shutdown initiated...
2026-09-25T01:35:50.512+05:30  INFO 2428 --- [finapp-backend] [main] com.zaxxer.hikari.HikariDataSource       : HikariPool-1 - Shutdown completed.
2026-09-25T01:35:50.515+05:30  INFO 2428 --- [finapp-backend] [main] o.apache.catalina.core.StandardService   : Stopping service [Tomcat]
2026-09-25T01:35:50.528+05:30  INFO 2428 --- [finapp-backend] [main] .s.b.a.l.ConditionEvaluationReportLogger : 

Error starting ApplicationContext. To display the condition evaluation report re-run your application with 'debug' enabled.
2026-09-25T01:35:50.556+05:30 ERROR 2428 --- [finapp-backend] [main] o.s.b.d.LoggingFailureAnalysisReporter   : 

***************************
APPLICATION FAILED TO START
***************************

Description:

Field mailSender in com.finapp.service.EmailService required a bean of type 'org.springframework.mail.javamail.JavaMailSender' that could not be found.


Action:

Consider defining a bean of type 'org.springframework.mail.javamail.JavaMailSender' in your configuration.

2026-09-25T01:36:45.535+05:30  INFO 3592 --- [finapp-backend] [main] com.finapp.FinappApplication             : Starting FinappApplication using Java 21.0.6 with PID 3592 (E:\Finapp\backend\target\classes started by prash in E:\Finapp\backend)
2026-09-25T01:36:45.536+05:30  INFO 3592 --- [finapp-backend] [main] com.finapp.FinappApplication             : The following 1 profile is active: "prod"
2026-09-25T01:36:46.812+05:30  INFO 3592 --- [finapp-backend] [main] .s.d.r.c.RepositoryConfigurationDelegate : Bootstrapping Spring Data JPA repositories in DEFAULT mode.
2026-09-25T01:36:46.963+05:30  INFO 3592 --- [finapp-backend] [main] .s.d.r.c.RepositoryConfigurationDelegate : Finished Spring Data repository scanning in 139 ms. Found 15 JPA repository interfaces.
2026-09-25T01:36:47.739+05:30  INFO 3592 --- [finapp-backend] [main] o.s.b.w.embedded.tomcat.TomcatWebServer  : Tomcat initialized with port 2003 (http)
2026-09-25T01:36:47.758+05:30  INFO 3592 --- [finapp-backend] [main] o.apache.catalina.core.StandardService   : Starting service [Tomcat]
2026-09-25T01:36:47.758+05:30  INFO 3592 --- [finapp-backend] [main] o.apache.catalina.core.StandardEngine    : Starting Servlet engine: [Apache Tomcat/10.1.40]
2026-09-25T01:36:47.827+05:30  INFO 3592 --- [finapp-backend] [main] o.a.c.c.C.[Tomcat].[localhost].[/]       : Initializing Spring embedded WebApplicationContext
2026-09-25T01:36:47.830+05:30  INFO 3592 --- [finapp-backend] [main] w.s.c.ServletWebServerApplicationContext : Root WebApplicationContext: initialization completed in 2240 ms
2026-09-25T01:36:48.011+05:30  INFO 3592 --- [finapp-backend] [main] o.hibernate.jpa.internal.util.LogHelper  : HHH000204: Processing PersistenceUnitInfo [name: default]
2026-09-25T01:36:48.078+05:30  INFO 3592 --- [finapp-backend] [main] org.hibernate.Version                    : HHH000412: Hibernate ORM core version 6.6.13.Final
2026-09-25T01:36:48.121+05:30  INFO 3592 --- [finapp-backend] [main] o.h.c.internal.RegionFactoryInitiator    : HHH000026: Second-level cache disabled
2026-09-25T01:36:48.549+05:30  INFO 3592 --- [finapp-backend] [main] o.s.o.j.p.SpringPersistenceUnitInfo      : No LoadTimeWeaver setup: ignoring JPA class transformer
2026-09-25T01:36:48.583+05:30  INFO 3592 --- [finapp-backend] [main] com.zaxxer.hikari.HikariDataSource       : HikariPool-1 - Starting...
2026-09-25T01:36:48.804+05:30  INFO 3592 --- [finapp-backend] [main] com.zaxxer.hikari.pool.HikariPool        : HikariPool-1 - Added connection com.mysql.cj.jdbc.ConnectionImpl@2f07930a
2026-09-25T01:36:48.806+05:30  INFO 3592 --- [finapp-backend] [main] com.zaxxer.hikari.HikariDataSource       : HikariPool-1 - Start completed.
2026-09-25T01:36:48.866+05:30  WARN 3592 --- [finapp-backend] [main] org.hibernate.orm.deprecation            : HHH90000025: MySQLDialect does not need to be specified explicitly using 'hibernate.dialect' (remove the property setting and it will be selected by default)
2026-09-25T01:36:48.891+05:30  INFO 3592 --- [finapp-backend] [main] org.hibernate.orm.connections.pooling    : HHH10001005: Database info:
	Database JDBC URL [Connecting through datasource 'HikariDataSource (HikariPool-1)']
	Database driver: undefined/unknown
	Database version: 8.0.35
	Autocommit mode: undefined/unknown
	Isolation level: undefined/unknown
	Minimum pool size: undefined/unknown
	Maximum pool size: undefined/unknown
2026-09-25T01:36:51.303+05:30  INFO 3592 --- [finapp-backend] [main] o.h.e.t.j.p.i.JtaPlatformInitiator       : HHH000489: No JTA platform available (set 'hibernate.transaction.jta.platform' to enable JTA platform integration)
2026-09-25T01:36:51.683+05:30  INFO 3592 --- [finapp-backend] [main] j.LocalContainerEntityManagerFactoryBean : Initialized JPA EntityManagerFactory for persistence unit 'default'
2026-09-25T01:36:52.289+05:30  INFO 3592 --- [finapp-backend] [main] o.s.d.j.r.query.QueryEnhancerFactory     : Hibernate is in classpath; If applicable, HQL parser will be used.
2026-09-25T01:36:57.159+05:30  INFO 3592 --- [finapp-backend] [main] eAuthenticationProviderManagerConfigurer : Global AuthenticationManager configured with AuthenticationProvider bean with name authenticationProvider
2026-09-25T01:36:57.159+05:30  WARN 3592 --- [finapp-backend] [main] r$InitializeUserDetailsManagerConfigurer : Global AuthenticationManager configured with an AuthenticationProvider bean. UserDetailsService beans will not be used by Spring Security for automatically configuring username/password login. Consider removing the AuthenticationProvider bean. Alternatively, consider using the UserDetailsService in a manually instantiated DaoAuthenticationProvider. If the current configuration is intentional, to turn off this warning, increase the logging level of 'org.springframework.security.config.annotation.authentication.configuration.InitializeUserDetailsBeanManagerConfigurer' to ERROR
2026-09-25T01:36:57.420+05:30  WARN 3592 --- [finapp-backend] [main] JpaBaseConfiguration$JpaWebConfiguration : spring.jpa.open-in-view is enabled by default. Therefore, database queries may be performed during view rendering. Explicitly configure spring.jpa.open-in-view to disable this warning
2026-09-25T01:36:57.850+05:30 DEBUG 3592 --- [finapp-backend] [main] o.s.s.web.DefaultSecurityFilterChain     : Will secure any request with filters: DisableEncodeUrlFilter, WebAsyncManagerIntegrationFilter, SecurityContextHolderFilter, HeaderWriterFilter, CorsFilter, LogoutFilter, JwtAuthenticationFilter, RequestCacheAwareFilter, SecurityContextHolderAwareRequestFilter, AnonymousAuthenticationFilter, SessionManagementFilter, ExceptionTranslationFilter, AuthorizationFilter
2026-09-25T01:36:58.135+05:30  INFO 3592 --- [finapp-backend] [main] o.s.b.w.embedded.tomcat.TomcatWebServer  : Tomcat started on port 2003 (http) with context path '/'
2026-09-25T01:36:58.150+05:30  INFO 3592 --- [finapp-backend] [main] com.finapp.FinappApplication             : Started FinappApplication in 13.34 seconds (process running for 13.793)
2026-09-25T01:39:51.457+05:30  INFO 3592 --- [finapp-backend] [http-nio-2003-exec-1] o.a.c.c.C.[Tomcat].[localhost].[/]       : Initializing Spring DispatcherServlet 'dispatcherServlet'
2026-09-25T01:39:51.457+05:30  INFO 3592 --- [finapp-backend] [http-nio-2003-exec-1] o.s.web.servlet.DispatcherServlet        : Initializing Servlet 'dispatcherServlet'
2026-09-25T01:39:51.458+05:30  INFO 3592 --- [finapp-backend] [http-nio-2003-exec-1] o.s.web.servlet.DispatcherServlet        : Completed initialization in 0 ms
2026-09-25T01:39:51.471+05:30 DEBUG 3592 --- [finapp-backend] [http-nio-2003-exec-1] o.s.security.web.FilterChainProxy        : Securing POST /api/auth/login
2026-09-25T01:39:51.481+05:30 DEBUG 3592 --- [finapp-backend] [http-nio-2003-exec-1] o.s.s.w.a.AnonymousAuthenticationFilter  : Set SecurityContextHolder to anonymous SecurityContext
2026-09-25T01:39:51.482+05:30 DEBUG 3592 --- [finapp-backend] [http-nio-2003-exec-1] o.s.security.web.FilterChainProxy        : Secured POST /api/auth/login
2026-09-25T01:39:51.787+05:30 DEBUG 3592 --- [finapp-backend] [http-nio-2003-exec-1] o.s.s.a.dao.DaoAuthenticationProvider    : Failed to find user 'testaccount@test.com'
2026-09-25T01:39:51.793+05:30 DEBUG 3592 --- [finapp-backend] [http-nio-2003-exec-1] o.s.s.w.a.Http403ForbiddenEntryPoint     : Pre-authenticated entry point called. Rejecting access
2026-09-25T01:39:51.800+05:30 DEBUG 3592 --- [finapp-backend] [http-nio-2003-exec-1] o.s.security.web.FilterChainProxy        : Securing POST /error
2026-09-25T01:39:51.800+05:30 DEBUG 3592 --- [finapp-backend] [http-nio-2003-exec-1] o.s.s.w.a.AnonymousAuthenticationFilter  : Set SecurityContextHolder to anonymous SecurityContext
2026-09-25T01:39:51.800+05:30 DEBUG 3592 --- [finapp-backend] [http-nio-2003-exec-1] o.s.s.w.a.Http403ForbiddenEntryPoint     : Pre-authenticated entry point called. Rejecting access
2026-09-25T01:39:57.255+05:30 DEBUG 3592 --- [finapp-backend] [http-nio-2003-exec-2] o.s.security.web.FilterChainProxy        : Securing POST /api/auth/login
2026-09-25T01:39:57.255+05:30 DEBUG 3592 --- [finapp-backend] [http-nio-2003-exec-2] o.s.s.w.a.AnonymousAuthenticationFilter  : Set SecurityContextHolder to anonymous SecurityContext
2026-09-25T01:39:57.255+05:30 DEBUG 3592 --- [finapp-backend] [http-nio-2003-exec-2] o.s.security.web.FilterChainProxy        : Secured POST /api/auth/login
2026-09-25T01:39:57.361+05:30 DEBUG 3592 --- [finapp-backend] [http-nio-2003-exec-2] o.s.s.a.dao.DaoAuthenticationProvider    : Failed to find user 'testaccount@test.com'
2026-09-25T01:39:57.362+05:30 DEBUG 3592 --- [finapp-backend] [http-nio-2003-exec-2] o.s.s.w.a.Http403ForbiddenEntryPoint     : Pre-authenticated entry point called. Rejecting access
2026-09-25T01:39:57.362+05:30 DEBUG 3592 --- [finapp-backend] [http-nio-2003-exec-2] o.s.security.web.FilterChainProxy        : Securing POST /error
2026-09-25T01:39:57.362+05:30 DEBUG 3592 --- [finapp-backend] [http-nio-2003-exec-2] o.s.s.w.a.AnonymousAuthenticationFilter  : Set SecurityContextHolder to anonymous SecurityContext
2026-09-25T01:39:57.363+05:30 DEBUG 3592 --- [finapp-backend] [http-nio-2003-exec-2] o.s.s.w.a.Http403ForbiddenEntryPoint     : Pre-authenticated entry point called. Rejecting access
2026-09-25T01:40:06.330+05:30 DEBUG 3592 --- [finapp-backend] [http-nio-2003-exec-6] o.s.security.web.FilterChainProxy        : Securing POST /api/auth/register
2026-09-25T01:40:06.330+05:30 DEBUG 3592 --- [finapp-backend] [http-nio-2003-exec-6] o.s.s.w.a.AnonymousAuthenticationFilter  : Set SecurityContextHolder to anonymous SecurityContext
2026-09-25T01:40:06.331+05:30 DEBUG 3592 --- [finapp-backend] [http-nio-2003-exec-6] o.s.security.web.FilterChainProxy        : Secured POST /api/auth/register
2026-09-25T01:40:11.717+05:30 DEBUG 3592 --- [finapp-backend] [http-nio-2003-exec-4] o.s.security.web.FilterChainProxy        : Securing POST /api/auth/login
2026-09-25T01:40:11.719+05:30 DEBUG 3592 --- [finapp-backend] [http-nio-2003-exec-4] o.s.s.w.a.AnonymousAuthenticationFilter  : Set SecurityContextHolder to anonymous SecurityContext
2026-09-25T01:40:11.719+05:30 DEBUG 3592 --- [finapp-backend] [http-nio-2003-exec-4] o.s.security.web.FilterChainProxy        : Secured POST /api/auth/login
2026-09-25T01:40:11.813+05:30 DEBUG 3592 --- [finapp-backend] [http-nio-2003-exec-4] o.s.s.a.dao.DaoAuthenticationProvider    : Authenticated user
2026-09-25T01:49:29.442+05:30  INFO 936 --- [finapp-backend] [main] com.finapp.FinappApplication             : Starting FinappApplication using Java 21.0.6 with PID 936 (E:\Finapp\backend\target\classes started by prash in E:\Finapp\backend)
2026-09-25T01:49:29.445+05:30  INFO 936 --- [finapp-backend] [main] com.finapp.FinappApplication             : The following 1 profile is active: "prod"
2026-09-25T01:49:30.688+05:30  INFO 936 --- [finapp-backend] [main] .s.d.r.c.RepositoryConfigurationDelegate : Bootstrapping Spring Data JPA repositories in DEFAULT mode.
2026-09-25T01:49:30.847+05:30  INFO 936 --- [finapp-backend] [main] .s.d.r.c.RepositoryConfigurationDelegate : Finished Spring Data repository scanning in 147 ms. Found 15 JPA repository interfaces.
2026-09-25T01:49:31.509+05:30  INFO 936 --- [finapp-backend] [main] o.s.b.w.embedded.tomcat.TomcatWebServer  : Tomcat initialized with port 2003 (http)
2026-09-25T01:49:31.524+05:30  INFO 936 --- [finapp-backend] [main] o.apache.catalina.core.StandardService   : Starting service [Tomcat]
2026-09-25T01:49:31.525+05:30  INFO 936 --- [finapp-backend] [main] o.apache.catalina.core.StandardEngine    : Starting Servlet engine: [Apache Tomcat/10.1.40]
2026-09-25T01:49:31.595+05:30  INFO 936 --- [finapp-backend] [main] o.a.c.c.C.[Tomcat].[localhost].[/]       : Initializing Spring embedded WebApplicationContext
2026-09-25T01:49:31.595+05:30  INFO 936 --- [finapp-backend] [main] w.s.c.ServletWebServerApplicationContext : Root WebApplicationContext: initialization completed in 2085 ms
2026-09-25T01:49:31.779+05:30  INFO 936 --- [finapp-backend] [main] o.hibernate.jpa.internal.util.LogHelper  : HHH000204: Processing PersistenceUnitInfo [name: default]
2026-09-25T01:49:31.839+05:30  INFO 936 --- [finapp-backend] [main] org.hibernate.Version                    : HHH000412: Hibernate ORM core version 6.6.13.Final
2026-09-25T01:49:31.880+05:30  INFO 936 --- [finapp-backend] [main] o.h.c.internal.RegionFactoryInitiator    : HHH000026: Second-level cache disabled
2026-09-25T01:49:32.174+05:30  INFO 936 --- [finapp-backend] [main] o.s.o.j.p.SpringPersistenceUnitInfo      : No LoadTimeWeaver setup: ignoring JPA class transformer
2026-09-25T01:49:32.208+05:30  INFO 936 --- [finapp-backend] [main] com.zaxxer.hikari.HikariDataSource       : HikariPool-1 - Starting...
2026-09-25T01:49:32.385+05:30  INFO 936 --- [finapp-backend] [main] com.zaxxer.hikari.pool.HikariPool        : HikariPool-1 - Added connection com.mysql.cj.jdbc.ConnectionImpl@6463da36
2026-09-25T01:49:32.387+05:30  INFO 936 --- [finapp-backend] [main] com.zaxxer.hikari.HikariDataSource       : HikariPool-1 - Start completed.
2026-09-25T01:49:32.438+05:30  WARN 936 --- [finapp-backend] [main] org.hibernate.orm.deprecation            : HHH90000025: MySQLDialect does not need to be specified explicitly using 'hibernate.dialect' (remove the property setting and it will be selected by default)
2026-09-25T01:49:32.457+05:30  INFO 936 --- [finapp-backend] [main] org.hibernate.orm.connections.pooling    : HHH10001005: Database info:
	Database JDBC URL [Connecting through datasource 'HikariDataSource (HikariPool-1)']
	Database driver: undefined/unknown
	Database version: 8.0.35
	Autocommit mode: undefined/unknown
	Isolation level: undefined/unknown
	Minimum pool size: undefined/unknown
	Maximum pool size: undefined/unknown
2026-09-25T01:49:33.965+05:30  INFO 936 --- [finapp-backend] [main] o.h.e.t.j.p.i.JtaPlatformInitiator       : HHH000489: No JTA platform available (set 'hibernate.transaction.jta.platform' to enable JTA platform integration)
2026-09-25T01:49:34.220+05:30  INFO 936 --- [finapp-backend] [main] j.LocalContainerEntityManagerFactoryBean : Initialized JPA EntityManagerFactory for persistence unit 'default'
2026-09-25T01:49:34.612+05:30  INFO 936 --- [finapp-backend] [main] o.s.d.j.r.query.QueryEnhancerFactory     : Hibernate is in classpath; If applicable, HQL parser will be used.
2026-09-25T01:49:39.026+05:30  INFO 936 --- [finapp-backend] [main] eAuthenticationProviderManagerConfigurer : Global AuthenticationManager configured with AuthenticationProvider bean with name authenticationProvider
2026-09-25T01:49:39.028+05:30  WARN 936 --- [finapp-backend] [main] r$InitializeUserDetailsManagerConfigurer : Global AuthenticationManager configured with an AuthenticationProvider bean. UserDetailsService beans will not be used by Spring Security for automatically configuring username/password login. Consider removing the AuthenticationProvider bean. Alternatively, consider using the UserDetailsService in a manually instantiated DaoAuthenticationProvider. If the current configuration is intentional, to turn off this warning, increase the logging level of 'org.springframework.security.config.annotation.authentication.configuration.InitializeUserDetailsBeanManagerConfigurer' to ERROR
2026-09-25T01:49:39.262+05:30  WARN 936 --- [finapp-backend] [main] JpaBaseConfiguration$JpaWebConfiguration : spring.jpa.open-in-view is enabled by default. Therefore, database queries may be performed during view rendering. Explicitly configure spring.jpa.open-in-view to disable this warning
2026-09-25T01:49:39.596+05:30 DEBUG 936 --- [finapp-backend] [main] o.s.s.web.DefaultSecurityFilterChain     : Will secure any request with filters: DisableEncodeUrlFilter, WebAsyncManagerIntegrationFilter, SecurityContextHolderFilter, HeaderWriterFilter, CorsFilter, LogoutFilter, JwtAuthenticationFilter, RequestCacheAwareFilter, SecurityContextHolderAwareRequestFilter, AnonymousAuthenticationFilter, SessionManagementFilter, ExceptionTranslationFilter, AuthorizationFilter
2026-09-25T01:49:39.821+05:30  WARN 936 --- [finapp-backend] [main] ConfigServletWebServerApplicationContext : Exception encountered during context initialization - cancelling refresh attempt: org.springframework.context.ApplicationContextException: Failed to start bean 'webServerStartStop'
2026-09-25T01:49:39.826+05:30  INFO 936 --- [finapp-backend] [main] j.LocalContainerEntityManagerFactoryBean : Closing JPA EntityManagerFactory for persistence unit 'default'
2026-09-25T01:49:39.827+05:30  INFO 936 --- [finapp-backend] [main] com.zaxxer.hikari.HikariDataSource       : HikariPool-1 - Shutdown initiated...
2026-09-25T01:49:39.835+05:30  INFO 936 --- [finapp-backend] [main] com.zaxxer.hikari.HikariDataSource       : HikariPool-1 - Shutdown completed.
2026-09-25T01:49:39.847+05:30  INFO 936 --- [finapp-backend] [main] .s.b.a.l.ConditionEvaluationReportLogger : 

Error starting ApplicationContext. To display the condition evaluation report re-run your application with 'debug' enabled.
2026-09-25T01:49:39.863+05:30 ERROR 936 --- [finapp-backend] [main] o.s.b.d.LoggingFailureAnalysisReporter   : 

***************************
APPLICATION FAILED TO START
***************************

Description:

Web server failed to start. Port 2003 was already in use.

Action:

Identify and stop the process that's listening on port 2003 or configure this application to listen on another port.

2026-09-25T01:50:41.104+05:30 DEBUG 3592 --- [finapp-backend] [http-nio-2003-exec-8] o.s.security.web.FilterChainProxy        : Securing OPTIONS /api/auth/register
2026-09-25T01:55:05.566+05:30 DEBUG 3592 --- [finapp-backend] [http-nio-2003-exec-10] o.s.security.web.FilterChainProxy        : Securing OPTIONS /api/auth/register
2026-09-25T01:55:05.576+05:30 DEBUG 3592 --- [finapp-backend] [http-nio-2003-exec-1] o.s.security.web.FilterChainProxy        : Securing POST /api/auth/register
2026-09-25T01:55:05.582+05:30 DEBUG 3592 --- [finapp-backend] [http-nio-2003-exec-1] o.s.s.w.a.AnonymousAuthenticationFilter  : Set SecurityContextHolder to anonymous SecurityContext
2026-09-25T01:55:05.584+05:30 DEBUG 3592 --- [finapp-backend] [http-nio-2003-exec-1] o.s.security.web.FilterChainProxy        : Secured POST /api/auth/register
2026-09-25T01:55:05.762+05:30 DEBUG 3592 --- [finapp-backend] [http-nio-2003-exec-5] o.s.security.web.FilterChainProxy        : Securing OPTIONS /api/cashback/wallets
2026-09-25T01:55:05.762+05:30 DEBUG 3592 --- [finapp-backend] [http-nio-2003-exec-2] o.s.security.web.FilterChainProxy        : Securing OPTIONS /api/dashboard/summary
2026-09-25T01:55:05.761+05:30 DEBUG 3592 --- [finapp-backend] [http-nio-2003-exec-6] o.s.security.web.FilterChainProxy        : Securing OPTIONS /api/budgets
2026-09-25T01:55:05.763+05:30 DEBUG 3592 --- [finapp-backend] [http-nio-2003-exec-3] o.s.security.web.FilterChainProxy        : Securing OPTIONS /api/dashboard/summary?startDate=2026-08-31&endDate=2026-09-29
2026-09-25T01:55:05.774+05:30 DEBUG 3592 --- [finapp-backend] [http-nio-2003-exec-8] o.s.security.web.FilterChainProxy        : Securing GET /api/cashback/wallets
2026-09-25T01:55:05.774+05:30 DEBUG 3592 --- [finapp-backend] [http-nio-2003-exec-7] o.s.security.web.FilterChainProxy        : Securing GET /api/dashboard/summary
2026-09-25T01:55:05.768+05:30 DEBUG 3592 --- [finapp-backend] [http-nio-2003-exec-4] o.s.security.web.FilterChainProxy        : Securing GET /api/budgets
2026-09-25T01:55:05.782+05:30 DEBUG 3592 --- [finapp-backend] [http-nio-2003-exec-9] o.s.security.web.FilterChainProxy        : Securing GET /api/dashboard/summary?startDate=2026-08-31&endDate=2026-09-29
2026-09-25T01:55:05.884+05:30 DEBUG 3592 --- [finapp-backend] [http-nio-2003-exec-4] o.s.security.web.FilterChainProxy        : Secured GET /api/budgets
2026-09-25T01:55:05.884+05:30 DEBUG 3592 --- [finapp-backend] [http-nio-2003-exec-7] o.s.security.web.FilterChainProxy        : Secured GET /api/dashboard/summary
2026-09-25T01:55:05.885+05:30 DEBUG 3592 --- [finapp-backend] [http-nio-2003-exec-9] o.s.security.web.FilterChainProxy        : Secured GET /api/dashboard/summary?startDate=2026-08-31&endDate=2026-09-29
2026-09-25T01:55:05.885+05:30 DEBUG 3592 --- [finapp-backend] [http-nio-2003-exec-8] o.s.security.web.FilterChainProxy        : Secured GET /api/cashback/wallets
2026-09-25T01:55:05.962+05:30 DEBUG 3592 --- [finapp-backend] [http-nio-2003-exec-1] o.s.security.web.FilterChainProxy        : Securing OPTIONS /api/transactions/budget/Monthly Food Expense?startDate=2026-08-31&endDate=2026-09-29
2026-09-25T01:55:05.964+05:30 DEBUG 3592 --- [finapp-backend] [http-nio-2003-exec-2] o.s.security.web.FilterChainProxy        : Securing OPTIONS /api/transactions/budget/Monthly Investment?startDate=2026-08-31&endDate=2026-09-29
2026-09-25T01:55:05.957+05:30 DEBUG 3592 --- [finapp-backend] [http-nio-2003-exec-6] o.s.security.web.FilterChainProxy        : Securing OPTIONS /api/transactions/budget/Monthly Spend?startDate=2026-08-31&endDate=2026-09-29
2026-09-25T01:55:05.964+05:30 DEBUG 3592 --- [finapp-backend] [http-nio-2003-exec-10] o.s.security.web.FilterChainProxy        : Securing OPTIONS /api/transactions/budget/Miscellaneous?startDate=2026-08-31&endDate=2026-09-29
2026-09-25T01:55:05.973+05:30 DEBUG 3592 --- [finapp-backend] [http-nio-2003-exec-5] o.s.security.web.FilterChainProxy        : Securing OPTIONS /api/transactions/budget/Monthly Total Expense?startDate=2026-08-31&endDate=2026-09-29
2026-09-25T01:55:05.995+05:30 DEBUG 3592 --- [finapp-backend] [http-nio-2003-exec-3] o.s.security.web.FilterChainProxy        : Securing GET /api/transactions/budget/Monthly Food Expense?startDate=2026-08-31&endDate=2026-09-29
2026-09-25T01:55:06.022+05:30 DEBUG 3592 --- [finapp-backend] [http-nio-2003-exec-2] o.s.security.web.FilterChainProxy        : Securing OPTIONS /api/transactions/budget/Monthly Total Savings?startDate=2026-08-31&endDate=2026-09-29
2026-09-25T01:55:06.024+05:30 DEBUG 3592 --- [finapp-backend] [http-nio-2003-exec-6] o.s.security.web.FilterChainProxy        : Securing GET /api/transactions/budget/Monthly Investment?startDate=2026-08-31&endDate=2026-09-29
2026-09-25T01:55:06.036+05:30 DEBUG 3592 --- [finapp-backend] [http-nio-2003-exec-8] o.s.security.web.FilterChainProxy        : Securing GET /api/transactions/budget/Miscellaneous?startDate=2026-08-31&endDate=2026-09-29
2026-09-25T01:55:06.038+05:30 DEBUG 3592 --- [finapp-backend] [http-nio-2003-exec-4] o.s.security.web.FilterChainProxy        : Securing GET /api/transactions/budget/Monthly Spend?startDate=2026-08-31&endDate=2026-09-29
2026-09-25T01:55:06.060+05:30 DEBUG 3592 --- [finapp-backend] [http-nio-2003-exec-3] o.s.security.web.FilterChainProxy        : Secured GET /api/transactions/budget/Monthly Food Expense?startDate=2026-08-31&endDate=2026-09-29
2026-09-25T01:55:06.075+05:30 DEBUG 3592 --- [finapp-backend] [http-nio-2003-exec-8] o.s.security.web.FilterChainProxy        : Secured GET /api/transactions/budget/Miscellaneous?startDate=2026-08-31&endDate=2026-09-29
2026-09-25T01:55:06.079+05:30 DEBUG 3592 --- [finapp-backend] [http-nio-2003-exec-4] o.s.security.web.FilterChainProxy        : Secured GET /api/transactions/budget/Monthly Spend?startDate=2026-08-31&endDate=2026-09-29
2026-09-25T01:55:06.436+05:30 DEBUG 3592 --- [finapp-backend] [http-nio-2003-exec-6] o.s.security.web.FilterChainProxy        : Secured GET /api/transactions/budget/Monthly Investment?startDate=2026-08-31&endDate=2026-09-29
2026-09-25T01:55:06.454+05:30 DEBUG 3592 --- [finapp-backend] [http-nio-2003-exec-6] o.s.security.web.FilterChainProxy        : Securing GET /api/transactions/budget/Monthly Total Savings?startDate=2026-08-31&endDate=2026-09-29
2026-09-25T01:55:06.458+05:30 DEBUG 3592 --- [finapp-backend] [http-nio-2003-exec-1] o.s.security.web.FilterChainProxy        : Securing GET /api/transactions/budget/Monthly Total Expense?startDate=2026-08-31&endDate=2026-09-29
2026-09-25T01:55:06.477+05:30 DEBUG 3592 --- [finapp-backend] [http-nio-2003-exec-6] o.s.security.web.FilterChainProxy        : Secured GET /api/transactions/budget/Monthly Total Savings?startDate=2026-08-31&endDate=2026-09-29
2026-09-25T01:55:06.477+05:30 DEBUG 3592 --- [finapp-backend] [http-nio-2003-exec-1] o.s.security.web.FilterChainProxy        : Secured GET /api/transactions/budget/Monthly Total Expense?startDate=2026-08-31&endDate=2026-09-29
2026-09-25T01:55:06.493+05:30 DEBUG 3592 --- [finapp-backend] [http-nio-2003-exec-10] o.s.security.web.FilterChainProxy        : Securing OPTIONS /api/cashback/entries
2026-09-25T01:55:06.497+05:30 DEBUG 3592 --- [finapp-backend] [http-nio-2003-exec-2] o.s.security.web.FilterChainProxy        : Securing OPTIONS /api/trading/analytics
2026-09-25T01:55:06.497+05:30 DEBUG 3592 --- [finapp-backend] [http-nio-2003-exec-5] o.s.security.web.FilterChainProxy        : Securing GET /api/cashback/entries
2026-09-25T01:55:06.501+05:30 DEBUG 3592 --- [finapp-backend] [http-nio-2003-exec-3] o.s.security.web.FilterChainProxy        : Securing GET /api/trading/analytics
2026-09-25T01:55:06.512+05:30 DEBUG 3592 --- [finapp-backend] [http-nio-2003-exec-5] o.s.security.web.FilterChainProxy        : Secured GET /api/cashback/entries
2026-09-25T01:55:06.514+05:30 DEBUG 3592 --- [finapp-backend] [http-nio-2003-exec-3] o.s.security.web.FilterChainProxy        : Secured GET /api/trading/analytics
2026-09-25T01:55:06.689+05:30  WARN 3592 --- [finapp-backend] [http-nio-2003-exec-9] o.h.engine.jdbc.spi.SqlExceptionHelper   : SQL Error: 1062, SQLState: 23000
2026-09-25T01:55:06.689+05:30 ERROR 3592 --- [finapp-backend] [http-nio-2003-exec-9] o.h.engine.jdbc.spi.SqlExceptionHelper   : Duplicate entry '2' for key 'compounding_settings.UKg8ba4cuhg0bgo3lj5p0qmwc60'
2026-09-25T01:55:06.701+05:30 ERROR 3592 --- [finapp-backend] [http-nio-2003-exec-9] o.a.c.c.C.[.[.[/].[dispatcherServlet]    : Servlet.service() for servlet [dispatcherServlet] in context with path [] threw exception [Request processing failed: org.springframework.dao.DataIntegrityViolationException: could not execute statement [Duplicate entry '2' for key 'compounding_settings.UKg8ba4cuhg0bgo3lj5p0qmwc60'] [insert into compounding_settings (apply_to_investments,apply_to_trading,auto_compound,compounding_capital,fresh_capital_added,initial_capital,min_reinvest_amount,reinvest_percentage,total_reinvested_profits,user_id) values (?,?,?,?,?,?,?,?,?,?)]; SQL [insert into compounding_settings (apply_to_investments,apply_to_trading,auto_compound,compounding_capital,fresh_capital_added,initial_capital,min_reinvest_amount,reinvest_percentage,total_reinvested_profits,user_id) values (?,?,?,?,?,?,?,?,?,?)]; constraint [compounding_settings.UKg8ba4cuhg0bgo3lj5p0qmwc60]] with root cause

java.sql.SQLIntegrityConstraintViolationException: Duplicate entry '2' for key 'compounding_settings.UKg8ba4cuhg0bgo3lj5p0qmwc60'
	at com.mysql.cj.jdbc.exceptions.SQLError.createSQLException(SQLError.java:109) ~[mysql-connector-j-9.1.0.jar:9.1.0]
	at com.mysql.cj.jdbc.exceptions.SQLExceptionsMapping.translateException(SQLExceptionsMapping.java:114) ~[mysql-connector-j-9.1.0.jar:9.1.0]
	at com.mysql.cj.jdbc.ClientPreparedStatement.executeInternal(ClientPreparedStatement.java:988) ~[mysql-connector-j-9.1.0.jar:9.1.0]
	at com.mysql.cj.jdbc.ClientPreparedStatement.executeUpdateInternal(ClientPreparedStatement.java:1166) ~[mysql-connector-j-9.1.0.jar:9.1.0]
	at com.mysql.cj.jdbc.ClientPreparedStatement.executeUpdateInternal(ClientPreparedStatement.java:1101) ~[mysql-connector-j-9.1.0.jar:9.1.0]
	at com.mysql.cj.jdbc.ClientPreparedStatement.executeLargeUpdate(ClientPreparedStatement.java:1467) ~[mysql-connector-j-9.1.0.jar:9.1.0]
	at com.mysql.cj.jdbc.ClientPreparedStatement.executeUpdate(ClientPreparedStatement.java:1084) ~[mysql-connector-j-9.1.0.jar:9.1.0]
	at com.zaxxer.hikari.pool.ProxyPreparedStatement.executeUpdate(ProxyPreparedStatement.java:61) ~[HikariCP-5.1.0.jar:na]
	at com.zaxxer.hikari.pool.HikariProxyPreparedStatement.executeUpdate(HikariProxyPreparedStatement.java) ~[HikariCP-5.1.0.jar:na]
	at org.hibernate.engine.jdbc.internal.ResultSetReturnImpl.executeUpdate(ResultSetReturnImpl.java:194) ~[hibernate-core-6.6.13.Final.jar:6.6.13.Final]
	at org.hibernate.id.insert.GetGeneratedKeysDelegate.performMutation(GetGeneratedKeysDelegate.java:116) ~[hibernate-core-6.6.13.Final.jar:6.6.13.Final]
	at org.hibernate.engine.jdbc.mutation.internal.MutationExecutorSingleNonBatched.performNonBatchedOperations(MutationExecutorSingleNonBatched.java:47) ~[hibernate-core-6.6.13.Final.jar:6.6.13.Final]
	at org.hibernate.engine.jdbc.mutation.internal.AbstractMutationExecutor.execute(AbstractMutationExecutor.java:55) ~[hibernate-core-6.6.13.Final.jar:6.6.13.Final]
	at org.hibernate.persister.entity.mutation.InsertCoordinatorStandard.doStaticInserts(InsertCoordinatorStandard.java:194) ~[hibernate-core-6.6.13.Final.jar:6.6.13.Final]
	at org.hibernate.persister.entity.mutation.InsertCoordinatorStandard.coordinateInsert(InsertCoordinatorStandard.java:132) ~[hibernate-core-6.6.13.Final.jar:6.6.13.Final]
	at org.hibernate.persister.entity.mutation.InsertCoordinatorStandard.insert(InsertCoordinatorStandard.java:95) ~[hibernate-core-6.6.13.Final.jar:6.6.13.Final]
	at org.hibernate.action.internal.EntityIdentityInsertAction.execute(EntityIdentityInsertAction.java:85) ~[hibernate-core-6.6.13.Final.jar:6.6.13.Final]
	at org.hibernate.engine.spi.ActionQueue.execute(ActionQueue.java:682) ~[hibernate-core-6.6.13.Final.jar:6.6.13.Final]
	at org.hibernate.engine.spi.ActionQueue.addResolvedEntityInsertAction(ActionQueue.java:293) ~[hibernate-core-6.6.13.Final.jar:6.6.13.Final]
	at org.hibernate.engine.spi.ActionQueue.addInsertAction(ActionQueue.java:274) ~[hibernate-core-6.6.13.Final.jar:6.6.13.Final]
	at org.hibernate.engine.spi.ActionQueue.addAction(ActionQueue.java:324) ~[hibernate-core-6.6.13.Final.jar:6.6.13.Final]
	at org.hibernate.event.internal.AbstractSaveEventListener.addInsertAction(AbstractSaveEventListener.java:393) ~[hibernate-core-6.6.13.Final.jar:6.6.13.Final]
	at org.hibernate.event.internal.AbstractSaveEventListener.performSaveOrReplicate(AbstractSaveEventListener.java:307) ~[hibernate-core-6.6.13.Final.jar:6.6.13.Final]
	at org.hibernate.event.internal.AbstractSaveEventListener.performSave(AbstractSaveEventListener.java:223) ~[hibernate-core-6.6.13.Final.jar:6.6.13.Final]
	at org.hibernate.event.internal.AbstractSaveEventListener.saveWithGeneratedId(AbstractSaveEventListener.java:136) ~[hibernate-core-6.6.13.Final.jar:6.6.13.Final]
	at org.hibernate.event.internal.DefaultPersistEventListener.entityIsTransient(DefaultPersistEventListener.java:177) ~[hibernate-core-6.6.13.Final.jar:6.6.13.Final]
	at org.hibernate.event.internal.DefaultPersistEventListener.persist(DefaultPersistEventListener.java:95) ~[hibernate-core-6.6.13.Final.jar:6.6.13.Final]
	at org.hibernate.event.internal.DefaultPersistEventListener.onPersist(DefaultPersistEventListener.java:79) ~[hibernate-core-6.6.13.Final.jar:6.6.13.Final]
	at org.hibernate.event.internal.DefaultPersistEventListener.onPersist(DefaultPersistEventListener.java:55) ~[hibernate-core-6.6.13.Final.jar:6.6.13.Final]
	at org.hibernate.event.service.internal.EventListenerGroupImpl.fireEventOnEachListener(EventListenerGroupImpl.java:127) ~[hibernate-core-6.6.13.Final.jar:6.6.13.Final]
	at org.hibernate.internal.SessionImpl.firePersist(SessionImpl.java:761) ~[hibernate-core-6.6.13.Final.jar:6.6.13.Final]
	at org.hibernate.internal.SessionImpl.persist(SessionImpl.java:745) ~[hibernate-core-6.6.13.Final.jar:6.6.13.Final]
	at java.base/jdk.internal.reflect.DirectMethodHandleAccessor.invoke(DirectMethodHandleAccessor.java:103) ~[na:na]
	at java.base/java.lang.reflect.Method.invoke(Method.java:580) ~[na:na]
	at org.springframework.orm.jpa.ExtendedEntityManagerCreator$ExtendedEntityManagerInvocationHandler.invoke(ExtendedEntityManagerCreator.java:364) ~[spring-orm-6.2.6.jar:6.2.6]
	at jdk.proxy2/jdk.proxy2.$Proxy142.persist(Unknown Source) ~[na:na]
	at java.base/jdk.internal.reflect.DirectMethodHandleAccessor.invoke(DirectMethodHandleAccessor.java:103) ~[na:na]
	at java.base/java.lang.reflect.Method.invoke(Method.java:580) ~[na:na]
	at org.springframework.orm.jpa.SharedEntityManagerCreator$SharedEntityManagerInvocationHandler.invoke(SharedEntityManagerCreator.java:320) ~[spring-orm-6.2.6.jar:6.2.6]
	at jdk.proxy2/jdk.proxy2.$Proxy142.persist(Unknown Source) ~[na:na]
	at org.springframework.data.jpa.repository.support.SimpleJpaRepository.save(SimpleJpaRepository.java:636) ~[spring-data-jpa-3.4.5.jar:3.4.5]
	at java.base/jdk.internal.reflect.DirectMethodHandleAccessor.invoke(DirectMethodHandleAccessor.java:103) ~[na:na]
	at java.base/java.lang.reflect.Method.invoke(Method.java:580) ~[na:na]
	at org.springframework.aop.support.AopUtils.invokeJoinpointUsingReflection(AopUtils.java:359) ~[spring-aop-6.2.6.jar:6.2.6]
	at org.springframework.data.repository.core.support.RepositoryMethodInvoker$RepositoryFragmentMethodInvoker.lambda$new$0(RepositoryMethodInvoker.java:277) ~[spring-data-commons-3.4.5.jar:3.4.5]
	at org.springframework.data.repository.core.support.RepositoryMethodInvoker.doInvoke(RepositoryMethodInvoker.java:170) ~[spring-data-commons-3.4.5.jar:3.4.5]
	at org.springframework.data.repository.core.support.RepositoryMethodInvoker.invoke(RepositoryMethodInvoker.java:158) ~[spring-data-commons-3.4.5.jar:3.4.5]
	at org.springframework.data.repository.core.support.RepositoryComposition$RepositoryFragments.invoke(RepositoryComposition.java:515) ~[spring-data-commons-3.4.5.jar:3.4.5]
	at org.springframework.data.repository.core.support.RepositoryComposition.invoke(RepositoryComposition.java:284) ~[spring-data-commons-3.4.5.jar:3.4.5]
	at org.springframework.data.repository.core.support.RepositoryFactorySupport$ImplementationMethodExecutionInterceptor.invoke(RepositoryFactorySupport.java:731) ~[spring-data-commons-3.4.5.jar:3.4.5]
	at org.springframework.aop.framework.ReflectiveMethodInvocation.proceed(ReflectiveMethodInvocation.java:184) ~[spring-aop-6.2.6.jar:6.2.6]
	at org.springframework.data.repository.core.support.QueryExecutorMethodInterceptor.doInvoke(QueryExecutorMethodInterceptor.java:174) ~[spring-data-commons-3.4.5.jar:3.4.5]
	at org.springframework.data.repository.core.support.QueryExecutorMethodInterceptor.invoke(QueryExecutorMethodInterceptor.java:149) ~[spring-data-commons-3.4.5.jar:3.4.5]
	at org.springframework.aop.framework.ReflectiveMethodInvocation.proceed(ReflectiveMethodInvocation.java:184) ~[spring-aop-6.2.6.jar:6.2.6]
	at org.springframework.data.projection.DefaultMethodInvokingMethodInterceptor.invoke(DefaultMethodInvokingMethodInterceptor.java:69) ~[spring-data-commons-3.4.5.jar:3.4.5]
	at org.springframework.aop.framework.ReflectiveMethodInvocation.proceed(ReflectiveMethodInvocation.java:184) ~[spring-aop-6.2.6.jar:6.2.6]
	at org.springframework.transaction.interceptor.TransactionAspectSupport.invokeWithinTransaction(TransactionAspectSupport.java:380) ~[spring-tx-6.2.6.jar:6.2.6]
	at org.springframework.transaction.interceptor.TransactionInterceptor.invoke(TransactionInterceptor.java:119) ~[spring-tx-6.2.6.jar:6.2.6]
	at org.springframework.aop.framework.ReflectiveMethodInvocation.proceed(ReflectiveMethodInvocation.java:184) ~[spring-aop-6.2.6.jar:6.2.6]
	at org.springframework.dao.support.PersistenceExceptionTranslationInterceptor.invoke(PersistenceExceptionTranslationInterceptor.java:138) ~[spring-tx-6.2.6.jar:6.2.6]
	at org.springframework.aop.framework.ReflectiveMethodInvocation.proceed(ReflectiveMethodInvocation.java:184) ~[spring-aop-6.2.6.jar:6.2.6]
	at org.springframework.data.jpa.repository.support.CrudMethodMetadataPostProcessor$CrudMethodMetadataPopulatingMethodInterceptor.invoke(CrudMethodMetadataPostProcessor.java:165) ~[spring-data-jpa-3.4.5.jar:3.4.5]
	at org.springframework.aop.framework.ReflectiveMethodInvocation.proceed(ReflectiveMethodInvocation.java:184) ~[spring-aop-6.2.6.jar:6.2.6]
	at org.springframework.aop.framework.JdkDynamicAopProxy.invoke(JdkDynamicAopProxy.java:223) ~[spring-aop-6.2.6.jar:6.2.6]
	at jdk.proxy2/jdk.proxy2.$Proxy167.save(Unknown Source) ~[na:na]
	at com.finapp.service.CompoundingService.lambda$getOrCreateSettings$0(CompoundingService.java:36) ~[classes/:na]
	at java.base/java.util.Optional.orElseGet(Optional.java:364) ~[na:na]
	at com.finapp.service.CompoundingService.getOrCreateSettings(CompoundingService.java:32) ~[classes/:na]
	at com.finapp.service.CompoundingService.getCompoundingCapital(CompoundingService.java:426) ~[classes/:na]
	at java.base/jdk.internal.reflect.DirectMethodHandleAccessor.invoke(DirectMethodHandleAccessor.java:103) ~[na:na]
	at java.base/java.lang.reflect.Method.invoke(Method.java:580) ~[na:na]
	at org.springframework.aop.support.AopUtils.invokeJoinpointUsingReflection(AopUtils.java:359) ~[spring-aop-6.2.6.jar:6.2.6]
	at org.springframework.aop.framework.CglibAopProxy$DynamicAdvisedInterceptor.intercept(CglibAopProxy.java:724) ~[spring-aop-6.2.6.jar:6.2.6]
	at com.finapp.service.CompoundingService$$SpringCGLIB$$0.getCompoundingCapital(<generated>) ~[classes/:na]
	at com.finapp.service.DashboardService.getSummary(DashboardService.java:57) ~[classes/:na]
	at com.finapp.controller.DashboardController.getSummary(DashboardController.java:37) ~[classes/:na]
	at java.base/jdk.internal.reflect.DirectMethodHandleAccessor.invoke(DirectMethodHandleAccessor.java:103) ~[na:na]
	at java.base/java.lang.reflect.Method.invoke(Method.java:580) ~[na:na]
	at org.springframework.web.method.support.InvocableHandlerMethod.doInvoke(InvocableHandlerMethod.java:258) ~[spring-web-6.2.6.jar:6.2.6]
	at org.springframework.web.method.support.InvocableHandlerMethod.invokeForRequest(InvocableHandlerMethod.java:191) ~[spring-web-6.2.6.jar:6.2.6]
	at org.springframework.web.servlet.mvc.method.annotation.ServletInvocableHandlerMethod.invokeAndHandle(ServletInvocableHandlerMethod.java:118) ~[spring-webmvc-6.2.6.jar:6.2.6]
	at org.springframework.web.servlet.mvc.method.annotation.RequestMappingHandlerAdapter.invokeHandlerMethod(RequestMappingHandlerAdapter.java:986) ~[spring-webmvc-6.2.6.jar:6.2.6]
	at org.springframework.web.servlet.mvc.method.annotation.RequestMappingHandlerAdapter.handleInternal(RequestMappingHandlerAdapter.java:891) ~[spring-webmvc-6.2.6.jar:6.2.6]
	at org.springframework.web.servlet.mvc.method.AbstractHandlerMethodAdapter.handle(AbstractHandlerMethodAdapter.java:87) ~[spring-webmvc-6.2.6.jar:6.2.6]
	at org.springframework.web.servlet.DispatcherServlet.doDispatch(DispatcherServlet.java:1089) ~[spring-webmvc-6.2.6.jar:6.2.6]
	at org.springframework.web.servlet.DispatcherServlet.doService(DispatcherServlet.java:979) ~[spring-webmvc-6.2.6.jar:6.2.6]
	at org.springframework.web.servlet.FrameworkServlet.processRequest(FrameworkServlet.java:1014) ~[spring-webmvc-6.2.6.jar:6.2.6]
	at org.springframework.web.servlet.FrameworkServlet.doGet(FrameworkServlet.java:903) ~[spring-webmvc-6.2.6.jar:6.2.6]
	at jakarta.servlet.http.HttpServlet.service(HttpServlet.java:564) ~[tomcat-embed-core-10.1.40.jar:6.0]
	at org.springframework.web.servlet.FrameworkServlet.service(FrameworkServlet.java:885) ~[spring-webmvc-6.2.6.jar:6.2.6]
	at jakarta.servlet.http.HttpServlet.service(HttpServlet.java:658) ~[tomcat-embed-core-10.1.40.jar:6.0]
	at org.apache.catalina.core.ApplicationFilterChain.internalDoFilter(ApplicationFilterChain.java:195) ~[tomcat-embed-core-10.1.40.jar:10.1.40]
	at org.apache.catalina.core.ApplicationFilterChain.doFilter(ApplicationFilterChain.java:140) ~[tomcat-embed-core-10.1.40.jar:10.1.40]
	at org.apache.tomcat.websocket.server.WsFilter.doFilter(WsFilter.java:51) ~[tomcat-embed-websocket-10.1.40.jar:10.1.40]
	at org.apache.catalina.core.ApplicationFilterChain.internalDoFilter(ApplicationFilterChain.java:164) ~[tomcat-embed-core-10.1.40.jar:10.1.40]
	at org.apache.catalina.core.ApplicationFilterChain.doFilter(ApplicationFilterChain.java:140) ~[tomcat-embed-core-10.1.40.jar:10.1.40]
	at org.springframework.web.filter.OncePerRequestFilter.doFilter(OncePerRequestFilter.java:110) ~[spring-web-6.2.6.jar:6.2.6]
	at org.apache.catalina.core.ApplicationFilterChain.internalDoFilter(ApplicationFilterChain.java:164) ~[tomcat-embed-core-10.1.40.jar:10.1.40]
	at org.apache.catalina.core.ApplicationFilterChain.doFilter(ApplicationFilterChain.java:140) ~[tomcat-embed-core-10.1.40.jar:10.1.40]
	at org.springframework.web.filter.CompositeFilter$VirtualFilterChain.doFilter(CompositeFilter.java:108) ~[spring-web-6.2.6.jar:6.2.6]
	at org.springframework.security.web.FilterChainProxy.lambda$doFilterInternal$3(FilterChainProxy.java:231) ~[spring-security-web-6.4.5.jar:6.4.5]
	at org.springframework.security.web.FilterChainProxy$VirtualFilterChain.doFilter(FilterChainProxy.java:365) ~[spring-security-web-6.4.5.jar:6.4.5]
	at org.springframework.security.web.access.intercept.AuthorizationFilter.doFilter(AuthorizationFilter.java:101) ~[spring-security-web-6.4.5.jar:6.4.5]
	at org.springframework.security.web.FilterChainProxy$VirtualFilterChain.doFilter(FilterChainProxy.java:374) ~[spring-security-web-6.4.5.jar:6.4.5]
	at org.springframework.security.web.access.ExceptionTranslationFilter.doFilter(ExceptionTranslationFilter.java:126) ~[spring-security-web-6.4.5.jar:6.4.5]
	at org.springframework.security.web.access.ExceptionTranslationFilter.doFilter(ExceptionTranslationFilter.java:120) ~[spring-security-web-6.4.5.jar:6.4.5]
	at org.springframework.security.web.FilterChainProxy$VirtualFilterChain.doFilter(FilterChainProxy.java:374) ~[spring-security-web-6.4.5.jar:6.4.5]
	at org.springframework.security.web.session.SessionManagementFilter.doFilter(SessionManagementFilter.java:131) ~[spring-security-web-6.4.5.jar:6.4.5]
	at org.springframework.security.web.session.SessionManagementFilter.doFilter(SessionManagementFilter.java:85) ~[spring-security-web-6.4.5.jar:6.4.5]
	at org.springframework.security.web.FilterChainProxy$VirtualFilterChain.doFilter(FilterChainProxy.java:374) ~[spring-security-web-6.4.5.jar:6.4.5]
	at org.springframework.security.web.authentication.AnonymousAuthenticationFilter.doFilter(AnonymousAuthenticationFilter.java:100) ~[spring-security-web-6.4.5.jar:6.4.5]
	at org.springframework.security.web.FilterChainProxy$VirtualFilterChain.doFilter(FilterChainProxy.java:374) ~[spring-security-web-6.4.5.jar:6.4.5]
	at org.springframework.security.web.servletapi.SecurityContextHolderAwareRequestFilter.doFilter(SecurityContextHolderAwareRequestFilter.java:179) ~[spring-security-web-6.4.5.jar:6.4.5]
	at org.springframework.security.web.FilterChainProxy$VirtualFilterChain.doFilter(FilterChainProxy.java:374) ~[spring-security-web-6.4.5.jar:6.4.5]
	at org.springframework.security.web.savedrequest.RequestCacheAwareFilter.doFilter(RequestCacheAwareFilter.java:63) ~[spring-security-web-6.4.5.jar:6.4.5]
	at org.springframework.security.web.FilterChainProxy$VirtualFilterChain.doFilter(FilterChainProxy.java:374) ~[spring-security-web-6.4.5.jar:6.4.5]
	at com.finapp.config.JwtAuthenticationFilter.doFilterInternal(JwtAuthenticationFilter.java:71) ~[classes/:na]
	at org.springframework.web.filter.OncePerRequestFilter.doFilter(OncePerRequestFilter.java:116) ~[spring-web-6.2.6.jar:6.2.6]
	at org.springframework.security.web.FilterChainProxy$VirtualFilterChain.doFilter(FilterChainProxy.java:374) ~[spring-security-web-6.4.5.jar:6.4.5]
	at org.springframework.security.web.authentication.logout.LogoutFilter.doFilter(LogoutFilter.java:107) ~[spring-security-web-6.4.5.jar:6.4.5]
	at org.springframework.security.web.authentication.logout.LogoutFilter.doFilter(LogoutFilter.java:93) ~[spring-security-web-6.4.5.jar:6.4.5]
	at org.springframework.security.web.FilterChainProxy$VirtualFilterChain.doFilter(FilterChainProxy.java:374) ~[spring-security-web-6.4.5.jar:6.4.5]
	at org.springframework.web.filter.CorsFilter.doFilterInternal(CorsFilter.java:91) ~[spring-web-6.2.6.jar:6.2.6]
	at org.springframework.web.filter.OncePerRequestFilter.doFilter(OncePerRequestFilter.java:116) ~[spring-web-6.2.6.jar:6.2.6]
	at org.springframework.security.web.FilterChainProxy$VirtualFilterChain.doFilter(FilterChainProxy.java:374) ~[spring-security-web-6.4.5.jar:6.4.5]
	at org.springframework.security.web.header.HeaderWriterFilter.doHeadersAfter(HeaderWriterFilter.java:90) ~[spring-security-web-6.4.5.jar:6.4.5]
	at org.springframework.security.web.header.HeaderWriterFilter.doFilterInternal(HeaderWriterFilter.java:75) ~[spring-security-web-6.4.5.jar:6.4.5]
	at org.springframework.web.filter.OncePerRequestFilter.doFilter(OncePerRequestFilter.java:116) ~[spring-web-6.2.6.jar:6.2.6]
	at org.springframework.security.web.FilterChainProxy$VirtualFilterChain.doFilter(FilterChainProxy.java:374) ~[spring-security-web-6.4.5.jar:6.4.5]
	at org.springframework.security.web.context.SecurityContextHolderFilter.doFilter(SecurityContextHolderFilter.java:82) ~[spring-security-web-6.4.5.jar:6.4.5]
	at org.springframework.security.web.context.SecurityContextHolderFilter.doFilter(SecurityContextHolderFilter.java:69) ~[spring-security-web-6.4.5.jar:6.4.5]
	at org.springframework.security.web.FilterChainProxy$VirtualFilterChain.doFilter(FilterChainProxy.java:374) ~[spring-security-web-6.4.5.jar:6.4.5]
	at org.springframework.security.web.context.request.async.WebAsyncManagerIntegrationFilter.doFilterInternal(WebAsyncManagerIntegrationFilter.java:62) ~[spring-security-web-6.4.5.jar:6.4.5]
	at org.springframework.web.filter.OncePerRequestFilter.doFilter(OncePerRequestFilter.java:116) ~[spring-web-6.2.6.jar:6.2.6]
	at org.springframework.security.web.FilterChainProxy$VirtualFilterChain.doFilter(FilterChainProxy.java:374) ~[spring-security-web-6.4.5.jar:6.4.5]
	at org.springframework.security.web.session.DisableEncodeUrlFilter.doFilterInternal(DisableEncodeUrlFilter.java:42) ~[spring-security-web-6.4.5.jar:6.4.5]
	at org.springframework.web.filter.OncePerRequestFilter.doFilter(OncePerRequestFilter.java:116) ~[spring-web-6.2.6.jar:6.2.6]
	at org.springframework.security.web.FilterChainProxy$VirtualFilterChain.doFilter(FilterChainProxy.java:374) ~[spring-security-web-6.4.5.jar:6.4.5]
	at org.springframework.security.web.FilterChainProxy.doFilterInternal(FilterChainProxy.java:233) ~[spring-security-web-6.4.5.jar:6.4.5]
	at org.springframework.security.web.FilterChainProxy.doFilter(FilterChainProxy.java:191) ~[spring-security-web-6.4.5.jar:6.4.5]
	at org.springframework.web.filter.CompositeFilter$VirtualFilterChain.doFilter(CompositeFilter.java:113) ~[spring-web-6.2.6.jar:6.2.6]
	at org.springframework.web.servlet.handler.HandlerMappingIntrospector.lambda$createCacheFilter$3(HandlerMappingIntrospector.java:243) ~[spring-webmvc-6.2.6.jar:6.2.6]
	at org.springframework.web.filter.CompositeFilter$VirtualFilterChain.doFilter(CompositeFilter.java:113) ~[spring-web-6.2.6.jar:6.2.6]
	at org.springframework.web.filter.CompositeFilter.doFilter(CompositeFilter.java:74) ~[spring-web-6.2.6.jar:6.2.6]
	at org.springframework.security.config.annotation.web.configuration.WebMvcSecurityConfiguration$CompositeFilterChainProxy.doFilter(WebMvcSecurityConfiguration.java:238) ~[spring-security-config-6.4.5.jar:6.4.5]
	at org.springframework.web.filter.DelegatingFilterProxy.invokeDelegate(DelegatingFilterProxy.java:362) ~[spring-web-6.2.6.jar:6.2.6]
	at org.springframework.web.filter.DelegatingFilterProxy.doFilter(DelegatingFilterProxy.java:278) ~[spring-web-6.2.6.jar:6.2.6]
	at org.apache.catalina.core.ApplicationFilterChain.internalDoFilter(ApplicationFilterChain.java:164) ~[tomcat-embed-core-10.1.40.jar:10.1.40]
	at org.apache.catalina.core.ApplicationFilterChain.doFilter(ApplicationFilterChain.java:140) ~[tomcat-embed-core-10.1.40.jar:10.1.40]
	at org.springframework.web.filter.RequestContextFilter.doFilterInternal(RequestContextFilter.java:100) ~[spring-web-6.2.6.jar:6.2.6]
	at org.springframework.web.filter.OncePerRequestFilter.doFilter(OncePerRequestFilter.java:116) ~[spring-web-6.2.6.jar:6.2.6]
	at org.apache.catalina.core.ApplicationFilterChain.internalDoFilter(ApplicationFilterChain.java:164) ~[tomcat-embed-core-10.1.40.jar:10.1.40]
	at org.apache.catalina.core.ApplicationFilterChain.doFilter(ApplicationFilterChain.java:140) ~[tomcat-embed-core-10.1.40.jar:10.1.40]
	at org.springframework.web.filter.FormContentFilter.doFilterInternal(FormContentFilter.java:93) ~[spring-web-6.2.6.jar:6.2.6]
	at org.springframework.web.filter.OncePerRequestFilter.doFilter(OncePerRequestFilter.java:116) ~[spring-web-6.2.6.jar:6.2.6]
	at org.apache.catalina.core.ApplicationFilterChain.internalDoFilter(ApplicationFilterChain.java:164) ~[tomcat-embed-core-10.1.40.jar:10.1.40]
	at org.apache.catalina.core.ApplicationFilterChain.doFilter(ApplicationFilterChain.java:140) ~[tomcat-embed-core-10.1.40.jar:10.1.40]
	at org.springframework.web.filter.CharacterEncodingFilter.doFilterInternal(CharacterEncodingFilter.java:201) ~[spring-web-6.2.6.jar:6.2.6]
	at org.springframework.web.filter.OncePerRequestFilter.doFilter(OncePerRequestFilter.java:116) ~[spring-web-6.2.6.jar:6.2.6]
	at org.apache.catalina.core.ApplicationFilterChain.internalDoFilter(ApplicationFilterChain.java:164) ~[tomcat-embed-core-10.1.40.jar:10.1.40]
	at org.apache.catalina.core.ApplicationFilterChain.doFilter(ApplicationFilterChain.java:140) ~[tomcat-embed-core-10.1.40.jar:10.1.40]
	at org.apache.catalina.core.StandardWrapperValve.invoke(StandardWrapperValve.java:167) ~[tomcat-embed-core-10.1.40.jar:10.1.40]
	at org.apache.catalina.core.StandardContextValve.invoke(StandardContextValve.java:90) ~[tomcat-embed-core-10.1.40.jar:10.1.40]
	at org.apache.catalina.authenticator.AuthenticatorBase.invoke(AuthenticatorBase.java:483) ~[tomcat-embed-core-10.1.40.jar:10.1.40]
	at org.apache.catalina.core.StandardHostValve.invoke(StandardHostValve.java:116) ~[tomcat-embed-core-10.1.40.jar:10.1.40]
	at org.apache.catalina.valves.ErrorReportValve.invoke(ErrorReportValve.java:93) ~[tomcat-embed-core-10.1.40.jar:10.1.40]
	at org.apache.catalina.core.StandardEngineValve.invoke(StandardEngineValve.java:74) ~[tomcat-embed-core-10.1.40.jar:10.1.40]
	at org.apache.catalina.connector.CoyoteAdapter.service(CoyoteAdapter.java:344) ~[tomcat-embed-core-10.1.40.jar:10.1.40]
	at org.apache.coyote.http11.Http11Processor.service(Http11Processor.java:398) ~[tomcat-embed-core-10.1.40.jar:10.1.40]
	at org.apache.coyote.AbstractProcessorLight.process(AbstractProcessorLight.java:63) ~[tomcat-embed-core-10.1.40.jar:10.1.40]
	at org.apache.coyote.AbstractProtocol$ConnectionHandler.process(AbstractProtocol.java:903) ~[tomcat-embed-core-10.1.40.jar:10.1.40]
	at org.apache.tomcat.util.net.NioEndpoint$SocketProcessor.doRun(NioEndpoint.java:1740) ~[tomcat-embed-core-10.1.40.jar:10.1.40]
	at org.apache.tomcat.util.net.SocketProcessorBase.run(SocketProcessorBase.java:52) ~[tomcat-embed-core-10.1.40.jar:10.1.40]
	at org.apache.tomcat.util.threads.ThreadPoolExecutor.runWorker(ThreadPoolExecutor.java:1189) ~[tomcat-embed-core-10.1.40.jar:10.1.40]
	at org.apache.tomcat.util.threads.ThreadPoolExecutor$Worker.run(ThreadPoolExecutor.java:658) ~[tomcat-embed-core-10.1.40.jar:10.1.40]
	at org.apache.tomcat.util.threads.TaskThread$WrappingRunnable.run(TaskThread.java:63) ~[tomcat-embed-core-10.1.40.jar:10.1.40]
	at java.base/java.lang.Thread.run(Thread.java:1583) ~[na:na]

2026-09-25T01:55:06.708+05:30 DEBUG 3592 --- [finapp-backend] [http-nio-2003-exec-9] o.s.security.web.FilterChainProxy        : Securing GET /error?startDate=2026-08-31&endDate=2026-09-29
2026-09-25T01:55:06.708+05:30 DEBUG 3592 --- [finapp-backend] [http-nio-2003-exec-9] o.s.s.w.a.AnonymousAuthenticationFilter  : Set SecurityContextHolder to anonymous SecurityContext
2026-09-25T01:55:06.708+05:30 DEBUG 3592 --- [finapp-backend] [http-nio-2003-exec-9] o.s.s.w.a.Http403ForbiddenEntryPoint     : Pre-authenticated entry point called. Rejecting access
2026-09-25T01:55:44.833+05:30 DEBUG 3592 --- [finapp-backend] [http-nio-2003-exec-4] o.s.security.web.FilterChainProxy        : Securing OPTIONS /api/transactions/type/CREDIT
2026-09-25T01:55:44.835+05:30 DEBUG 3592 --- [finapp-backend] [http-nio-2003-exec-8] o.s.security.web.FilterChainProxy        : Securing OPTIONS /api/transactions/type/DEBIT
2026-09-25T01:55:44.841+05:30 DEBUG 3592 --- [finapp-backend] [http-nio-2003-exec-7] o.s.security.web.FilterChainProxy        : Securing GET /api/transactions/type/CREDIT
2026-09-25T01:55:44.843+05:30 DEBUG 3592 --- [finapp-backend] [http-nio-2003-exec-6] o.s.security.web.FilterChainProxy        : Securing GET /api/transactions/type/DEBIT
2026-09-25T01:55:44.856+05:30 DEBUG 3592 --- [finapp-backend] [http-nio-2003-exec-7] o.s.security.web.FilterChainProxy        : Secured GET /api/transactions/type/CREDIT
2026-09-25T01:55:44.860+05:30 DEBUG 3592 --- [finapp-backend] [http-nio-2003-exec-6] o.s.security.web.FilterChainProxy        : Secured GET /api/transactions/type/DEBIT
2026-09-25T01:55:48.150+05:30 DEBUG 3592 --- [finapp-backend] [http-nio-2003-exec-1] o.s.security.web.FilterChainProxy        : Securing OPTIONS /api/dashboard/summary?startDate=2026-07-31&endDate=2026-08-30
2026-09-25T01:55:48.150+05:30 DEBUG 3592 --- [finapp-backend] [http-nio-2003-exec-10] o.s.security.web.FilterChainProxy        : Securing OPTIONS /api/budgets
2026-09-25T01:55:48.153+05:30 DEBUG 3592 --- [finapp-backend] [http-nio-2003-exec-5] o.s.security.web.FilterChainProxy        : Securing OPTIONS /api/dashboard/summary?startDate=2026-07-31&endDate=2026-08-30
2026-09-25T01:55:48.154+05:30 DEBUG 3592 --- [finapp-backend] [http-nio-2003-exec-3] o.s.security.web.FilterChainProxy        : Securing OPTIONS /api/budgets
2026-09-25T01:55:48.154+05:30 DEBUG 3592 --- [finapp-backend] [http-nio-2003-exec-2] o.s.security.web.FilterChainProxy        : Securing OPTIONS /api/cashback/wallets
2026-09-25T01:55:48.156+05:30 DEBUG 3592 --- [finapp-backend] [http-nio-2003-exec-9] o.s.security.web.FilterChainProxy        : Securing GET /api/budgets
2026-09-25T01:55:48.159+05:30 DEBUG 3592 --- [finapp-backend] [http-nio-2003-exec-4] o.s.security.web.FilterChainProxy        : Securing GET /api/cashback/wallets
2026-09-25T01:55:48.161+05:30 DEBUG 3592 --- [finapp-backend] [http-nio-2003-exec-8] o.s.security.web.FilterChainProxy        : Securing GET /api/dashboard/summary?startDate=2026-07-31&endDate=2026-08-30
2026-09-25T01:55:48.176+05:30 DEBUG 3592 --- [finapp-backend] [http-nio-2003-exec-9] o.s.security.web.FilterChainProxy        : Secured GET /api/budgets
2026-09-25T01:55:48.178+05:30 DEBUG 3592 --- [finapp-backend] [http-nio-2003-exec-8] o.s.security.web.FilterChainProxy        : Secured GET /api/dashboard/summary?startDate=2026-07-31&endDate=2026-08-30
2026-09-25T01:55:48.180+05:30 DEBUG 3592 --- [finapp-backend] [http-nio-2003-exec-4] o.s.security.web.FilterChainProxy        : Secured GET /api/cashback/wallets
2026-09-25T01:55:48.189+05:30 DEBUG 3592 --- [finapp-backend] [http-nio-2003-exec-7] o.s.security.web.FilterChainProxy        : Securing GET /api/budgets
2026-09-25T01:55:48.195+05:30 DEBUG 3592 --- [finapp-backend] [http-nio-2003-exec-6] o.s.security.web.FilterChainProxy        : Securing OPTIONS /api/transactions/budget/Miscellaneous?startDate=2026-07-31&endDate=2026-08-30
2026-09-25T01:55:48.195+05:30 DEBUG 3592 --- [finapp-backend] [http-nio-2003-exec-10] o.s.security.web.FilterChainProxy        : Securing OPTIONS /api/transactions/budget/Monthly Food Expense?startDate=2026-07-31&endDate=2026-08-30
2026-09-25T01:55:48.199+05:30 DEBUG 3592 --- [finapp-backend] [http-nio-2003-exec-2] o.s.security.web.FilterChainProxy        : Securing OPTIONS /api/transactions/budget/Monthly Investment?startDate=2026-07-31&endDate=2026-08-30
2026-09-25T01:55:48.203+05:30 DEBUG 3592 --- [finapp-backend] [http-nio-2003-exec-1] o.s.security.web.FilterChainProxy        : Securing OPTIONS /api/transactions/budget/Monthly Spend?startDate=2026-07-31&endDate=2026-08-30
2026-09-25T01:55:48.205+05:30 DEBUG 3592 --- [finapp-backend] [http-nio-2003-exec-5] o.s.security.web.FilterChainProxy        : Securing OPTIONS /api/transactions/budget/Monthly Total Expense?startDate=2026-07-31&endDate=2026-08-30
2026-09-25T01:55:48.207+05:30 DEBUG 3592 --- [finapp-backend] [http-nio-2003-exec-3] o.s.security.web.FilterChainProxy        : Securing OPTIONS /api/transactions/budget/Monthly Total Savings?startDate=2026-07-31&endDate=2026-08-30
2026-09-25T01:55:48.212+05:30 DEBUG 3592 --- [finapp-backend] [http-nio-2003-exec-10] o.s.security.web.FilterChainProxy        : Securing GET /api/transactions/budget/Miscellaneous?startDate=2026-07-31&endDate=2026-08-30
2026-09-25T01:55:48.212+05:30 DEBUG 3592 --- [finapp-backend] [http-nio-2003-exec-9] o.s.security.web.FilterChainProxy        : Securing GET /api/transactions/budget/Monthly Food Expense?startDate=2026-07-31&endDate=2026-08-30
2026-09-25T01:55:48.216+05:30 DEBUG 3592 --- [finapp-backend] [http-nio-2003-exec-4] o.s.security.web.FilterChainProxy        : Securing GET /api/transactions/budget/Monthly Spend?startDate=2026-07-31&endDate=2026-08-30
2026-09-25T01:55:48.216+05:30 DEBUG 3592 --- [finapp-backend] [http-nio-2003-exec-6] o.s.security.web.FilterChainProxy        : Securing GET /api/transactions/budget/Monthly Investment?startDate=2026-07-31&endDate=2026-08-30
2026-09-25T01:55:48.219+05:30 DEBUG 3592 --- [finapp-backend] [http-nio-2003-exec-7] o.s.security.web.FilterChainProxy        : Secured GET /api/budgets
2026-09-25T01:55:48.233+05:30 DEBUG 3592 --- [finapp-backend] [http-nio-2003-exec-9] o.s.security.web.FilterChainProxy        : Secured GET /api/transactions/budget/Monthly Food Expense?startDate=2026-07-31&endDate=2026-08-30
2026-09-25T01:55:48.233+05:30 DEBUG 3592 --- [finapp-backend] [http-nio-2003-exec-10] o.s.security.web.FilterChainProxy        : Secured GET /api/transactions/budget/Miscellaneous?startDate=2026-07-31&endDate=2026-08-30
2026-09-25T01:55:48.241+05:30 DEBUG 3592 --- [finapp-backend] [http-nio-2003-exec-2] o.s.security.web.FilterChainProxy        : Securing GET /api/transactions/budget/Monthly Total Savings?startDate=2026-07-31&endDate=2026-08-30
2026-09-25T01:55:48.245+05:30 DEBUG 3592 --- [finapp-backend] [http-nio-2003-exec-6] o.s.security.web.FilterChainProxy        : Secured GET /api/transactions/budget/Monthly Investment?startDate=2026-07-31&endDate=2026-08-30
2026-09-25T01:55:48.259+05:30 DEBUG 3592 --- [finapp-backend] [http-nio-2003-exec-1] o.s.security.web.FilterChainProxy        : Securing GET /api/transactions/budget/Monthly Total Expense?startDate=2026-07-31&endDate=2026-08-30
2026-09-25T01:55:48.261+05:30 DEBUG 3592 --- [finapp-backend] [http-nio-2003-exec-4] o.s.security.web.FilterChainProxy        : Secured GET /api/transactions/budget/Monthly Spend?startDate=2026-07-31&endDate=2026-08-30
2026-09-25T01:55:48.280+05:30 DEBUG 3592 --- [finapp-backend] [http-nio-2003-exec-2] o.s.security.web.FilterChainProxy        : Secured GET /api/transactions/budget/Monthly Total Savings?startDate=2026-07-31&endDate=2026-08-30
2026-09-25T01:55:48.281+05:30 DEBUG 3592 --- [finapp-backend] [http-nio-2003-exec-3] o.s.security.web.FilterChainProxy        : Securing GET /api/dashboard/summary?startDate=2026-07-31&endDate=2026-08-30
2026-09-25T01:55:48.290+05:30 DEBUG 3592 --- [finapp-backend] [http-nio-2003-exec-5] o.s.security.web.FilterChainProxy        : Securing GET /api/transactions/budget/Monthly Food Expense?startDate=2026-07-31&endDate=2026-08-30
2026-09-25T01:55:48.294+05:30 DEBUG 3592 --- [finapp-backend] [http-nio-2003-exec-10] o.s.security.web.FilterChainProxy        : Securing GET /api/transactions/budget/Monthly Spend?startDate=2026-07-31&endDate=2026-08-30
2026-09-25T01:55:48.295+05:30 DEBUG 3592 --- [finapp-backend] [http-nio-2003-exec-4] o.s.security.web.FilterChainProxy        : Securing GET /api/transactions/budget/Monthly Investment?startDate=2026-07-31&endDate=2026-08-30
2026-09-25T01:55:48.298+05:30 DEBUG 3592 --- [finapp-backend] [http-nio-2003-exec-1] o.s.security.web.FilterChainProxy        : Secured GET /api/transactions/budget/Monthly Total Expense?startDate=2026-07-31&endDate=2026-08-30
2026-09-25T01:55:48.315+05:30 DEBUG 3592 --- [finapp-backend] [http-nio-2003-exec-3] o.s.security.web.FilterChainProxy        : Secured GET /api/dashboard/summary?startDate=2026-07-31&endDate=2026-08-30
2026-09-25T01:55:48.327+05:30 DEBUG 3592 --- [finapp-backend] [http-nio-2003-exec-7] o.s.security.web.FilterChainProxy        : Securing GET /api/transactions/budget/Miscellaneous?startDate=2026-07-31&endDate=2026-08-30
2026-09-25T01:55:48.334+05:30 DEBUG 3592 --- [finapp-backend] [http-nio-2003-exec-4] o.s.security.web.FilterChainProxy        : Secured GET /api/transactions/budget/Monthly Investment?startDate=2026-07-31&endDate=2026-08-30
2026-09-25T01:55:48.334+05:30 DEBUG 3592 --- [finapp-backend] [http-nio-2003-exec-5] o.s.security.web.FilterChainProxy        : Secured GET /api/transactions/budget/Monthly Food Expense?startDate=2026-07-31&endDate=2026-08-30
2026-09-25T01:55:48.348+05:30 DEBUG 3592 --- [finapp-backend] [http-nio-2003-exec-7] o.s.security.web.FilterChainProxy        : Secured GET /api/transactions/budget/Miscellaneous?startDate=2026-07-31&endDate=2026-08-30
2026-09-25T01:55:48.351+05:30 DEBUG 3592 --- [finapp-backend] [http-nio-2003-exec-10] o.s.security.web.FilterChainProxy        : Secured GET /api/transactions/budget/Monthly Spend?startDate=2026-07-31&endDate=2026-08-30
2026-09-25T01:55:48.357+05:30 DEBUG 3592 --- [finapp-backend] [http-nio-2003-exec-8] o.s.security.web.FilterChainProxy        : Securing GET /api/transactions/budget/Monthly Total Expense?startDate=2026-07-31&endDate=2026-08-30
2026-09-25T01:55:48.363+05:30 DEBUG 3592 --- [finapp-backend] [http-nio-2003-exec-1] o.s.security.web.FilterChainProxy        : Securing GET /api/transactions/budget/Monthly Total Savings?startDate=2026-07-31&endDate=2026-08-30
2026-09-25T01:55:48.379+05:30 DEBUG 3592 --- [finapp-backend] [http-nio-2003-exec-5] o.s.security.web.FilterChainProxy        : Securing OPTIONS /api/cashback/entries
2026-09-25T01:55:48.379+05:30 DEBUG 3592 --- [finapp-backend] [http-nio-2003-exec-8] o.s.security.web.FilterChainProxy        : Secured GET /api/transactions/budget/Monthly Total Expense?startDate=2026-07-31&endDate=2026-08-30
2026-09-25T01:55:48.382+05:30 DEBUG 3592 --- [finapp-backend] [http-nio-2003-exec-6] o.s.security.web.FilterChainProxy        : Securing OPTIONS /api/trading/analytics
2026-09-25T01:55:48.394+05:30 DEBUG 3592 --- [finapp-backend] [http-nio-2003-exec-5] o.s.security.web.FilterChainProxy        : Securing GET /api/trading/analytics
2026-09-25T01:55:48.399+05:30 DEBUG 3592 --- [finapp-backend] [http-nio-2003-exec-6] o.s.security.web.FilterChainProxy        : Securing GET /api/cashback/entries
2026-09-25T01:55:48.412+05:30 DEBUG 3592 --- [finapp-backend] [http-nio-2003-exec-1] o.s.security.web.FilterChainProxy        : Secured GET /api/transactions/budget/Monthly Total Savings?startDate=2026-07-31&endDate=2026-08-30
2026-09-25T01:55:48.416+05:30 DEBUG 3592 --- [finapp-backend] [http-nio-2003-exec-5] o.s.security.web.FilterChainProxy        : Secured GET /api/trading/analytics
2026-09-25T01:55:48.418+05:30 DEBUG 3592 --- [finapp-backend] [http-nio-2003-exec-6] o.s.security.web.FilterChainProxy        : Secured GET /api/cashback/entries
2026-09-25T01:55:48.472+05:30 DEBUG 3592 --- [finapp-backend] [http-nio-2003-exec-6] o.s.security.web.FilterChainProxy        : Securing GET /api/cashback/entries
2026-09-25T01:55:48.485+05:30 DEBUG 3592 --- [finapp-backend] [http-nio-2003-exec-6] o.s.security.web.FilterChainProxy        : Secured GET /api/cashback/entries
2026-09-25T01:55:48.493+05:30 DEBUG 3592 --- [finapp-backend] [http-nio-2003-exec-2] o.s.security.web.FilterChainProxy        : Securing GET /api/trading/analytics
2026-09-25T01:55:48.503+05:30 DEBUG 3592 --- [finapp-backend] [http-nio-2003-exec-2] o.s.security.web.FilterChainProxy        : Secured GET /api/trading/analytics
2026-09-25T01:56:31.018+05:30 DEBUG 3592 --- [finapp-backend] [http-nio-2003-exec-4] o.s.security.web.FilterChainProxy        : Securing OPTIONS /api/dashboard/summary
2026-09-25T01:56:31.020+05:30 DEBUG 3592 --- [finapp-backend] [http-nio-2003-exec-7] o.s.security.web.FilterChainProxy        : Securing GET /api/dashboard/summary
2026-09-25T01:56:31.028+05:30 DEBUG 3592 --- [finapp-backend] [http-nio-2003-exec-7] o.s.security.web.FilterChainProxy        : Secured GET /api/dashboard/summary
2026-09-25T01:56:33.071+05:30 DEBUG 3592 --- [finapp-backend] [http-nio-2003-exec-9] o.s.security.web.FilterChainProxy        : Securing OPTIONS /api/cashback/wallets
2026-09-25T01:56:33.071+05:30 DEBUG 3592 --- [finapp-backend] [http-nio-2003-exec-3] o.s.security.web.FilterChainProxy        : Securing OPTIONS /api/transactions?month=9&year=2026
2026-09-25T01:56:33.076+05:30 DEBUG 3592 --- [finapp-backend] [http-nio-2003-exec-8] o.s.security.web.FilterChainProxy        : Securing GET /api/cashback/wallets
2026-09-25T01:56:33.076+05:30 DEBUG 3592 --- [finapp-backend] [http-nio-2003-exec-10] o.s.security.web.FilterChainProxy        : Securing GET /api/transactions?month=9&year=2026
2026-09-25T01:56:33.084+05:30 DEBUG 3592 --- [finapp-backend] [http-nio-2003-exec-10] o.s.security.web.FilterChainProxy        : Secured GET /api/transactions?month=9&year=2026
2026-09-25T01:56:33.084+05:30 DEBUG 3592 --- [finapp-backend] [http-nio-2003-exec-8] o.s.security.web.FilterChainProxy        : Secured GET /api/cashback/wallets
2026-09-25T01:56:35.273+05:30 DEBUG 3592 --- [finapp-backend] [http-nio-2003-exec-1] o.s.security.web.FilterChainProxy        : Securing OPTIONS /api/trading/trades
2026-09-25T01:56:35.274+05:30 DEBUG 3592 --- [finapp-backend] [http-nio-2003-exec-6] o.s.security.web.FilterChainProxy        : Securing OPTIONS /api/trading/analytics
2026-09-25T01:56:35.274+05:30 DEBUG 3592 --- [finapp-backend] [http-nio-2003-exec-5] o.s.security.web.FilterChainProxy        : Securing OPTIONS /api/trading/holdings
2026-09-25T01:56:35.276+05:30 DEBUG 3592 --- [finapp-backend] [http-nio-2003-exec-2] o.s.security.web.FilterChainProxy        : Securing OPTIONS /api/trading/compounding
2026-09-25T01:56:35.277+05:30 DEBUG 3592 --- [finapp-backend] [http-nio-2003-exec-4] o.s.security.web.FilterChainProxy        : Securing OPTIONS /api/trading/brokers
2026-09-25T01:56:35.280+05:30 DEBUG 3592 --- [finapp-backend] [http-nio-2003-exec-7] o.s.security.web.FilterChainProxy        : Securing GET /api/trading/trades
2026-09-25T01:56:35.280+05:30 DEBUG 3592 --- [finapp-backend] [http-nio-2003-exec-3] o.s.security.web.FilterChainProxy        : Securing GET /api/trading/analytics
2026-09-25T01:56:35.280+05:30 DEBUG 3592 --- [finapp-backend] [http-nio-2003-exec-9] o.s.security.web.FilterChainProxy        : Securing GET /api/trading/holdings
2026-09-25T01:56:35.280+05:30 DEBUG 3592 --- [finapp-backend] [http-nio-2003-exec-8] o.s.security.web.FilterChainProxy        : Securing GET /api/trading/compounding
2026-09-25T01:56:35.282+05:30 DEBUG 3592 --- [finapp-backend] [http-nio-2003-exec-10] o.s.security.web.FilterChainProxy        : Securing GET /api/trading/brokers
2026-09-25T01:56:35.288+05:30 DEBUG 3592 --- [finapp-backend] [http-nio-2003-exec-9] o.s.security.web.FilterChainProxy        : Secured GET /api/trading/holdings
2026-09-25T01:56:35.288+05:30 DEBUG 3592 --- [finapp-backend] [http-nio-2003-exec-3] o.s.security.web.FilterChainProxy        : Secured GET /api/trading/analytics
2026-09-25T01:56:35.288+05:30 DEBUG 3592 --- [finapp-backend] [http-nio-2003-exec-8] o.s.security.web.FilterChainProxy        : Secured GET /api/trading/compounding
2026-09-25T01:56:35.288+05:30 DEBUG 3592 --- [finapp-backend] [http-nio-2003-exec-7] o.s.security.web.FilterChainProxy        : Secured GET /api/trading/trades
2026-09-25T01:56:35.289+05:30 DEBUG 3592 --- [finapp-backend] [http-nio-2003-exec-10] o.s.security.web.FilterChainProxy        : Secured GET /api/trading/brokers
2026-09-25T01:56:36.371+05:30 DEBUG 3592 --- [finapp-backend] [http-nio-2003-exec-6] o.s.security.web.FilterChainProxy        : Securing GET /api/trading/compounding
2026-09-25T01:56:36.371+05:30 DEBUG 3592 --- [finapp-backend] [http-nio-2003-exec-1] o.s.security.web.FilterChainProxy        : Securing OPTIONS /api/trading/capital
2026-09-25T01:56:36.371+05:30 DEBUG 3592 --- [finapp-backend] [http-nio-2003-exec-5] o.s.security.web.FilterChainProxy        : Securing OPTIONS /api/investments/analytics
2026-09-25T01:56:36.377+05:30 DEBUG 3592 --- [finapp-backend] [http-nio-2003-exec-4] o.s.security.web.FilterChainProxy        : Securing GET /api/investments/analytics
2026-09-25T01:56:36.377+05:30 DEBUG 3592 --- [finapp-backend] [http-nio-2003-exec-2] o.s.security.web.FilterChainProxy        : Securing GET /api/trading/capital
2026-09-25T01:56:36.380+05:30 DEBUG 3592 --- [finapp-backend] [http-nio-2003-exec-6] o.s.security.web.FilterChainProxy        : Secured GET /api/trading/compounding
2026-09-25T01:56:36.382+05:30 DEBUG 3592 --- [finapp-backend] [http-nio-2003-exec-2] o.s.security.web.FilterChainProxy        : Secured GET /api/trading/capital
2026-09-25T01:56:36.382+05:30 DEBUG 3592 --- [finapp-backend] [http-nio-2003-exec-4] o.s.security.web.FilterChainProxy        : Secured GET /api/investments/analytics
2026-09-25T01:56:37.540+05:30 DEBUG 3592 --- [finapp-backend] [http-nio-2003-exec-7] o.s.security.web.FilterChainProxy        : Securing GET /api/cashback/wallets
2026-09-25T01:56:37.547+05:30 DEBUG 3592 --- [finapp-backend] [http-nio-2003-exec-7] o.s.security.web.FilterChainProxy        : Secured GET /api/cashback/wallets
2026-09-25T01:56:38.590+05:30 DEBUG 3592 --- [finapp-backend] [http-nio-2003-exec-8] o.s.security.web.FilterChainProxy        : Securing OPTIONS /api/udhar/records
2026-09-25T01:56:38.590+05:30 DEBUG 3592 --- [finapp-backend] [http-nio-2003-exec-10] o.s.security.web.FilterChainProxy        : Securing OPTIONS /api/udhar/summary
2026-09-25T01:56:38.597+05:30 DEBUG 3592 --- [finapp-backend] [http-nio-2003-exec-9] o.s.security.web.FilterChainProxy        : Securing GET /api/udhar/summary
2026-09-25T01:56:38.597+05:30 DEBUG 3592 --- [finapp-backend] [http-nio-2003-exec-3] o.s.security.web.FilterChainProxy        : Securing GET /api/udhar/records
2026-09-25T01:56:38.605+05:30 DEBUG 3592 --- [finapp-backend] [http-nio-2003-exec-3] o.s.security.web.FilterChainProxy        : Secured GET /api/udhar/records
2026-09-25T01:56:38.605+05:30 DEBUG 3592 --- [finapp-backend] [http-nio-2003-exec-9] o.s.security.web.FilterChainProxy        : Secured GET /api/udhar/summary
