[INFO] Scanning for projects...
[INFO] 
[INFO] ---------------------< com.finapp:finapp-backend >----------------------
[INFO] Building finapp-backend 0.0.1-SNAPSHOT
[INFO]   from pom.xml
[INFO] --------------------------------[ jar ]---------------------------------
[INFO] 
[INFO] >>> spring-boot:3.4.5:run (default-cli) > test-compile @ finapp-backend >>>
[INFO] 
[INFO] --- resources:3.3.1:resources (default-resources) @ finapp-backend ---
[INFO] Copying 1 resource from src\main\resources to target\classes
[INFO] Copying 0 resource from src\main\resources to target\classes
[INFO] 
[INFO] --- compiler:3.13.0:compile (default-compile) @ finapp-backend ---
[INFO] Recompiling the module because of added or removed source files.
[INFO] Compiling 23 source files with javac [debug parameters release 21] to target\classes
[INFO] Annotation processing is enabled because one or more processors were found
  on the class path. A future release of javac may disable annotation processing
  unless at least one processor is specified by name (-processor), or a search
  path is specified (--processor-path, --processor-module-path), or annotation
  processing is enabled explicitly (-proc:only, -proc:full).
  Use -Xlint:-options to suppress this message.
  Use -proc:none to disable annotation processing.
[INFO] 
[INFO] --- resources:3.3.1:testResources (default-testResources) @ finapp-backend ---
[INFO] skip non existing resourceDirectory e:\Finapp\backend\src\test\resources
[INFO] 
[INFO] --- compiler:3.13.0:testCompile (default-testCompile) @ finapp-backend ---
[INFO] No sources to compile
[INFO] 
[INFO] <<< spring-boot:3.4.5:run (default-cli) < test-compile @ finapp-backend <<<
[INFO] 
[INFO] 
[INFO] --- spring-boot:3.4.5:run (default-cli) @ finapp-backend ---
[INFO] Attaching agents: []

  .   ____          _            __ _ _
 /\\ / ___'_ __ _ _(_)_ __  __ _ \ \ \ \
( ( )\___ | '_ | '_| | '_ \/ _` | \ \ \ \
 \\/  ___)| |_)| | | | | || (_| |  ) ) ) )
  '  |____| .__|_| |_|_| |_\__, | / / / /
 =========|_|==============|___/=/_/_/_/

 :: Spring Boot ::                (v3.4.5)

2026-05-08T18:36:15.248+05:30  INFO 10728 --- [finapp-backend] [           main] com.finapp.FinappApplication             : Starting FinappApplication using Java 21.0.6 with PID 10728 (E:\Finapp\backend\target\classes started by prash in e:\Finapp\backend)
2026-05-08T18:36:15.252+05:30  INFO 10728 --- [finapp-backend] [           main] com.finapp.FinappApplication             : No active profile set, falling back to 1 default profile: "default"
2026-05-08T18:36:16.417+05:30  INFO 10728 --- [finapp-backend] [           main] .s.d.r.c.RepositoryConfigurationDelegate : Bootstrapping Spring Data JPA repositories in DEFAULT mode.
2026-05-08T18:36:16.510+05:30  INFO 10728 --- [finapp-backend] [           main] .s.d.r.c.RepositoryConfigurationDelegate : Finished Spring Data repository scanning in 82 ms. Found 3 JPA repository interfaces.
2026-05-08T18:36:17.179+05:30  INFO 10728 --- [finapp-backend] [           main] o.s.b.w.embedded.tomcat.TomcatWebServer  : Tomcat initialized with port 8080 (http)
2026-05-08T18:36:17.197+05:30  INFO 10728 --- [finapp-backend] [           main] o.apache.catalina.core.StandardService   : Starting service [Tomcat]
2026-05-08T18:36:17.197+05:30  INFO 10728 --- [finapp-backend] [           main] o.apache.catalina.core.StandardEngine    : Starting Servlet engine: [Apache Tomcat/10.1.40]
2026-05-08T18:36:17.271+05:30  INFO 10728 --- [finapp-backend] [           main] o.a.c.c.C.[Tomcat].[localhost].[/]       : Initializing Spring embedded WebApplicationContext
2026-05-08T18:36:17.272+05:30  INFO 10728 --- [finapp-backend] [           main] w.s.c.ServletWebServerApplicationContext : Root WebApplicationContext: initialization completed in 1928 ms
2026-05-08T18:36:17.481+05:30  INFO 10728 --- [finapp-backend] [           main] o.hibernate.jpa.internal.util.LogHelper  : HHH000204: Processing PersistenceUnitInfo [name: default]
2026-05-08T18:36:17.562+05:30  INFO 10728 --- [finapp-backend] [           main] org.hibernate.Version                    : HHH000412: Hibernate ORM core version 6.6.13.Final
2026-05-08T18:36:17.608+05:30  INFO 10728 --- [finapp-backend] [           main] o.h.c.internal.RegionFactoryInitiator    : HHH000026: Second-level cache disabled
2026-05-08T18:36:17.992+05:30  INFO 10728 --- [finapp-backend] [           main] o.s.o.j.p.SpringPersistenceUnitInfo      : No LoadTimeWeaver setup: ignoring JPA class transformer
2026-05-08T18:36:18.041+05:30  INFO 10728 --- [finapp-backend] [           main] com.zaxxer.hikari.HikariDataSource       : HikariPool-1 - Starting...
2026-05-08T18:36:18.395+05:30  INFO 10728 --- [finapp-backend] [           main] com.zaxxer.hikari.pool.HikariPool        : HikariPool-1 - Added connection com.mysql.cj.jdbc.ConnectionImpl@adafe19
2026-05-08T18:36:18.398+05:30  INFO 10728 --- [finapp-backend] [           main] com.zaxxer.hikari.HikariDataSource       : HikariPool-1 - Start completed.
2026-05-08T18:36:18.538+05:30  WARN 10728 --- [finapp-backend] [           main] org.hibernate.orm.deprecation            : HHH90000025: MySQLDialect does not need to be specified explicitly using 'hibernate.dialect' (remove the property setting and it will be selected by default)
2026-05-08T18:36:18.585+05:30  INFO 10728 --- [finapp-backend] [           main] org.hibernate.orm.connections.pooling    : HHH10001005: Database info:
	Database JDBC URL [Connecting through datasource 'HikariDataSource (HikariPool-1)']
	Database driver: undefined/unknown
	Database version: 8.0.35
	Autocommit mode: undefined/unknown
	Isolation level: undefined/unknown
	Minimum pool size: undefined/unknown
	Maximum pool size: undefined/unknown
2026-05-08T18:36:19.940+05:30  INFO 10728 --- [finapp-backend] [           main] o.h.e.t.j.p.i.JtaPlatformInitiator       : HHH000489: No JTA platform available (set 'hibernate.transaction.jta.platform' to enable JTA platform integration)
2026-05-08T18:36:20.025+05:30  INFO 10728 --- [finapp-backend] [           main] j.LocalContainerEntityManagerFactoryBean : Initialized JPA EntityManagerFactory for persistence unit 'default'
2026-05-08T18:36:20.412+05:30  INFO 10728 --- [finapp-backend] [           main] o.s.d.j.r.query.QueryEnhancerFactory     : Hibernate is in classpath; If applicable, HQL parser will be used.
2026-05-08T18:36:21.477+05:30  WARN 10728 --- [finapp-backend] [           main] JpaBaseConfiguration$JpaWebConfiguration : spring.jpa.open-in-view is enabled by default. Therefore, database queries may be performed during view rendering. Explicitly configure spring.jpa.open-in-view to disable this warning
2026-05-08T18:36:21.871+05:30  INFO 10728 --- [finapp-backend] [           main] o.s.b.w.embedded.tomcat.TomcatWebServer  : Tomcat started on port 8080 (http) with context path '/'
2026-05-08T18:36:21.878+05:30  INFO 10728 --- [finapp-backend] [           main] com.finapp.FinappApplication             : Started FinappApplication in 7.468 seconds (process running for 8.045)
Hibernate: 
    select
        count(*) 
    from
        budget_limits bl1_0
Hibernate: 
    select
        count(*) 
    from
        transactions t1_0
Hibernate: 
    select
        count(*) 
    from
        assets a1_0
2026-05-08T19:23:52.669+05:30  INFO 10728 --- [finapp-backend] [nio-8080-exec-1] o.a.c.c.C.[Tomcat].[localhost].[/]       : Initializing Spring DispatcherServlet 'dispatcherServlet'
2026-05-08T19:23:52.673+05:30  INFO 10728 --- [finapp-backend] [nio-8080-exec-1] o.s.web.servlet.DispatcherServlet        : Initializing Servlet 'dispatcherServlet'
2026-05-08T19:23:52.691+05:30  INFO 10728 --- [finapp-backend] [nio-8080-exec-1] o.s.web.servlet.DispatcherServlet        : Completed initialization in 17 ms
Hibernate: 
    select
        bl1_0.id,
        bl1_0.category,
        bl1_0.color,
        bl1_0.icon,
        bl1_0.limit_amount,
        bl1_0.note 
    from
        budget_limits bl1_0
Hibernate: 
    select
        coalesce(sum(t1_0.amount), 0) 
    from
        transactions t1_0 
    where
        t1_0.type=?
Hibernate: 
    select
        coalesce(sum(t1_0.amount), 0) 
    from
        transactions t1_0 
    where
        t1_0.type=?
Hibernate: 
    select
        coalesce(sum(t1_0.amount), 0) 
    from
        transactions t1_0 
    where
        lower(t1_0.budget_category)=lower(?)
Hibernate: 
    select
        coalesce(sum(a1_0.asset_value), 0) 
    from
        assets a1_0 
    where
        a1_0.type=?
Hibernate: 
    select
        coalesce(sum(a1_0.asset_value), 0) 
    from
        assets a1_0 
    where
        a1_0.type=?
Hibernate: 
    select
        coalesce(sum(a1_0.asset_value), 0) 
    from
        assets a1_0 
    where
        a1_0.type=?
Hibernate: 
    select
        coalesce(sum(a1_0.asset_value), 0) 
    from
        assets a1_0 
    where
        a1_0.type=?
Hibernate: 
    select
        coalesce(sum(t1_0.amount), 0) 
    from
        transactions t1_0 
    where
        t1_0.type=?
Hibernate: 
    select
        bl1_0.id,
        bl1_0.category,
        bl1_0.color,
        bl1_0.icon,
        bl1_0.limit_amount,
        bl1_0.note 
    from
        budget_limits bl1_0
Hibernate: 
    select
        coalesce(sum(t1_0.amount), 0) 
    from
        transactions t1_0 
    where
        t1_0.type=?
Hibernate: 
    select
        coalesce(sum(t1_0.amount), 0) 
    from
        transactions t1_0 
    where
        lower(t1_0.budget_category)=lower(?)
Hibernate: 
    select
        coalesce(sum(a1_0.asset_value), 0) 
    from
        assets a1_0 
    where
        a1_0.type=?
Hibernate: 
    select
        coalesce(sum(a1_0.asset_value), 0) 
    from
        assets a1_0 
    where
        a1_0.type=?
Hibernate: 
    select
        coalesce(sum(a1_0.asset_value), 0) 
    from
        assets a1_0 
    where
        a1_0.type=?
Hibernate: 
    select
        coalesce(sum(a1_0.asset_value), 0) 
    from
        assets a1_0 
    where
        a1_0.type=?
Hibernate: 
    select
        t1_0.id,
        t1_0.amount,
        t1_0.budget_category,
        t1_0.category,
        t1_0.date,
        t1_0.description,
        t1_0.title,
        t1_0.type 
    from
        transactions t1_0 
    where
        upper(t1_0.budget_category)=upper(?)
Hibernate: 
    select
        t1_0.id,
        t1_0.amount,
        t1_0.budget_category,
        t1_0.category,
        t1_0.date,
        t1_0.description,
        t1_0.title,
        t1_0.type 
    from
        transactions t1_0 
    where
        upper(t1_0.budget_category)=upper(?)
Hibernate: 
    select
        t1_0.id,
        t1_0.amount,
        t1_0.budget_category,
        t1_0.category,
        t1_0.date,
        t1_0.description,
        t1_0.title,
        t1_0.type 
    from
        transactions t1_0 
    where
        upper(t1_0.budget_category)=upper(?)
Hibernate: 
    select
        t1_0.id,
        t1_0.amount,
        t1_0.budget_category,
        t1_0.category,
        t1_0.date,
        t1_0.description,
        t1_0.title,
        t1_0.type 
    from
        transactions t1_0 
    where
        upper(t1_0.budget_category)=upper(?)
Hibernate: 
    select
        t1_0.id,
        t1_0.amount,
        t1_0.budget_category,
        t1_0.category,
        t1_0.date,
        t1_0.description,
        t1_0.title,
        t1_0.type 
    from
        transactions t1_0 
    where
        upper(t1_0.budget_category)=upper(?)
Hibernate: 
    select
        t1_0.id,
        t1_0.amount,
        t1_0.budget_category,
        t1_0.category,
        t1_0.date,
        t1_0.description,
        t1_0.title,
        t1_0.type 
    from
        transactions t1_0 
    where
        upper(t1_0.budget_category)=upper(?)
Hibernate: 
    select
        t1_0.id,
        t1_0.amount,
        t1_0.budget_category,
        t1_0.category,
        t1_0.date,
        t1_0.description,
        t1_0.title,
        t1_0.type 
    from
        transactions t1_0 
    where
        upper(t1_0.budget_category)=upper(?)
Hibernate: 
    select
        t1_0.id,
        t1_0.amount,
        t1_0.budget_category,
        t1_0.category,
        t1_0.date,
        t1_0.description,
        t1_0.title,
        t1_0.type 
    from
        transactions t1_0 
    where
        upper(t1_0.budget_category)=upper(?)
Hibernate: 
    select
        t1_0.id,
        t1_0.amount,
        t1_0.budget_category,
        t1_0.category,
        t1_0.date,
        t1_0.description,
        t1_0.title,
        t1_0.type 
    from
        transactions t1_0 
    where
        upper(t1_0.budget_category)=upper(?)
Hibernate: 
    select
        t1_0.id,
        t1_0.amount,
        t1_0.budget_category,
        t1_0.category,
        t1_0.date,
        t1_0.description,
        t1_0.title,
        t1_0.type 
    from
        transactions t1_0 
    where
        upper(t1_0.budget_category)=upper(?)
Hibernate: 
    select
        t1_0.id,
        t1_0.amount,
        t1_0.budget_category,
        t1_0.category,
        t1_0.date,
        t1_0.description,
        t1_0.title,
        t1_0.type 
    from
        transactions t1_0 
    where
        upper(t1_0.budget_category)=upper(?)
Hibernate: 
    select
        t1_0.id,
        t1_0.amount,
        t1_0.budget_category,
        t1_0.category,
        t1_0.date,
        t1_0.description,
        t1_0.title,
        t1_0.type 
    from
        transactions t1_0 
    where
        upper(t1_0.budget_category)=upper(?)
Hibernate: 
    select
        bl1_0.id,
        bl1_0.category,
        bl1_0.color,
        bl1_0.icon,
        bl1_0.limit_amount,
        bl1_0.note 
    from
        budget_limits bl1_0
Hibernate: 
    select
        coalesce(sum(t1_0.amount), 0) 
    from
        transactions t1_0 
    where
        t1_0.type=?
Hibernate: 
    select
        coalesce(sum(t1_0.amount), 0) 
    from
        transactions t1_0 
    where
        t1_0.type=?
Hibernate: 
    select
        coalesce(sum(t1_0.amount), 0) 
    from
        transactions t1_0 
    where
        lower(t1_0.budget_category)=lower(?)
Hibernate: 
    select
        coalesce(sum(a1_0.asset_value), 0) 
    from
        assets a1_0 
    where
        a1_0.type=?
Hibernate: 
    select
        coalesce(sum(a1_0.asset_value), 0) 
    from
        assets a1_0 
    where
        a1_0.type=?
Hibernate: 
    select
        coalesce(sum(a1_0.asset_value), 0) 
    from
        assets a1_0 
    where
        a1_0.type=?
Hibernate: 
    select
        bl1_0.id,
        bl1_0.category,
        bl1_0.color,
        bl1_0.icon,
        bl1_0.limit_amount,
        bl1_0.note 
    from
        budget_limits bl1_0
Hibernate: 
    select
        coalesce(sum(a1_0.asset_value), 0) 
    from
        assets a1_0 
    where
        a1_0.type=?
Hibernate: 
    select
        t1_0.id,
        t1_0.amount,
        t1_0.budget_category,
        t1_0.category,
        t1_0.date,
        t1_0.description,
        t1_0.title,
        t1_0.type 
    from
        transactions t1_0 
    where
        upper(t1_0.budget_category)=upper(?)
Hibernate: 
    select
        t1_0.id,
        t1_0.amount,
        t1_0.budget_category,
        t1_0.category,
        t1_0.date,
        t1_0.description,
        t1_0.title,
        t1_0.type 
    from
        transactions t1_0 
    where
        upper(t1_0.budget_category)=upper(?)
Hibernate: 
    select
        t1_0.id,
        t1_0.amount,
        t1_0.budget_category,
        t1_0.category,
        t1_0.date,
        t1_0.description,
        t1_0.title,
        t1_0.type 
    from
        transactions t1_0 
    where
        upper(t1_0.budget_category)=upper(?)
Hibernate: 
    select
        t1_0.id,
        t1_0.amount,
        t1_0.budget_category,
        t1_0.category,
        t1_0.date,
        t1_0.description,
        t1_0.title,
        t1_0.type 
    from
        transactions t1_0 
    where
        upper(t1_0.budget_category)=upper(?)
Hibernate: 
    select
        coalesce(sum(t1_0.amount), 0) 
    from
        transactions t1_0 
    where
        t1_0.type=?
Hibernate: 
    select
        coalesce(sum(t1_0.amount), 0) 
    from
        transactions t1_0 
    where
        t1_0.type=?
Hibernate: 
    select
        t1_0.id,
        t1_0.amount,
        t1_0.budget_category,
        t1_0.category,
        t1_0.date,
        t1_0.description,
        t1_0.title,
        t1_0.type 
    from
        transactions t1_0 
    where
        upper(t1_0.budget_category)=upper(?)
Hibernate: 
    select
        t1_0.id,
        t1_0.amount,
        t1_0.budget_category,
        t1_0.category,
        t1_0.date,
        t1_0.description,
        t1_0.title,
        t1_0.type 
    from
        transactions t1_0 
    where
        upper(t1_0.budget_category)=upper(?)
Hibernate: 
    select
        t1_0.id,
        t1_0.amount,
        t1_0.budget_category,
        t1_0.category,
        t1_0.date,
        t1_0.description,
        t1_0.title,
        t1_0.type 
    from
        transactions t1_0 
    where
        upper(t1_0.budget_category)=upper(?)
Hibernate: 
    select
        t1_0.id,
        t1_0.amount,
        t1_0.budget_category,
        t1_0.category,
        t1_0.date,
        t1_0.description,
        t1_0.title,
        t1_0.type 
    from
        transactions t1_0 
    where
        upper(t1_0.budget_category)=upper(?)
Hibernate: 
    select
        coalesce(sum(t1_0.amount), 0) 
    from
        transactions t1_0 
    where
        lower(t1_0.budget_category)=lower(?)
Hibernate: 
    select
        coalesce(sum(a1_0.asset_value), 0) 
    from
        assets a1_0 
    where
        a1_0.type=?
Hibernate: 
    select
        t1_0.id,
        t1_0.amount,
        t1_0.budget_category,
        t1_0.category,
        t1_0.date,
        t1_0.description,
        t1_0.title,
        t1_0.type 
    from
        transactions t1_0 
    where
        upper(t1_0.budget_category)=upper(?)
Hibernate: 
    select
        coalesce(sum(a1_0.asset_value), 0) 
    from
        assets a1_0 
    where
        a1_0.type=?
Hibernate: 
    select
        coalesce(sum(a1_0.asset_value), 0) 
    from
        assets a1_0 
    where
        a1_0.type=?
Hibernate: 
    select
        coalesce(sum(a1_0.asset_value), 0) 
    from
        assets a1_0 
    where
        a1_0.type=?
Hibernate: 
    select
        t1_0.id,
        t1_0.amount,
        t1_0.budget_category,
        t1_0.category,
        t1_0.date,
        t1_0.description,
        t1_0.title,
        t1_0.type 
    from
        transactions t1_0 
    where
        upper(t1_0.budget_category)=upper(?)
Hibernate: 
    select
        t1_0.id,
        t1_0.amount,
        t1_0.budget_category,
        t1_0.category,
        t1_0.date,
        t1_0.description,
        t1_0.title,
        t1_0.type 
    from
        transactions t1_0 
    where
        upper(t1_0.budget_category)=upper(?)
Hibernate: 
    select
        t1_0.id,
        t1_0.amount,
        t1_0.budget_category,
        t1_0.category,
        t1_0.date,
        t1_0.description,
        t1_0.title,
        t1_0.type 
    from
        transactions t1_0 
    where
        upper(t1_0.budget_category)=upper(?)
Hibernate: 
    select
        t1_0.id,
        t1_0.amount,
        t1_0.budget_category,
        t1_0.category,
        t1_0.date,
        t1_0.description,
        t1_0.title,
        t1_0.type 
    from
        transactions t1_0 
    where
        t1_0.type=?
Hibernate: 
    select
        t1_0.id,
        t1_0.amount,
        t1_0.budget_category,
        t1_0.category,
        t1_0.date,
        t1_0.description,
        t1_0.title,
        t1_0.type 
    from
        transactions t1_0 
    where
        t1_0.type=?
Hibernate: 
    select
        t1_0.id,
        t1_0.amount,
        t1_0.budget_category,
        t1_0.category,
        t1_0.date,
        t1_0.description,
        t1_0.title,
        t1_0.type 
    from
        transactions t1_0 
    where
        t1_0.id=?
Hibernate: 
    update
        transactions 
    set
        amount=?,
        budget_category=?,
        category=?,
        date=?,
        description=?,
        title=?,
        type=? 
    where
        id=?
Hibernate: 
    select
        t1_0.id,
        t1_0.amount,
        t1_0.budget_category,
        t1_0.category,
        t1_0.date,
        t1_0.description,
        t1_0.title,
        t1_0.type 
    from
        transactions t1_0 
    where
        upper(t1_0.budget_category)=upper(?)
Hibernate: 
    select
        coalesce(sum(t1_0.amount), 0) 
    from
        transactions t1_0 
    where
        t1_0.type=?
Hibernate: 
    select
        bl1_0.id,
        bl1_0.category,
        bl1_0.color,
        bl1_0.icon,
        bl1_0.limit_amount,
        bl1_0.note 
    from
        budget_limits bl1_0
Hibernate: 
    select
        coalesce(sum(t1_0.amount), 0) 
    from
        transactions t1_0 
    where
        t1_0.type=?
Hibernate: 
    select
        coalesce(sum(t1_0.amount), 0) 
    from
        transactions t1_0 
    where
        lower(t1_0.budget_category)=lower(?)
Hibernate: 
    select
        coalesce(sum(a1_0.asset_value), 0) 
    from
        assets a1_0 
    where
        a1_0.type=?
Hibernate: 
    select
        coalesce(sum(a1_0.asset_value), 0) 
    from
        assets a1_0 
    where
        a1_0.type=?
Hibernate: 
    select
        coalesce(sum(a1_0.asset_value), 0) 
    from
        assets a1_0 
    where
        a1_0.type=?
Hibernate: 
    select
        coalesce(sum(a1_0.asset_value), 0) 
    from
        assets a1_0 
    where
        a1_0.type=?
Hibernate: 
    select
        t1_0.id,
        t1_0.amount,
        t1_0.budget_category,
        t1_0.category,
        t1_0.date,
        t1_0.description,
        t1_0.title,
        t1_0.type 
    from
        transactions t1_0 
    where
        upper(t1_0.budget_category)=upper(?)
Hibernate: 
    select
        t1_0.id,
        t1_0.amount,
        t1_0.budget_category,
        t1_0.category,
        t1_0.date,
        t1_0.description,
        t1_0.title,
        t1_0.type 
    from
        transactions t1_0 
    where
        upper(t1_0.budget_category)=upper(?)
Hibernate: 
    select
        t1_0.id,
        t1_0.amount,
        t1_0.budget_category,
        t1_0.category,
        t1_0.date,
        t1_0.description,
        t1_0.title,
        t1_0.type 
    from
        transactions t1_0 
    where
        upper(t1_0.budget_category)=upper(?)
Hibernate: 
    select
        t1_0.id,
        t1_0.amount,
        t1_0.budget_category,
        t1_0.category,
        t1_0.date,
        t1_0.description,
        t1_0.title,
        t1_0.type 
    from
        transactions t1_0 
    where
        upper(t1_0.budget_category)=upper(?)
Hibernate: 
    select
        t1_0.id,
        t1_0.amount,
        t1_0.budget_category,
        t1_0.category,
        t1_0.date,
        t1_0.description,
        t1_0.title,
        t1_0.type 
    from
        transactions t1_0 
    where
        upper(t1_0.budget_category)=upper(?)
Hibernate: 
    select
        t1_0.id,
        t1_0.amount,
        t1_0.budget_category,
        t1_0.category,
        t1_0.date,
        t1_0.description,
        t1_0.title,
        t1_0.type 
    from
        transactions t1_0 
    where
        upper(t1_0.budget_category)=upper(?)
Hibernate: 
    select
        t1_0.id,
        t1_0.amount,
        t1_0.budget_category,
        t1_0.category,
        t1_0.date,
        t1_0.description,
        t1_0.title,
        t1_0.type 
    from
        transactions t1_0 
    where
        t1_0.type=?
Hibernate: 
    select
        t1_0.id,
        t1_0.amount,
        t1_0.budget_category,
        t1_0.category,
        t1_0.date,
        t1_0.description,
        t1_0.title,
        t1_0.type 
    from
        transactions t1_0 
    where
        t1_0.type=?
Hibernate: 
    select
        t1_0.id,
        t1_0.amount,
        t1_0.budget_category,
        t1_0.category,
        t1_0.date,
        t1_0.description,
        t1_0.title,
        t1_0.type 
    from
        transactions t1_0 
    where
        t1_0.id=?
Hibernate: 
    update
        transactions 
    set
        amount=?,
        budget_category=?,
        category=?,
        date=?,
        description=?,
        title=?,
        type=? 
    where
        id=?
Hibernate: 
    select
        t1_0.id,
        t1_0.amount,
        t1_0.budget_category,
        t1_0.category,
        t1_0.date,
        t1_0.description,
        t1_0.title,
        t1_0.type 
    from
        transactions t1_0 
    where
        upper(t1_0.budget_category)=upper(?)
Hibernate: 
    select
        coalesce(sum(t1_0.amount), 0) 
    from
        transactions t1_0 
    where
        t1_0.type=?
Hibernate: 
    select
        coalesce(sum(t1_0.amount), 0) 
    from
        transactions t1_0 
    where
        t1_0.type=?
Hibernate: 
    select
        bl1_0.id,
        bl1_0.category,
        bl1_0.color,
        bl1_0.icon,
        bl1_0.limit_amount,
        bl1_0.note 
    from
        budget_limits bl1_0
Hibernate: 
    select
        coalesce(sum(t1_0.amount), 0) 
    from
        transactions t1_0 
    where
        lower(t1_0.budget_category)=lower(?)
Hibernate: 
    select
        coalesce(sum(a1_0.asset_value), 0) 
    from
        assets a1_0 
    where
        a1_0.type=?
Hibernate: 
    select
        coalesce(sum(a1_0.asset_value), 0) 
    from
        assets a1_0 
    where
        a1_0.type=?
Hibernate: 
    select
        coalesce(sum(a1_0.asset_value), 0) 
    from
        assets a1_0 
    where
        a1_0.type=?
Hibernate: 
    select
        coalesce(sum(a1_0.asset_value), 0) 
    from
        assets a1_0 
    where
        a1_0.type=?
Hibernate: 
    select
        t1_0.id,
        t1_0.amount,
        t1_0.budget_category,
        t1_0.category,
        t1_0.date,
        t1_0.description,
        t1_0.title,
        t1_0.type 
    from
        transactions t1_0 
    where
        upper(t1_0.budget_category)=upper(?)
Hibernate: 
    select
        t1_0.id,
        t1_0.amount,
        t1_0.budget_category,
        t1_0.category,
        t1_0.date,
        t1_0.description,
        t1_0.title,
        t1_0.type 
    from
        transactions t1_0 
    where
        upper(t1_0.budget_category)=upper(?)
Hibernate: 
    select
        t1_0.id,
        t1_0.amount,
        t1_0.budget_category,
        t1_0.category,
        t1_0.date,
        t1_0.description,
        t1_0.title,
        t1_0.type 
    from
        transactions t1_0 
    where
        upper(t1_0.budget_category)=upper(?)
Hibernate: 
    select
        t1_0.id,
        t1_0.amount,
        t1_0.budget_category,
        t1_0.category,
        t1_0.date,
        t1_0.description,
        t1_0.title,
        t1_0.type 
    from
        transactions t1_0 
    where
        upper(t1_0.budget_category)=upper(?)
Hibernate: 
    select
        t1_0.id,
        t1_0.amount,
        t1_0.budget_category,
        t1_0.category,
        t1_0.date,
        t1_0.description,
        t1_0.title,
        t1_0.type 
    from
        transactions t1_0 
    where
        upper(t1_0.budget_category)=upper(?)
Hibernate: 
    select
        t1_0.id,
        t1_0.amount,
        t1_0.budget_category,
        t1_0.category,
        t1_0.date,
        t1_0.description,
        t1_0.title,
        t1_0.type 
    from
        transactions t1_0 
    where
        upper(t1_0.budget_category)=upper(?)
Hibernate: 
    select
        t1_0.id,
        t1_0.amount,
        t1_0.budget_category,
        t1_0.category,
        t1_0.date,
        t1_0.description,
        t1_0.title,
        t1_0.type 
    from
        transactions t1_0 
    where
        upper(t1_0.budget_category)=upper(?)
Hibernate: 
    select
        t1_0.id,
        t1_0.amount,
        t1_0.budget_category,
        t1_0.category,
        t1_0.date,
        t1_0.description,
        t1_0.title,
        t1_0.type 
    from
        transactions t1_0 
    where
        t1_0.type=?
Hibernate: 
    select
        t1_0.id,
        t1_0.amount,
        t1_0.budget_category,
        t1_0.category,
        t1_0.date,
        t1_0.description,
        t1_0.title,
        t1_0.type 
    from
        transactions t1_0 
    where
        t1_0.type=?
Hibernate: 
    select
        coalesce(sum(t1_0.amount), 0) 
    from
        transactions t1_0 
    where
        t1_0.type=?
Hibernate: 
    select
        bl1_0.id,
        bl1_0.category,
        bl1_0.color,
        bl1_0.icon,
        bl1_0.limit_amount,
        bl1_0.note 
    from
        budget_limits bl1_0
Hibernate: 
    select
        coalesce(sum(t1_0.amount), 0) 
    from
        transactions t1_0 
    where
        t1_0.type=?
Hibernate: 
    select
        coalesce(sum(t1_0.amount), 0) 
    from
        transactions t1_0 
    where
        lower(t1_0.budget_category)=lower(?)
Hibernate: 
    select
        coalesce(sum(a1_0.asset_value), 0) 
    from
        assets a1_0 
    where
        a1_0.type=?
Hibernate: 
    select
        coalesce(sum(a1_0.asset_value), 0) 
    from
        assets a1_0 
    where
        a1_0.type=?
Hibernate: 
    select
        coalesce(sum(a1_0.asset_value), 0) 
    from
        assets a1_0 
    where
        a1_0.type=?
Hibernate: 
    select
        bl1_0.id,
        bl1_0.category,
        bl1_0.color,
        bl1_0.icon,
        bl1_0.limit_amount,
        bl1_0.note 
    from
        budget_limits bl1_0
Hibernate: 
    select
        coalesce(sum(a1_0.asset_value), 0) 
    from
        assets a1_0 
    where
        a1_0.type=?
Hibernate: 
    select
        coalesce(sum(t1_0.amount), 0) 
    from
        transactions t1_0 
    where
        t1_0.type=?
Hibernate: 
    select
        t1_0.id,
        t1_0.amount,
        t1_0.budget_category,
        t1_0.category,
        t1_0.date,
        t1_0.description,
        t1_0.title,
        t1_0.type 
    from
        transactions t1_0 
    where
        upper(t1_0.budget_category)=upper(?)
Hibernate: 
    select
        coalesce(sum(t1_0.amount), 0) 
    from
        transactions t1_0 
    where
        t1_0.type=?
Hibernate: 
    select
        t1_0.id,
        t1_0.amount,
        t1_0.budget_category,
        t1_0.category,
        t1_0.date,
        t1_0.description,
        t1_0.title,
        t1_0.type 
    from
        transactions t1_0 
    where
        upper(t1_0.budget_category)=upper(?)
Hibernate: 
    select
        t1_0.id,
        t1_0.amount,
        t1_0.budget_category,
        t1_0.category,
        t1_0.date,
        t1_0.description,
        t1_0.title,
        t1_0.type 
    from
        transactions t1_0 
    where
        upper(t1_0.budget_category)=upper(?)
Hibernate: 
    select
        t1_0.id,
        t1_0.amount,
        t1_0.budget_category,
        t1_0.category,
        t1_0.date,
        t1_0.description,
        t1_0.title,
        t1_0.type 
    from
        transactions t1_0 
    where
        upper(t1_0.budget_category)=upper(?)
Hibernate: 
    select
        coalesce(sum(t1_0.amount), 0) 
    from
        transactions t1_0 
    where
        lower(t1_0.budget_category)=lower(?)
Hibernate: 
    select
        coalesce(sum(a1_0.asset_value), 0) 
    from
        assets a1_0 
    where
        a1_0.type=?
Hibernate: 
    select
        t1_0.id,
        t1_0.amount,
        t1_0.budget_category,
        t1_0.category,
        t1_0.date,
        t1_0.description,
        t1_0.title,
        t1_0.type 
    from
        transactions t1_0 
    where
        upper(t1_0.budget_category)=upper(?)
Hibernate: 
    select
        coalesce(sum(a1_0.asset_value), 0) 
    from
        assets a1_0 
    where
        a1_0.type=?
Hibernate: 
    select
        coalesce(sum(a1_0.asset_value), 0) 
    from
        assets a1_0 
    where
        a1_0.type=?
Hibernate: 
    select
        coalesce(sum(a1_0.asset_value), 0) 
    from
        assets a1_0 
    where
        a1_0.type=?
Hibernate: 
    select
        t1_0.id,
        t1_0.amount,
        t1_0.budget_category,
        t1_0.category,
        t1_0.date,
        t1_0.description,
        t1_0.title,
        t1_0.type 
    from
        transactions t1_0 
    where
        upper(t1_0.budget_category)=upper(?)
Hibernate: 
    select
        t1_0.id,
        t1_0.amount,
        t1_0.budget_category,
        t1_0.category,
        t1_0.date,
        t1_0.description,
        t1_0.title,
        t1_0.type 
    from
        transactions t1_0 
    where
        upper(t1_0.budget_category)=upper(?)
Hibernate: 
    select
        t1_0.id,
        t1_0.amount,
        t1_0.budget_category,
        t1_0.category,
        t1_0.date,
        t1_0.description,
        t1_0.title,
        t1_0.type 
    from
        transactions t1_0 
    where
        upper(t1_0.budget_category)=upper(?)
Hibernate: 
    select
        t1_0.id,
        t1_0.amount,
        t1_0.budget_category,
        t1_0.category,
        t1_0.date,
        t1_0.description,
        t1_0.title,
        t1_0.type 
    from
        transactions t1_0 
    where
        upper(t1_0.budget_category)=upper(?)
Hibernate: 
    select
        t1_0.id,
        t1_0.amount,
        t1_0.budget_category,
        t1_0.category,
        t1_0.date,
        t1_0.description,
        t1_0.title,
        t1_0.type 
    from
        transactions t1_0 
    where
        upper(t1_0.budget_category)=upper(?)
Hibernate: 
    select
        t1_0.id,
        t1_0.amount,
        t1_0.budget_category,
        t1_0.category,
        t1_0.date,
        t1_0.description,
        t1_0.title,
        t1_0.type 
    from
        transactions t1_0 
    where
        upper(t1_0.budget_category)=upper(?)
Hibernate: 
    select
        t1_0.id,
        t1_0.amount,
        t1_0.budget_category,
        t1_0.category,
        t1_0.date,
        t1_0.description,
        t1_0.title,
        t1_0.type 
    from
        transactions t1_0 
    where
        upper(t1_0.budget_category)=upper(?)
Hibernate: 
    select
        t1_0.id,
        t1_0.amount,
        t1_0.budget_category,
        t1_0.category,
        t1_0.date,
        t1_0.description,
        t1_0.title,
        t1_0.type 
    from
        transactions t1_0 
    where
        t1_0.type=?
Hibernate: 
    select
        t1_0.id,
        t1_0.amount,
        t1_0.budget_category,
        t1_0.category,
        t1_0.date,
        t1_0.description,
        t1_0.title,
        t1_0.type 
    from
        transactions t1_0 
    where
        t1_0.type=?
Hibernate: 
    select
        t1_0.id,
        t1_0.amount,
        t1_0.budget_category,
        t1_0.category,
        t1_0.date,
        t1_0.description,
        t1_0.title,
        t1_0.type 
    from
        transactions t1_0 
    where
        t1_0.type=?
Hibernate: 
    select
        t1_0.id,
        t1_0.amount,
        t1_0.budget_category,
        t1_0.category,
        t1_0.date,
        t1_0.description,
        t1_0.title,
        t1_0.type 
    from
        transactions t1_0
Hibernate: 
    select
        t1_0.id,
        t1_0.amount,
        t1_0.budget_category,
        t1_0.category,
        t1_0.date,
        t1_0.description,
        t1_0.title,
        t1_0.type 
    from
        transactions t1_0
Hibernate: 
    select
        coalesce(sum(t1_0.amount), 0) 
    from
        transactions t1_0 
    where
        t1_0.type=?
Hibernate: 
    select
        coalesce(sum(t1_0.amount), 0) 
    from
        transactions t1_0 
    where
        t1_0.type=?
Hibernate: 
    select
        coalesce(sum(t1_0.amount), 0) 
    from
        transactions t1_0 
    where
        lower(t1_0.budget_category)=lower(?)
Hibernate: 
    select
        coalesce(sum(a1_0.asset_value), 0) 
    from
        assets a1_0 
    where
        a1_0.type=?
Hibernate: 
    select
        coalesce(sum(a1_0.asset_value), 0) 
    from
        assets a1_0 
    where
        a1_0.type=?
Hibernate: 
    select
        coalesce(sum(a1_0.asset_value), 0) 
    from
        assets a1_0 
    where
        a1_0.type=?
Hibernate: 
    select
        coalesce(sum(a1_0.asset_value), 0) 
    from
        assets a1_0 
    where
        a1_0.type=?
Hibernate: 
    select
        coalesce(sum(t1_0.amount), 0) 
    from
        transactions t1_0 
    where
        t1_0.type=?
Hibernate: 
    select
        coalesce(sum(t1_0.amount), 0) 
    from
        transactions t1_0 
    where
        t1_0.type=?
Hibernate: 
    select
        coalesce(sum(t1_0.amount), 0) 
    from
        transactions t1_0 
    where
        lower(t1_0.budget_category)=lower(?)
Hibernate: 
    select
        coalesce(sum(a1_0.asset_value), 0) 
    from
        assets a1_0 
    where
        a1_0.type=?
Hibernate: 
    select
        coalesce(sum(a1_0.asset_value), 0) 
    from
        assets a1_0 
    where
        a1_0.type=?
Hibernate: 
    select
        coalesce(sum(a1_0.asset_value), 0) 
    from
        assets a1_0 
    where
        a1_0.type=?
Hibernate: 
    select
        coalesce(sum(a1_0.asset_value), 0) 
    from
        assets a1_0 
    where
        a1_0.type=?
Hibernate: 
    select
        coalesce(sum(t1_0.amount), 0) 
    from
        transactions t1_0 
    where
        t1_0.type=?
Hibernate: 
    select
        bl1_0.id,
        bl1_0.category,
        bl1_0.color,
        bl1_0.icon,
        bl1_0.limit_amount,
        bl1_0.note 
    from
        budget_limits bl1_0
Hibernate: 
    select
        coalesce(sum(t1_0.amount), 0) 
    from
        transactions t1_0 
    where
        t1_0.type=?
Hibernate: 
    select
        coalesce(sum(t1_0.amount), 0) 
    from
        transactions t1_0 
    where
        lower(t1_0.budget_category)=lower(?)
Hibernate: 
    select
        coalesce(sum(a1_0.asset_value), 0) 
    from
        assets a1_0 
    where
        a1_0.type=?
Hibernate: 
    select
        coalesce(sum(a1_0.asset_value), 0) 
    from
        assets a1_0 
    where
        a1_0.type=?
Hibernate: 
    select
        coalesce(sum(a1_0.asset_value), 0) 
    from
        assets a1_0 
    where
        a1_0.type=?
Hibernate: 
    select
        bl1_0.id,
        bl1_0.category,
        bl1_0.color,
        bl1_0.icon,
        bl1_0.limit_amount,
        bl1_0.note 
    from
        budget_limits bl1_0
Hibernate: 
    select
        coalesce(sum(a1_0.asset_value), 0) 
    from
        assets a1_0 
    where
        a1_0.type=?
Hibernate: 
    select
        coalesce(sum(t1_0.amount), 0) 
    from
        transactions t1_0 
    where
        t1_0.type=?
Hibernate: 
    select
        t1_0.id,
        t1_0.amount,
        t1_0.budget_category,
        t1_0.category,
        t1_0.date,
        t1_0.description,
        t1_0.title,
        t1_0.type 
    from
        transactions t1_0 
    where
        upper(t1_0.budget_category)=upper(?)
Hibernate: 
    select
        t1_0.id,
        t1_0.amount,
        t1_0.budget_category,
        t1_0.category,
        t1_0.date,
        t1_0.description,
        t1_0.title,
        t1_0.type 
    from
        transactions t1_0 
    where
        upper(t1_0.budget_category)=upper(?)
Hibernate: 
    select
        t1_0.id,
        t1_0.amount,
        t1_0.budget_category,
        t1_0.category,
        t1_0.date,
        t1_0.description,
        t1_0.title,
        t1_0.type 
    from
        transactions t1_0 
    where
        upper(t1_0.budget_category)=upper(?)
Hibernate: 
    select
        coalesce(sum(t1_0.amount), 0) 
    from
        transactions t1_0 
    where
        t1_0.type=?
Hibernate: 
    select
        t1_0.id,
        t1_0.amount,
        t1_0.budget_category,
        t1_0.category,
        t1_0.date,
        t1_0.description,
        t1_0.title,
        t1_0.type 
    from
        transactions t1_0 
    where
        upper(t1_0.budget_category)=upper(?)
Hibernate: 
    select
        coalesce(sum(t1_0.amount), 0) 
    from
        transactions t1_0 
    where
        lower(t1_0.budget_category)=lower(?)
Hibernate: 
    select
        t1_0.id,
        t1_0.amount,
        t1_0.budget_category,
        t1_0.category,
        t1_0.date,
        t1_0.description,
        t1_0.title,
        t1_0.type 
    from
        transactions t1_0 
    where
        upper(t1_0.budget_category)=upper(?)
Hibernate: 
    select
        coalesce(sum(a1_0.asset_value), 0) 
    from
        assets a1_0 
    where
        a1_0.type=?
Hibernate: 
    select
        coalesce(sum(a1_0.asset_value), 0) 
    from
        assets a1_0 
    where
        a1_0.type=?
Hibernate: 
    select
        coalesce(sum(a1_0.asset_value), 0) 
    from
        assets a1_0 
    where
        a1_0.type=?
Hibernate: 
    select
        t1_0.id,
        t1_0.amount,
        t1_0.budget_category,
        t1_0.category,
        t1_0.date,
        t1_0.description,
        t1_0.title,
        t1_0.type 
    from
        transactions t1_0 
    where
        upper(t1_0.budget_category)=upper(?)
Hibernate: 
    select
        coalesce(sum(a1_0.asset_value), 0) 
    from
        assets a1_0 
    where
        a1_0.type=?
Hibernate: 
    select
        t1_0.id,
        t1_0.amount,
        t1_0.budget_category,
        t1_0.category,
        t1_0.date,
        t1_0.description,
        t1_0.title,
        t1_0.type 
    from
        transactions t1_0 
    where
        upper(t1_0.budget_category)=upper(?)
Hibernate: 
    select
        t1_0.id,
        t1_0.amount,
        t1_0.budget_category,
        t1_0.category,
        t1_0.date,
        t1_0.description,
        t1_0.title,
        t1_0.type 
    from
        transactions t1_0 
    where
        upper(t1_0.budget_category)=upper(?)
Hibernate: 
    select
        t1_0.id,
        t1_0.amount,
        t1_0.budget_category,
        t1_0.category,
        t1_0.date,
        t1_0.description,
        t1_0.title,
        t1_0.type 
    from
        transactions t1_0 
    where
        upper(t1_0.budget_category)=upper(?)
Hibernate: 
    select
        t1_0.id,
        t1_0.amount,
        t1_0.budget_category,
        t1_0.category,
        t1_0.date,
        t1_0.description,
        t1_0.title,
        t1_0.type 
    from
        transactions t1_0 
    where
        upper(t1_0.budget_category)=upper(?)
Hibernate: 
    select
        t1_0.id,
        t1_0.amount,
        t1_0.budget_category,
        t1_0.category,
        t1_0.date,
        t1_0.description,
        t1_0.title,
        t1_0.type 
    from
        transactions t1_0 
    where
        upper(t1_0.budget_category)=upper(?)
Hibernate: 
    select
        t1_0.id,
        t1_0.amount,
        t1_0.budget_category,
        t1_0.category,
        t1_0.date,
        t1_0.description,
        t1_0.title,
        t1_0.type 
    from
        transactions t1_0 
    where
        upper(t1_0.budget_category)=upper(?)
Hibernate: 
    select
        t1_0.id,
        t1_0.amount,
        t1_0.budget_category,
        t1_0.category,
        t1_0.date,
        t1_0.description,
        t1_0.title,
        t1_0.type 
    from
        transactions t1_0 
    where
        t1_0.type=?
Hibernate: 
    select
        t1_0.id,
        t1_0.amount,
        t1_0.budget_category,
        t1_0.category,
        t1_0.date,
        t1_0.description,
        t1_0.title,
        t1_0.type 
    from
        transactions t1_0 
    where
        t1_0.type=?
Hibernate: 
    select
        coalesce(sum(t1_0.amount), 0) 
    from
        transactions t1_0 
    where
        t1_0.type=?
Hibernate: 
    select
        coalesce(sum(t1_0.amount), 0) 
    from
        transactions t1_0 
    where
        t1_0.type=?
Hibernate: 
    select
        coalesce(sum(t1_0.amount), 0) 
    from
        transactions t1_0 
    where
        lower(t1_0.budget_category)=lower(?)
Hibernate: 
    select
        coalesce(sum(a1_0.asset_value), 0) 
    from
        assets a1_0 
    where
        a1_0.type=?
Hibernate: 
    select
        coalesce(sum(a1_0.asset_value), 0) 
    from
        assets a1_0 
    where
        a1_0.type=?
Hibernate: 
    select
        coalesce(sum(a1_0.asset_value), 0) 
    from
        assets a1_0 
    where
        a1_0.type=?
Hibernate: 
    select
        coalesce(sum(a1_0.asset_value), 0) 
    from
        assets a1_0 
    where
        a1_0.type=?
Hibernate: 
    select
        coalesce(sum(t1_0.amount), 0) 
    from
        transactions t1_0 
    where
        t1_0.type=?
Hibernate: 
    select
        coalesce(sum(t1_0.amount), 0) 
    from
        transactions t1_0 
    where
        t1_0.type=?
Hibernate: 
    select
        coalesce(sum(t1_0.amount), 0) 
    from
        transactions t1_0 
    where
        lower(t1_0.budget_category)=lower(?)
Hibernate: 
    select
        coalesce(sum(a1_0.asset_value), 0) 
    from
        assets a1_0 
    where
        a1_0.type=?
Hibernate: 
    select
        coalesce(sum(a1_0.asset_value), 0) 
    from
        assets a1_0 
    where
        a1_0.type=?
Hibernate: 
    select
        coalesce(sum(a1_0.asset_value), 0) 
    from
        assets a1_0 
    where
        a1_0.type=?
Hibernate: 
    select
        coalesce(sum(a1_0.asset_value), 0) 
    from
        assets a1_0 
    where
        a1_0.type=?
Hibernate: 
    select
        a1_0.id,
        a1_0.category,
        a1_0.date,
        a1_0.description,
        a1_0.name,
        a1_0.type,
        a1_0.asset_value 
    from
        assets a1_0 
    where
        a1_0.type=?
Hibernate: 
    select
        coalesce(sum(t1_0.amount), 0) 
    from
        transactions t1_0 
    where
        t1_0.type=?
Hibernate: 
    select
        bl1_0.id,
        bl1_0.category,
        bl1_0.color,
        bl1_0.icon,
        bl1_0.limit_amount,
        bl1_0.note 
    from
        budget_limits bl1_0
Hibernate: 
    select
        coalesce(sum(t1_0.amount), 0) 
    from
        transactions t1_0 
    where
        t1_0.type=?
Hibernate: 
    select
        coalesce(sum(t1_0.amount), 0) 
    from
        transactions t1_0 
    where
        lower(t1_0.budget_category)=lower(?)
Hibernate: 
    select
        coalesce(sum(a1_0.asset_value), 0) 
    from
        assets a1_0 
    where
        a1_0.type=?
Hibernate: 
    select
        coalesce(sum(a1_0.asset_value), 0) 
    from
        assets a1_0 
    where
        a1_0.type=?
Hibernate: 
    select
        coalesce(sum(a1_0.asset_value), 0) 
    from
        assets a1_0 
    where
        a1_0.type=?
Hibernate: 
    select
        bl1_0.id,
        bl1_0.category,
        bl1_0.color,
        bl1_0.icon,
        bl1_0.limit_amount,
        bl1_0.note 
    from
        budget_limits bl1_0
Hibernate: 
    select
        coalesce(sum(a1_0.asset_value), 0) 
    from
        assets a1_0 
    where
        a1_0.type=?
Hibernate: 
    select
        coalesce(sum(t1_0.amount), 0) 
    from
        transactions t1_0 
    where
        t1_0.type=?
Hibernate: 
    select
        coalesce(sum(t1_0.amount), 0) 
    from
        transactions t1_0 
    where
        t1_0.type=?
Hibernate: 
    select
        t1_0.id,
        t1_0.amount,
        t1_0.budget_category,
        t1_0.category,
        t1_0.date,
        t1_0.description,
        t1_0.title,
        t1_0.type 
    from
        transactions t1_0 
    where
        upper(t1_0.budget_category)=upper(?)
Hibernate: 
    select
        coalesce(sum(t1_0.amount), 0) 
    from
        transactions t1_0 
    where
        lower(t1_0.budget_category)=lower(?)
Hibernate: 
    select
        t1_0.id,
        t1_0.amount,
        t1_0.budget_category,
        t1_0.category,
        t1_0.date,
        t1_0.description,
        t1_0.title,
        t1_0.type 
    from
        transactions t1_0 
    where
        upper(t1_0.budget_category)=upper(?)
Hibernate: 
    select
        coalesce(sum(a1_0.asset_value), 0) 
    from
        assets a1_0 
    where
        a1_0.type=?
Hibernate: 
    select
        t1_0.id,
        t1_0.amount,
        t1_0.budget_category,
        t1_0.category,
        t1_0.date,
        t1_0.description,
        t1_0.title,
        t1_0.type 
    from
        transactions t1_0 
    where
        upper(t1_0.budget_category)=upper(?)
Hibernate: 
    select
        t1_0.id,
        t1_0.amount,
        t1_0.budget_category,
        t1_0.category,
        t1_0.date,
        t1_0.description,
        t1_0.title,
        t1_0.type 
    from
        transactions t1_0 
    where
        upper(t1_0.budget_category)=upper(?)
Hibernate: 
    select
        coalesce(sum(a1_0.asset_value), 0) 
    from
        assets a1_0 
    where
        a1_0.type=?
Hibernate: 
    select
        t1_0.id,
        t1_0.amount,
        t1_0.budget_category,
        t1_0.category,
        t1_0.date,
        t1_0.description,
        t1_0.title,
        t1_0.type 
    from
        transactions t1_0 
    where
        upper(t1_0.budget_category)=upper(?)
Hibernate: 
    select
        coalesce(sum(a1_0.asset_value), 0) 
    from
        assets a1_0 
    where
        a1_0.type=?
Hibernate: 
    select
        coalesce(sum(a1_0.asset_value), 0) 
    from
        assets a1_0 
    where
        a1_0.type=?
Hibernate: 
    select
        t1_0.id,
        t1_0.amount,
        t1_0.budget_category,
        t1_0.category,
        t1_0.date,
        t1_0.description,
        t1_0.title,
        t1_0.type 
    from
        transactions t1_0 
    where
        upper(t1_0.budget_category)=upper(?)
Hibernate: 
    select
        t1_0.id,
        t1_0.amount,
        t1_0.budget_category,
        t1_0.category,
        t1_0.date,
        t1_0.description,
        t1_0.title,
        t1_0.type 
    from
        transactions t1_0 
    where
        upper(t1_0.budget_category)=upper(?)
Hibernate: 
    select
        t1_0.id,
        t1_0.amount,
        t1_0.budget_category,
        t1_0.category,
        t1_0.date,
        t1_0.description,
        t1_0.title,
        t1_0.type 
    from
        transactions t1_0 
    where
        upper(t1_0.budget_category)=upper(?)
Hibernate: 
    select
        t1_0.id,
        t1_0.amount,
        t1_0.budget_category,
        t1_0.category,
        t1_0.date,
        t1_0.description,
        t1_0.title,
        t1_0.type 
    from
        transactions t1_0 
    where
        upper(t1_0.budget_category)=upper(?)
Hibernate: 
    select
        t1_0.id,
        t1_0.amount,
        t1_0.budget_category,
        t1_0.category,
        t1_0.date,
        t1_0.description,
        t1_0.title,
        t1_0.type 
    from
        transactions t1_0 
    where
        upper(t1_0.budget_category)=upper(?)
Hibernate: 
    select
        t1_0.id,
        t1_0.amount,
        t1_0.budget_category,
        t1_0.category,
        t1_0.date,
        t1_0.description,
        t1_0.title,
        t1_0.type 
    from
        transactions t1_0 
    where
        upper(t1_0.budget_category)=upper(?)
Hibernate: 
    select
        t1_0.id,
        t1_0.amount,
        t1_0.budget_category,
        t1_0.category,
        t1_0.date,
        t1_0.description,
        t1_0.title,
        t1_0.type 
    from
        transactions t1_0 
    where
        upper(t1_0.budget_category)=upper(?)
Hibernate: 
    select
        t1_0.id,
        t1_0.amount,
        t1_0.budget_category,
        t1_0.category,
        t1_0.date,
        t1_0.description,
        t1_0.title,
        t1_0.type 
    from
        transactions t1_0 
    where
        t1_0.type=?
Hibernate: 
    select
        t1_0.id,
        t1_0.amount,
        t1_0.budget_category,
        t1_0.category,
        t1_0.date,
        t1_0.description,
        t1_0.title,
        t1_0.type 
    from
        transactions t1_0 
    where
        t1_0.type=?
Hibernate: 
    select
        t1_0.id,
        t1_0.amount,
        t1_0.budget_category,
        t1_0.category,
        t1_0.date,
        t1_0.description,
        t1_0.title,
        t1_0.type 
    from
        transactions t1_0 
    where
        t1_0.type=?
Hibernate: 
    select
        coalesce(sum(t1_0.amount), 0) 
    from
        transactions t1_0 
    where
        t1_0.type=?
Hibernate: 
    select
        bl1_0.id,
        bl1_0.category,
        bl1_0.color,
        bl1_0.icon,
        bl1_0.limit_amount,
        bl1_0.note 
    from
        budget_limits bl1_0
Hibernate: 
    select
        coalesce(sum(t1_0.amount), 0) 
    from
        transactions t1_0 
    where
        t1_0.type=?
Hibernate: 
    select
        coalesce(sum(t1_0.amount), 0) 
    from
        transactions t1_0 
    where
        lower(t1_0.budget_category)=lower(?)
Hibernate: 
    select
        coalesce(sum(a1_0.asset_value), 0) 
    from
        assets a1_0 
    where
        a1_0.type=?
Hibernate: 
    select
        coalesce(sum(a1_0.asset_value), 0) 
    from
        assets a1_0 
    where
        a1_0.type=?
Hibernate: 
    select
        coalesce(sum(a1_0.asset_value), 0) 
    from
        assets a1_0 
    where
        a1_0.type=?
Hibernate: 
    select
        bl1_0.id,
        bl1_0.category,
        bl1_0.color,
        bl1_0.icon,
        bl1_0.limit_amount,
        bl1_0.note 
    from
        budget_limits bl1_0
Hibernate: 
    select
        coalesce(sum(a1_0.asset_value), 0) 
    from
        assets a1_0 
    where
        a1_0.type=?
Hibernate: 
    select
        coalesce(sum(t1_0.amount), 0) 
    from
        transactions t1_0 
    where
        t1_0.type=?
Hibernate: 
    select
        coalesce(sum(t1_0.amount), 0) 
    from
        transactions t1_0 
    where
        t1_0.type=?
Hibernate: 
    select
        t1_0.id,
        t1_0.amount,
        t1_0.budget_category,
        t1_0.category,
        t1_0.date,
        t1_0.description,
        t1_0.title,
        t1_0.type 
    from
        transactions t1_0 
    where
        upper(t1_0.budget_category)=upper(?)
Hibernate: 
    select
        t1_0.id,
        t1_0.amount,
        t1_0.budget_category,
        t1_0.category,
        t1_0.date,
        t1_0.description,
        t1_0.title,
        t1_0.type 
    from
        transactions t1_0 
    where
        upper(t1_0.budget_category)=upper(?)
Hibernate: 
    select
        coalesce(sum(t1_0.amount), 0) 
    from
        transactions t1_0 
    where
        lower(t1_0.budget_category)=lower(?)
Hibernate: 
    select
        coalesce(sum(a1_0.asset_value), 0) 
    from
        assets a1_0 
    where
        a1_0.type=?
Hibernate: 
    select
        t1_0.id,
        t1_0.amount,
        t1_0.budget_category,
        t1_0.category,
        t1_0.date,
        t1_0.description,
        t1_0.title,
        t1_0.type 
    from
        transactions t1_0 
    where
        upper(t1_0.budget_category)=upper(?)
Hibernate: 
    select
        t1_0.id,
        t1_0.amount,
        t1_0.budget_category,
        t1_0.category,
        t1_0.date,
        t1_0.description,
        t1_0.title,
        t1_0.type 
    from
        transactions t1_0 
    where
        upper(t1_0.budget_category)=upper(?)
Hibernate: 
    select
        t1_0.id,
        t1_0.amount,
        t1_0.budget_category,
        t1_0.category,
        t1_0.date,
        t1_0.description,
        t1_0.title,
        t1_0.type 
    from
        transactions t1_0 
    where
        upper(t1_0.budget_category)=upper(?)
Hibernate: 
    select
        coalesce(sum(a1_0.asset_value), 0) 
    from
        assets a1_0 
    where
        a1_0.type=?
Hibernate: 
    select
        t1_0.id,
        t1_0.amount,
        t1_0.budget_category,
        t1_0.category,
        t1_0.date,
        t1_0.description,
        t1_0.title,
        t1_0.type 
    from
        transactions t1_0 
    where
        upper(t1_0.budget_category)=upper(?)
Hibernate: 
    select
        coalesce(sum(a1_0.asset_value), 0) 
    from
        assets a1_0 
    where
        a1_0.type=?
Hibernate: 
    select
        coalesce(sum(a1_0.asset_value), 0) 
    from
        assets a1_0 
    where
        a1_0.type=?
Hibernate: 
    select
        t1_0.id,
        t1_0.amount,
        t1_0.budget_category,
        t1_0.category,
        t1_0.date,
        t1_0.description,
        t1_0.title,
        t1_0.type 
    from
        transactions t1_0 
    where
        upper(t1_0.budget_category)=upper(?)
Hibernate: 
    select
        t1_0.id,
        t1_0.amount,
        t1_0.budget_category,
        t1_0.category,
        t1_0.date,
        t1_0.description,
        t1_0.title,
        t1_0.type 
    from
        transactions t1_0 
    where
        upper(t1_0.budget_category)=upper(?)
Hibernate: 
    select
        t1_0.id,
        t1_0.amount,
        t1_0.budget_category,
        t1_0.category,
        t1_0.date,
        t1_0.description,
        t1_0.title,
        t1_0.type 
    from
        transactions t1_0 
    where
        upper(t1_0.budget_category)=upper(?)
Hibernate: 
    select
        t1_0.id,
        t1_0.amount,
        t1_0.budget_category,
        t1_0.category,
        t1_0.date,
        t1_0.description,
        t1_0.title,
        t1_0.type 
    from
        transactions t1_0 
    where
        upper(t1_0.budget_category)=upper(?)
Hibernate: 
    select
        t1_0.id,
        t1_0.amount,
        t1_0.budget_category,
        t1_0.category,
        t1_0.date,
        t1_0.description,
        t1_0.title,
        t1_0.type 
    from
        transactions t1_0 
    where
        upper(t1_0.budget_category)=upper(?)
Hibernate: 
    select
        t1_0.id,
        t1_0.amount,
        t1_0.budget_category,
        t1_0.category,
        t1_0.date,
        t1_0.description,
        t1_0.title,
        t1_0.type 
    from
        transactions t1_0 
    where
        upper(t1_0.budget_category)=upper(?)
Hibernate: 
    select
        coalesce(sum(t1_0.amount), 0) 
    from
        transactions t1_0 
    where
        t1_0.type=?
Hibernate: 
    select
        bl1_0.id,
        bl1_0.category,
        bl1_0.color,
        bl1_0.icon,
        bl1_0.limit_amount,
        bl1_0.note 
    from
        budget_limits bl1_0
Hibernate: 
    select
        coalesce(sum(t1_0.amount), 0) 
    from
        transactions t1_0 
    where
        t1_0.type=?
Hibernate: 
    select
        coalesce(sum(t1_0.amount), 0) 
    from
        transactions t1_0 
    where
        lower(t1_0.budget_category)=lower(?)
Hibernate: 
    select
        coalesce(sum(a1_0.asset_value), 0) 
    from
        assets a1_0 
    where
        a1_0.type=?
Hibernate: 
    select
        coalesce(sum(a1_0.asset_value), 0) 
    from
        assets a1_0 
    where
        a1_0.type=?
Hibernate: 
    select
        bl1_0.id,
        bl1_0.category,
        bl1_0.color,
        bl1_0.icon,
        bl1_0.limit_amount,
        bl1_0.note 
    from
        budget_limits bl1_0
Hibernate: 
    select
        coalesce(sum(a1_0.asset_value), 0) 
    from
        assets a1_0 
    where
        a1_0.type=?
Hibernate: 
    select
        t1_0.id,
        t1_0.amount,
        t1_0.budget_category,
        t1_0.category,
        t1_0.date,
        t1_0.description,
        t1_0.title,
        t1_0.type 
    from
        transactions t1_0 
    where
        upper(t1_0.budget_category)=upper(?)
Hibernate: 
    select
        coalesce(sum(a1_0.asset_value), 0) 
    from
        assets a1_0 
    where
        a1_0.type=?
Hibernate: 
    select
        t1_0.id,
        t1_0.amount,
        t1_0.budget_category,
        t1_0.category,
        t1_0.date,
        t1_0.description,
        t1_0.title,
        t1_0.type 
    from
        transactions t1_0 
    where
        upper(t1_0.budget_category)=upper(?)
Hibernate: 
    select
        t1_0.id,
        t1_0.amount,
        t1_0.budget_category,
        t1_0.category,
        t1_0.date,
        t1_0.description,
        t1_0.title,
        t1_0.type 
    from
        transactions t1_0 
    where
        upper(t1_0.budget_category)=upper(?)
Hibernate: 
    select
        t1_0.id,
        t1_0.amount,
        t1_0.budget_category,
        t1_0.category,
        t1_0.date,
        t1_0.description,
        t1_0.title,
        t1_0.type 
    from
        transactions t1_0 
    where
        upper(t1_0.budget_category)=upper(?)
Hibernate: 
    select
        coalesce(sum(t1_0.amount), 0) 
    from
        transactions t1_0 
    where
        t1_0.type=?
Hibernate: 
    select
        coalesce(sum(t1_0.amount), 0) 
    from
        transactions t1_0 
    where
        t1_0.type=?
Hibernate: 
    select
        t1_0.id,
        t1_0.amount,
        t1_0.budget_category,
        t1_0.category,
        t1_0.date,
        t1_0.description,
        t1_0.title,
        t1_0.type 
    from
        transactions t1_0 
    where
        upper(t1_0.budget_category)=upper(?)
Hibernate: 
    select
        t1_0.id,
        t1_0.amount,
        t1_0.budget_category,
        t1_0.category,
        t1_0.date,
        t1_0.description,
        t1_0.title,
        t1_0.type 
    from
        transactions t1_0 
    where
        upper(t1_0.budget_category)=upper(?)
Hibernate: 
    select
        coalesce(sum(t1_0.amount), 0) 
    from
        transactions t1_0 
    where
        lower(t1_0.budget_category)=lower(?)
Hibernate: 
    select
        coalesce(sum(a1_0.asset_value), 0) 
    from
        assets a1_0 
    where
        a1_0.type=?
Hibernate: 
    select
        t1_0.id,
        t1_0.amount,
        t1_0.budget_category,
        t1_0.category,
        t1_0.date,
        t1_0.description,
        t1_0.title,
        t1_0.type 
    from
        transactions t1_0 
    where
        upper(t1_0.budget_category)=upper(?)
Hibernate: 
    select
        t1_0.id,
        t1_0.amount,
        t1_0.budget_category,
        t1_0.category,
        t1_0.date,
        t1_0.description,
        t1_0.title,
        t1_0.type 
    from
        transactions t1_0 
    where
        upper(t1_0.budget_category)=upper(?)
Hibernate: 
    select
        t1_0.id,
        t1_0.amount,
        t1_0.budget_category,
        t1_0.category,
        t1_0.date,
        t1_0.description,
        t1_0.title,
        t1_0.type 
    from
        transactions t1_0 
    where
        upper(t1_0.budget_category)=upper(?)
Hibernate: 
    select
        coalesce(sum(a1_0.asset_value), 0) 
    from
        assets a1_0 
    where
        a1_0.type=?
Hibernate: 
    select
        coalesce(sum(a1_0.asset_value), 0) 
    from
        assets a1_0 
    where
        a1_0.type=?
Hibernate: 
    select
        coalesce(sum(a1_0.asset_value), 0) 
    from
        assets a1_0 
    where
        a1_0.type=?
Hibernate: 
    select
        t1_0.id,
        t1_0.amount,
        t1_0.budget_category,
        t1_0.category,
        t1_0.date,
        t1_0.description,
        t1_0.title,
        t1_0.type 
    from
        transactions t1_0 
    where
        upper(t1_0.budget_category)=upper(?)
Hibernate: 
    select
        t1_0.id,
        t1_0.amount,
        t1_0.budget_category,
        t1_0.category,
        t1_0.date,
        t1_0.description,
        t1_0.title,
        t1_0.type 
    from
        transactions t1_0 
    where
        upper(t1_0.budget_category)=upper(?)
Hibernate: 
    select
        t1_0.id,
        t1_0.amount,
        t1_0.budget_category,
        t1_0.category,
        t1_0.date,
        t1_0.description,
        t1_0.title,
        t1_0.type 
    from
        transactions t1_0 
    where
        upper(t1_0.budget_category)=upper(?)
Hibernate: 
    select
        coalesce(sum(t1_0.amount), 0) 
    from
        transactions t1_0 
    where
        t1_0.type=?
Hibernate: 
    select
        coalesce(sum(t1_0.amount), 0) 
    from
        transactions t1_0 
    where
        t1_0.type=?
Hibernate: 
    select
        bl1_0.id,
        bl1_0.category,
        bl1_0.color,
        bl1_0.icon,
        bl1_0.limit_amount,
        bl1_0.note 
    from
        budget_limits bl1_0
Hibernate: 
    select
        coalesce(sum(t1_0.amount), 0) 
    from
        transactions t1_0 
    where
        lower(t1_0.budget_category)=lower(?)
Hibernate: 
    select
        coalesce(sum(a1_0.asset_value), 0) 
    from
        assets a1_0 
    where
        a1_0.type=?
Hibernate: 
    select
        coalesce(sum(a1_0.asset_value), 0) 
    from
        assets a1_0 
    where
        a1_0.type=?
Hibernate: 
    select
        coalesce(sum(a1_0.asset_value), 0) 
    from
        assets a1_0 
    where
        a1_0.type=?
Hibernate: 
    select
        coalesce(sum(a1_0.asset_value), 0) 
    from
        assets a1_0 
    where
        a1_0.type=?
Hibernate: 
    select
        t1_0.id,
        t1_0.amount,
        t1_0.budget_category,
        t1_0.category,
        t1_0.date,
        t1_0.description,
        t1_0.title,
        t1_0.type 
    from
        transactions t1_0 
    where
        upper(t1_0.budget_category)=upper(?)
Hibernate: 
    select
        t1_0.id,
        t1_0.amount,
        t1_0.budget_category,
        t1_0.category,
        t1_0.date,
        t1_0.description,
        t1_0.title,
        t1_0.type 
    from
        transactions t1_0 
    where
        upper(t1_0.budget_category)=upper(?)
Hibernate: 
    select
        t1_0.id,
        t1_0.amount,
        t1_0.budget_category,
        t1_0.category,
        t1_0.date,
        t1_0.description,
        t1_0.title,
        t1_0.type 
    from
        transactions t1_0 
    where
        upper(t1_0.budget_category)=upper(?)
Hibernate: 
    select
        t1_0.id,
        t1_0.amount,
        t1_0.budget_category,
        t1_0.category,
        t1_0.date,
        t1_0.description,
        t1_0.title,
        t1_0.type 
    from
        transactions t1_0 
    where
        upper(t1_0.budget_category)=upper(?)
Hibernate: 
    select
        t1_0.id,
        t1_0.amount,
        t1_0.budget_category,
        t1_0.category,
        t1_0.date,
        t1_0.description,
        t1_0.title,
        t1_0.type 
    from
        transactions t1_0 
    where
        upper(t1_0.budget_category)=upper(?)
Hibernate: 
    select
        t1_0.id,
        t1_0.amount,
        t1_0.budget_category,
        t1_0.category,
        t1_0.date,
        t1_0.description,
        t1_0.title,
        t1_0.type 
    from
        transactions t1_0 
    where
        upper(t1_0.budget_category)=upper(?)
Hibernate: 
    select
        t1_0.id,
        t1_0.amount,
        t1_0.budget_category,
        t1_0.category,
        t1_0.date,
        t1_0.description,
        t1_0.title,
        t1_0.type 
    from
        transactions t1_0 
    where
        t1_0.type=?
Hibernate: 
    select
        t1_0.id,
        t1_0.amount,
        t1_0.budget_category,
        t1_0.category,
        t1_0.date,
        t1_0.description,
        t1_0.title,
        t1_0.type 
    from
        transactions t1_0 
    where
        t1_0.type=?
Hibernate: 
    select
        coalesce(sum(t1_0.amount), 0) 
    from
        transactions t1_0 
    where
        t1_0.type=?
Hibernate: 
    select
        coalesce(sum(t1_0.amount), 0) 
    from
        transactions t1_0 
    where
        t1_0.type=?
Hibernate: 
    select
        bl1_0.id,
        bl1_0.category,
        bl1_0.color,
        bl1_0.icon,
        bl1_0.limit_amount,
        bl1_0.note 
    from
        budget_limits bl1_0
Hibernate: 
    select
        coalesce(sum(t1_0.amount), 0) 
    from
        transactions t1_0 
    where
        lower(t1_0.budget_category)=lower(?)
Hibernate: 
    select
        coalesce(sum(a1_0.asset_value), 0) 
    from
        assets a1_0 
    where
        a1_0.type=?
Hibernate: 
    select
        coalesce(sum(a1_0.asset_value), 0) 
    from
        assets a1_0 
    where
        a1_0.type=?
Hibernate: 
    select
        coalesce(sum(a1_0.asset_value), 0) 
    from
        assets a1_0 
    where
        a1_0.type=?
Hibernate: 
    select
        coalesce(sum(a1_0.asset_value), 0) 
    from
        assets a1_0 
    where
        a1_0.type=?
Hibernate: 
    select
        bl1_0.id,
        bl1_0.category,
        bl1_0.color,
        bl1_0.icon,
        bl1_0.limit_amount,
        bl1_0.note 
    from
        budget_limits bl1_0
Hibernate: 
    select
        coalesce(sum(t1_0.amount), 0) 
    from
        transactions t1_0 
    where
        t1_0.type=?
Hibernate: 
    select
        coalesce(sum(t1_0.amount), 0) 
    from
        transactions t1_0 
    where
        t1_0.type=?
Hibernate: 
    select
        t1_0.id,
        t1_0.amount,
        t1_0.budget_category,
        t1_0.category,
        t1_0.date,
        t1_0.description,
        t1_0.title,
        t1_0.type 
    from
        transactions t1_0 
    where
        upper(t1_0.budget_category)=upper(?)
Hibernate: 
    select
        coalesce(sum(t1_0.amount), 0) 
    from
        transactions t1_0 
    where
        lower(t1_0.budget_category)=lower(?)
Hibernate: 
    select
        t1_0.id,
        t1_0.amount,
        t1_0.budget_category,
        t1_0.category,
        t1_0.date,
        t1_0.description,
        t1_0.title,
        t1_0.type 
    from
        transactions t1_0 
    where
        upper(t1_0.budget_category)=upper(?)
Hibernate: 
    select
        t1_0.id,
        t1_0.amount,
        t1_0.budget_category,
        t1_0.category,
        t1_0.date,
        t1_0.description,
        t1_0.title,
        t1_0.type 
    from
        transactions t1_0 
    where
        upper(t1_0.budget_category)=upper(?)
Hibernate: 
    select
        t1_0.id,
        t1_0.amount,
        t1_0.budget_category,
        t1_0.category,
        t1_0.date,
        t1_0.description,
        t1_0.title,
        t1_0.type 
    from
        transactions t1_0 
    where
        upper(t1_0.budget_category)=upper(?)
Hibernate: 
    select
        coalesce(sum(a1_0.asset_value), 0) 
    from
        assets a1_0 
    where
        a1_0.type=?
Hibernate: 
    select
        t1_0.id,
        t1_0.amount,
        t1_0.budget_category,
        t1_0.category,
        t1_0.date,
        t1_0.description,
        t1_0.title,
        t1_0.type 
    from
        transactions t1_0 
    where
        upper(t1_0.budget_category)=upper(?)
Hibernate: 
    select
        coalesce(sum(a1_0.asset_value), 0) 
    from
        assets a1_0 
    where
        a1_0.type=?
Hibernate: 
    select
        coalesce(sum(a1_0.asset_value), 0) 
    from
        assets a1_0 
    where
        a1_0.type=?
Hibernate: 
    select
        coalesce(sum(a1_0.asset_value), 0) 
    from
        assets a1_0 
    where
        a1_0.type=?
Hibernate: 
    select
        t1_0.id,
        t1_0.amount,
        t1_0.budget_category,
        t1_0.category,
        t1_0.date,
        t1_0.description,
        t1_0.title,
        t1_0.type 
    from
        transactions t1_0 
    where
        upper(t1_0.budget_category)=upper(?)
Hibernate: 
    select
        t1_0.id,
        t1_0.amount,
        t1_0.budget_category,
        t1_0.category,
        t1_0.date,
        t1_0.description,
        t1_0.title,
        t1_0.type 
    from
        transactions t1_0 
    where
        upper(t1_0.budget_category)=upper(?)
Hibernate: 
    select
        t1_0.id,
        t1_0.amount,
        t1_0.budget_category,
        t1_0.category,
        t1_0.date,
        t1_0.description,
        t1_0.title,
        t1_0.type 
    from
        transactions t1_0 
    where
        upper(t1_0.budget_category)=upper(?)
Hibernate: 
    select
        t1_0.id,
        t1_0.amount,
        t1_0.budget_category,
        t1_0.category,
        t1_0.date,
        t1_0.description,
        t1_0.title,
        t1_0.type 
    from
        transactions t1_0 
    where
        upper(t1_0.budget_category)=upper(?)
Hibernate: 
    select
        t1_0.id,
        t1_0.amount,
        t1_0.budget_category,
        t1_0.category,
        t1_0.date,
        t1_0.description,
        t1_0.title,
        t1_0.type 
    from
        transactions t1_0 
    where
        upper(t1_0.budget_category)=upper(?)
Hibernate: 
    select
        t1_0.id,
        t1_0.amount,
        t1_0.budget_category,
        t1_0.category,
        t1_0.date,
        t1_0.description,
        t1_0.title,
        t1_0.type 
    from
        transactions t1_0 
    where
        upper(t1_0.budget_category)=upper(?)
Hibernate: 
    select
        t1_0.id,
        t1_0.amount,
        t1_0.budget_category,
        t1_0.category,
        t1_0.date,
        t1_0.description,
        t1_0.title,
        t1_0.type 
    from
        transactions t1_0 
    where
        upper(t1_0.budget_category)=upper(?)
Hibernate: 
    select
        t1_0.id,
        t1_0.amount,
        t1_0.budget_category,
        t1_0.category,
        t1_0.date,
        t1_0.description,
        t1_0.title,
        t1_0.type 
    from
        transactions t1_0 
    where
        t1_0.type=?
Hibernate: 
    select
        t1_0.id,
        t1_0.amount,
        t1_0.budget_category,
        t1_0.category,
        t1_0.date,
        t1_0.description,
        t1_0.title,
        t1_0.type 
    from
        transactions t1_0 
    where
        t1_0.type=?
Hibernate: 
    select
        coalesce(sum(t1_0.amount), 0) 
    from
        transactions t1_0 
    where
        t1_0.type=?
Hibernate: 
    select
        coalesce(sum(t1_0.amount), 0) 
    from
        transactions t1_0 
    where
        t1_0.type=?
Hibernate: 
    select
        coalesce(sum(t1_0.amount), 0) 
    from
        transactions t1_0 
    where
        lower(t1_0.budget_category)=lower(?)
Hibernate: 
    select
        coalesce(sum(a1_0.asset_value), 0) 
    from
        assets a1_0 
    where
        a1_0.type=?
Hibernate: 
    select
        coalesce(sum(a1_0.asset_value), 0) 
    from
        assets a1_0 
    where
        a1_0.type=?
Hibernate: 
    select
        coalesce(sum(a1_0.asset_value), 0) 
    from
        assets a1_0 
    where
        a1_0.type=?
Hibernate: 
    select
        coalesce(sum(a1_0.asset_value), 0) 
    from
        assets a1_0 
    where
        a1_0.type=?
Hibernate: 
    select
        coalesce(sum(t1_0.amount), 0) 
    from
        transactions t1_0 
    where
        t1_0.type=?
Hibernate: 
    select
        coalesce(sum(t1_0.amount), 0) 
    from
        transactions t1_0 
    where
        t1_0.type=?
Hibernate: 
    select
        coalesce(sum(t1_0.amount), 0) 
    from
        transactions t1_0 
    where
        lower(t1_0.budget_category)=lower(?)
Hibernate: 
    select
        coalesce(sum(a1_0.asset_value), 0) 
    from
        assets a1_0 
    where
        a1_0.type=?
Hibernate: 
    select
        coalesce(sum(a1_0.asset_value), 0) 
    from
        assets a1_0 
    where
        a1_0.type=?
Hibernate: 
    select
        coalesce(sum(a1_0.asset_value), 0) 
    from
        assets a1_0 
    where
        a1_0.type=?
Hibernate: 
    select
        coalesce(sum(a1_0.asset_value), 0) 
    from
        assets a1_0 
    where
        a1_0.type=?
Hibernate: 
    select
        t1_0.id,
        t1_0.amount,
        t1_0.budget_category,
        t1_0.category,
        t1_0.date,
        t1_0.description,
        t1_0.title,
        t1_0.type 
    from
        transactions t1_0
Hibernate: 
    select
        t1_0.id,
        t1_0.amount,
        t1_0.budget_category,
        t1_0.category,
        t1_0.date,
        t1_0.description,
        t1_0.title,
        t1_0.type 
    from
        transactions t1_0
Hibernate: 
    select
        t1_0.id,
        t1_0.amount,
        t1_0.budget_category,
        t1_0.category,
        t1_0.date,
        t1_0.description,
        t1_0.title,
        t1_0.type 
    from
        transactions t1_0
Hibernate: 
    select
        t1_0.id,
        t1_0.amount,
        t1_0.budget_category,
        t1_0.category,
        t1_0.date,
        t1_0.description,
        t1_0.title,
        t1_0.type 
    from
        transactions t1_0
Hibernate: 
    select
        t1_0.id,
        t1_0.amount,
        t1_0.budget_category,
        t1_0.category,
        t1_0.date,
        t1_0.description,
        t1_0.title,
        t1_0.type 
    from
        transactions t1_0
Hibernate: 
    select
        t1_0.id,
        t1_0.amount,
        t1_0.budget_category,
        t1_0.category,
        t1_0.date,
        t1_0.description,
        t1_0.title,
        t1_0.type 
    from
        transactions t1_0
Hibernate: 
    select
        t1_0.id,
        t1_0.amount,
        t1_0.budget_category,
        t1_0.category,
        t1_0.date,
        t1_0.description,
        t1_0.title,
        t1_0.type 
    from
        transactions t1_0
Hibernate: 
    select
        t1_0.id,
        t1_0.amount,
        t1_0.budget_category,
        t1_0.category,
        t1_0.date,
        t1_0.description,
        t1_0.title,
        t1_0.type 
    from
        transactions t1_0
Hibernate: 
    select
        t1_0.id,
        t1_0.amount,
        t1_0.budget_category,
        t1_0.category,
        t1_0.date,
        t1_0.description,
        t1_0.title,
        t1_0.type 
    from
        transactions t1_0
Hibernate: 
    select
        t1_0.id,
        t1_0.amount,
        t1_0.budget_category,
        t1_0.category,
        t1_0.date,
        t1_0.description,
        t1_0.title,
        t1_0.type 
    from
        transactions t1_0
Hibernate: 
    select
        t1_0.id,
        t1_0.amount,
        t1_0.budget_category,
        t1_0.category,
        t1_0.date,
        t1_0.description,
        t1_0.title,
        t1_0.type 
    from
        transactions t1_0
Hibernate: 
    select
        t1_0.id,
        t1_0.amount,
        t1_0.budget_category,
        t1_0.category,
        t1_0.date,
        t1_0.description,
        t1_0.title,
        t1_0.type 
    from
        transactions t1_0
Hibernate: 
    select
        t1_0.id,
        t1_0.amount,
        t1_0.budget_category,
        t1_0.category,
        t1_0.date,
        t1_0.description,
        t1_0.title,
        t1_0.type 
    from
        transactions t1_0
Hibernate: 
    select
        t1_0.id,
        t1_0.amount,
        t1_0.budget_category,
        t1_0.category,
        t1_0.date,
        t1_0.description,
        t1_0.title,
        t1_0.type 
    from
        transactions t1_0
Hibernate: 
    select
        t1_0.id,
        t1_0.amount,
        t1_0.budget_category,
        t1_0.category,
        t1_0.date,
        t1_0.description,
        t1_0.title,
        t1_0.type 
    from
        transactions t1_0
Hibernate: 
    select
        t1_0.id,
        t1_0.amount,
        t1_0.budget_category,
        t1_0.category,
        t1_0.date,
        t1_0.description,
        t1_0.title,
        t1_0.type 
    from
        transactions t1_0
Hibernate: 
    select
        t1_0.id,
        t1_0.amount,
        t1_0.budget_category,
        t1_0.category,
        t1_0.date,
        t1_0.description,
        t1_0.title,
        t1_0.type 
    from
        transactions t1_0
Hibernate: 
    select
        t1_0.id,
        t1_0.amount,
        t1_0.budget_category,
        t1_0.category,
        t1_0.date,
        t1_0.description,
        t1_0.title,
        t1_0.type 
    from
        transactions t1_0
Hibernate: 
    select
        t1_0.id,
        t1_0.amount,
        t1_0.budget_category,
        t1_0.category,
        t1_0.date,
        t1_0.description,
        t1_0.title,
        t1_0.type 
    from
        transactions t1_0
Hibernate: 
    select
        t1_0.id,
        t1_0.amount,
        t1_0.budget_category,
        t1_0.category,
        t1_0.date,
        t1_0.description,
        t1_0.title,
        t1_0.type 
    from
        transactions t1_0
Hibernate: 
    select
        t1_0.id,
        t1_0.amount,
        t1_0.budget_category,
        t1_0.category,
        t1_0.date,
        t1_0.description,
        t1_0.title,
        t1_0.type 
    from
        transactions t1_0
Hibernate: 
    select
        t1_0.id,
        t1_0.amount,
        t1_0.budget_category,
        t1_0.category,
        t1_0.date,
        t1_0.description,
        t1_0.title,
        t1_0.type 
    from
        transactions t1_0
Hibernate: 
    select
        t1_0.id,
        t1_0.amount,
        t1_0.budget_category,
        t1_0.category,
        t1_0.date,
        t1_0.description,
        t1_0.title,
        t1_0.type 
    from
        transactions t1_0
Hibernate: 
    select
        t1_0.id,
        t1_0.amount,
        t1_0.budget_category,
        t1_0.category,
        t1_0.date,
        t1_0.description,
        t1_0.title,
        t1_0.type 
    from
        transactions t1_0
Hibernate: 
    select
        t1_0.id,
        t1_0.amount,
        t1_0.budget_category,
        t1_0.category,
        t1_0.date,
        t1_0.description,
        t1_0.title,
        t1_0.type 
    from
        transactions t1_0
Hibernate: 
    select
        t1_0.id,
        t1_0.amount,
        t1_0.budget_category,
        t1_0.category,
        t1_0.date,
        t1_0.description,
        t1_0.title,
        t1_0.type 
    from
        transactions t1_0
Hibernate: 
    select
        t1_0.id,
        t1_0.amount,
        t1_0.budget_category,
        t1_0.category,
        t1_0.date,
        t1_0.description,
        t1_0.title,
        t1_0.type 
    from
        transactions t1_0
Hibernate: 
    select
        t1_0.id,
        t1_0.amount,
        t1_0.budget_category,
        t1_0.category,
        t1_0.date,
        t1_0.description,
        t1_0.title,
        t1_0.type 
    from
        transactions t1_0
Hibernate: 
    select
        t1_0.id,
        t1_0.amount,
        t1_0.budget_category,
        t1_0.category,
        t1_0.date,
        t1_0.description,
        t1_0.title,
        t1_0.type 
    from
        transactions t1_0
Hibernate: 
    select
        t1_0.id,
        t1_0.amount,
        t1_0.budget_category,
        t1_0.category,
        t1_0.date,
        t1_0.description,
        t1_0.title,
        t1_0.type 
    from
        transactions t1_0
Hibernate: 
    select
        t1_0.id,
        t1_0.amount,
        t1_0.budget_category,
        t1_0.category,
        t1_0.date,
        t1_0.description,
        t1_0.title,
        t1_0.type 
    from
        transactions t1_0
Hibernate: 
    select
        t1_0.id,
        t1_0.amount,
        t1_0.budget_category,
        t1_0.category,
        t1_0.date,
        t1_0.description,
        t1_0.title,
        t1_0.type 
    from
        transactions t1_0
Hibernate: 
    select
        t1_0.id,
        t1_0.amount,
        t1_0.budget_category,
        t1_0.category,
        t1_0.date,
        t1_0.description,
        t1_0.title,
        t1_0.type 
    from
        transactions t1_0
Hibernate: 
    select
        t1_0.id,
        t1_0.amount,
        t1_0.budget_category,
        t1_0.category,
        t1_0.date,
        t1_0.description,
        t1_0.title,
        t1_0.type 
    from
        transactions t1_0
Hibernate: 
    select
        t1_0.id,
        t1_0.amount,
        t1_0.budget_category,
        t1_0.category,
        t1_0.date,
        t1_0.description,
        t1_0.title,
        t1_0.type 
    from
        transactions t1_0
Hibernate: 
    select
        t1_0.id,
        t1_0.amount,
        t1_0.budget_category,
        t1_0.category,
        t1_0.date,
        t1_0.description,
        t1_0.title,
        t1_0.type 
    from
        transactions t1_0
Hibernate: 
    select
        t1_0.id,
        t1_0.amount,
        t1_0.budget_category,
        t1_0.category,
        t1_0.date,
        t1_0.description,
        t1_0.title,
        t1_0.type 
    from
        transactions t1_0
Hibernate: 
    select
        t1_0.id,
        t1_0.amount,
        t1_0.budget_category,
        t1_0.category,
        t1_0.date,
        t1_0.description,
        t1_0.title,
        t1_0.type 
    from
        transactions t1_0
Hibernate: 
    select
        t1_0.id,
        t1_0.amount,
        t1_0.budget_category,
        t1_0.category,
        t1_0.date,
        t1_0.description,
        t1_0.title,
        t1_0.type 
    from
        transactions t1_0
Hibernate: 
    select
        t1_0.id,
        t1_0.amount,
        t1_0.budget_category,
        t1_0.category,
        t1_0.date,
        t1_0.description,
        t1_0.title,
        t1_0.type 
    from
        transactions t1_0
Hibernate: 
    select
        t1_0.id,
        t1_0.amount,
        t1_0.budget_category,
        t1_0.category,
        t1_0.date,
        t1_0.description,
        t1_0.title,
        t1_0.type 
    from
        transactions t1_0
Hibernate: 
    select
        t1_0.id,
        t1_0.amount,
        t1_0.budget_category,
        t1_0.category,
        t1_0.date,
        t1_0.description,
        t1_0.title,
        t1_0.type 
    from
        transactions t1_0
Hibernate: 
    select
        t1_0.id,
        t1_0.amount,
        t1_0.budget_category,
        t1_0.category,
        t1_0.date,
        t1_0.description,
        t1_0.title,
        t1_0.type 
    from
        transactions t1_0
Hibernate: 
    select
        t1_0.id,
        t1_0.amount,
        t1_0.budget_category,
        t1_0.category,
        t1_0.date,
        t1_0.description,
        t1_0.title,
        t1_0.type 
    from
        transactions t1_0
Hibernate: 
    select
        t1_0.id,
        t1_0.amount,
        t1_0.budget_category,
        t1_0.category,
        t1_0.date,
        t1_0.description,
        t1_0.title,
        t1_0.type 
    from
        transactions t1_0
Hibernate: 
    select
        t1_0.id,
        t1_0.amount,
        t1_0.budget_category,
        t1_0.category,
        t1_0.date,
        t1_0.description,
        t1_0.title,
        t1_0.type 
    from
        transactions t1_0
Hibernate: 
    select
        t1_0.id,
        t1_0.amount,
        t1_0.budget_category,
        t1_0.category,
        t1_0.date,
        t1_0.description,
        t1_0.title,
        t1_0.type 
    from
        transactions t1_0
Hibernate: 
    select
        t1_0.id,
        t1_0.amount,
        t1_0.budget_category,
        t1_0.category,
        t1_0.date,
        t1_0.description,
        t1_0.title,
        t1_0.type 
    from
        transactions t1_0
Hibernate: 
    select
        t1_0.id,
        t1_0.amount,
        t1_0.budget_category,
        t1_0.category,
        t1_0.date,
        t1_0.description,
        t1_0.title,
        t1_0.type 
    from
        transactions t1_0
Hibernate: 
    select
        t1_0.id,
        t1_0.amount,
        t1_0.budget_category,
        t1_0.category,
        t1_0.date,
        t1_0.description,
        t1_0.title,
        t1_0.type 
    from
        transactions t1_0
Hibernate: 
    select
        t1_0.id,
        t1_0.amount,
        t1_0.budget_category,
        t1_0.category,
        t1_0.date,
        t1_0.description,
        t1_0.title,
        t1_0.type 
    from
        transactions t1_0
Hibernate: 
    select
        t1_0.id,
        t1_0.amount,
        t1_0.budget_category,
        t1_0.category,
        t1_0.date,
        t1_0.description,
        t1_0.title,
        t1_0.type 
    from
        transactions t1_0
Hibernate: 
    select
        t1_0.id,
        t1_0.amount,
        t1_0.budget_category,
        t1_0.category,
        t1_0.date,
        t1_0.description,
        t1_0.title,
        t1_0.type 
    from
        transactions t1_0
Hibernate: 
    select
        t1_0.id,
        t1_0.amount,
        t1_0.budget_category,
        t1_0.category,
        t1_0.date,
        t1_0.description,
        t1_0.title,
        t1_0.type 
    from
        transactions t1_0
Hibernate: 
    select
        t1_0.id,
        t1_0.amount,
        t1_0.budget_category,
        t1_0.category,
        t1_0.date,
        t1_0.description,
        t1_0.title,
        t1_0.type 
    from
        transactions t1_0
Hibernate: 
    select
        t1_0.id,
        t1_0.amount,
        t1_0.budget_category,
        t1_0.category,
        t1_0.date,
        t1_0.description,
        t1_0.title,
        t1_0.type 
    from
        transactions t1_0
Hibernate: 
    select
        t1_0.id,
        t1_0.amount,
        t1_0.budget_category,
        t1_0.category,
        t1_0.date,
        t1_0.description,
        t1_0.title,
        t1_0.type 
    from
        transactions t1_0
Hibernate: 
    select
        t1_0.id,
        t1_0.amount,
        t1_0.budget_category,
        t1_0.category,
        t1_0.date,
        t1_0.description,
        t1_0.title,
        t1_0.type 
    from
        transactions t1_0
Hibernate: 
    select
        t1_0.id,
        t1_0.amount,
        t1_0.budget_category,
        t1_0.category,
        t1_0.date,
        t1_0.description,
        t1_0.title,
        t1_0.type 
    from
        transactions t1_0
Hibernate: 
    select
        t1_0.id,
        t1_0.amount,
        t1_0.budget_category,
        t1_0.category,
        t1_0.date,
        t1_0.description,
        t1_0.title,
        t1_0.type 
    from
        transactions t1_0
Hibernate: 
    select
        t1_0.id,
        t1_0.amount,
        t1_0.budget_category,
        t1_0.category,
        t1_0.date,
        t1_0.description,
        t1_0.title,
        t1_0.type 
    from
        transactions t1_0
Hibernate: 
    select
        t1_0.id,
        t1_0.amount,
        t1_0.budget_category,
        t1_0.category,
        t1_0.date,
        t1_0.description,
        t1_0.title,
        t1_0.type 
    from
        transactions t1_0
Hibernate: 
    select
        t1_0.id,
        t1_0.amount,
        t1_0.budget_category,
        t1_0.category,
        t1_0.date,
        t1_0.description,
        t1_0.title,
        t1_0.type 
    from
        transactions t1_0
Hibernate: 
    select
        t1_0.id,
        t1_0.amount,
        t1_0.budget_category,
        t1_0.category,
        t1_0.date,
        t1_0.description,
        t1_0.title,
        t1_0.type 
    from
        transactions t1_0
Hibernate: 
    select
        t1_0.id,
        t1_0.amount,
        t1_0.budget_category,
        t1_0.category,
        t1_0.date,
        t1_0.description,
        t1_0.title,
        t1_0.type 
    from
        transactions t1_0
Hibernate: 
    select
        t1_0.id,
        t1_0.amount,
        t1_0.budget_category,
        t1_0.category,
        t1_0.date,
        t1_0.description,
        t1_0.title,
        t1_0.type 
    from
        transactions t1_0
Hibernate: 
    select
        t1_0.id,
        t1_0.amount,
        t1_0.budget_category,
        t1_0.category,
        t1_0.date,
        t1_0.description,
        t1_0.title,
        t1_0.type 
    from
        transactions t1_0
Hibernate: 
    select
        t1_0.id,
        t1_0.amount,
        t1_0.budget_category,
        t1_0.category,
        t1_0.date,
        t1_0.description,
        t1_0.title,
        t1_0.type 
    from
        transactions t1_0
Hibernate: 
    select
        t1_0.id,
        t1_0.amount,
        t1_0.budget_category,
        t1_0.category,
        t1_0.date,
        t1_0.description,
        t1_0.title,
        t1_0.type 
    from
        transactions t1_0
Hibernate: 
    select
        t1_0.id,
        t1_0.amount,
        t1_0.budget_category,
        t1_0.category,
        t1_0.date,
        t1_0.description,
        t1_0.title,
        t1_0.type 
    from
        transactions t1_0
Hibernate: 
    select
        t1_0.id,
        t1_0.amount,
        t1_0.budget_category,
        t1_0.category,
        t1_0.date,
        t1_0.description,
        t1_0.title,
        t1_0.type 
    from
        transactions t1_0
Hibernate: 
    select
        t1_0.id,
        t1_0.amount,
        t1_0.budget_category,
        t1_0.category,
        t1_0.date,
        t1_0.description,
        t1_0.title,
        t1_0.type 
    from
        transactions t1_0
Hibernate: 
    select
        t1_0.id,
        t1_0.amount,
        t1_0.budget_category,
        t1_0.category,
        t1_0.date,
        t1_0.description,
        t1_0.title,
        t1_0.type 
    from
        transactions t1_0
Hibernate: 
    select
        t1_0.id,
        t1_0.amount,
        t1_0.budget_category,
        t1_0.category,
        t1_0.date,
        t1_0.description,
        t1_0.title,
        t1_0.type 
    from
        transactions t1_0
Hibernate: 
    select
        t1_0.id,
        t1_0.amount,
        t1_0.budget_category,
        t1_0.category,
        t1_0.date,
        t1_0.description,
        t1_0.title,
        t1_0.type 
    from
        transactions t1_0
Hibernate: 
    select
        t1_0.id,
        t1_0.amount,
        t1_0.budget_category,
        t1_0.category,
        t1_0.date,
        t1_0.description,
        t1_0.title,
        t1_0.type 
    from
        transactions t1_0
Hibernate: 
    select
        t1_0.id,
        t1_0.amount,
        t1_0.budget_category,
        t1_0.category,
        t1_0.date,
        t1_0.description,
        t1_0.title,
        t1_0.type 
    from
        transactions t1_0
Hibernate: 
    select
        t1_0.id,
        t1_0.amount,
        t1_0.budget_category,
        t1_0.category,
        t1_0.date,
        t1_0.description,
        t1_0.title,
        t1_0.type 
    from
        transactions t1_0
Hibernate: 
    select
        coalesce(sum(t1_0.amount), 0) 
    from
        transactions t1_0 
    where
        t1_0.type=?
Hibernate: 
    select
        coalesce(sum(t1_0.amount), 0) 
    from
        transactions t1_0 
    where
        t1_0.type=?
Hibernate: 
    select
        coalesce(sum(t1_0.amount), 0) 
    from
        transactions t1_0 
    where
        lower(t1_0.budget_category)=lower(?)
Hibernate: 
    select
        coalesce(sum(a1_0.asset_value), 0) 
    from
        assets a1_0 
    where
        a1_0.type=?
Hibernate: 
    select
        coalesce(sum(a1_0.asset_value), 0) 
    from
        assets a1_0 
    where
        a1_0.type=?
Hibernate: 
    select
        bl1_0.id,
        bl1_0.category,
        bl1_0.color,
        bl1_0.icon,
        bl1_0.limit_amount,
        bl1_0.note 
    from
        budget_limits bl1_0
Hibernate: 
    select
        coalesce(sum(a1_0.asset_value), 0) 
    from
        assets a1_0 
    where
        a1_0.type=?
Hibernate: 
    select
        coalesce(sum(a1_0.asset_value), 0) 
    from
        assets a1_0 
    where
        a1_0.type=?
Hibernate: 
    select
        coalesce(sum(t1_0.amount), 0) 
    from
        transactions t1_0 
    where
        t1_0.type=?
Hibernate: 
    select
        coalesce(sum(t1_0.amount), 0) 
    from
        transactions t1_0 
    where
        t1_0.type=?
Hibernate: 
    select
        bl1_0.id,
        bl1_0.category,
        bl1_0.color,
        bl1_0.icon,
        bl1_0.limit_amount,
        bl1_0.note 
    from
        budget_limits bl1_0
Hibernate: 
    select
        coalesce(sum(t1_0.amount), 0) 
    from
        transactions t1_0 
    where
        lower(t1_0.budget_category)=lower(?)
Hibernate: 
    select
        coalesce(sum(a1_0.asset_value), 0) 
    from
        assets a1_0 
    where
        a1_0.type=?
Hibernate: 
    select
        coalesce(sum(a1_0.asset_value), 0) 
    from
        assets a1_0 
    where
        a1_0.type=?
Hibernate: 
    select
        coalesce(sum(a1_0.asset_value), 0) 
    from
        assets a1_0 
    where
        a1_0.type=?
Hibernate: 
    select
        coalesce(sum(a1_0.asset_value), 0) 
    from
        assets a1_0 
    where
        a1_0.type=?
Hibernate: 
    select
        t1_0.id,
        t1_0.amount,
        t1_0.budget_category,
        t1_0.category,
        t1_0.date,
        t1_0.description,
        t1_0.title,
        t1_0.type 
    from
        transactions t1_0 
    where
        upper(t1_0.budget_category)=upper(?)
Hibernate: 
    select
        t1_0.id,
        t1_0.amount,
        t1_0.budget_category,
        t1_0.category,
        t1_0.date,
        t1_0.description,
        t1_0.title,
        t1_0.type 
    from
        transactions t1_0 
    where
        upper(t1_0.budget_category)=upper(?)
Hibernate: 
    select
        t1_0.id,
        t1_0.amount,
        t1_0.budget_category,
        t1_0.category,
        t1_0.date,
        t1_0.description,
        t1_0.title,
        t1_0.type 
    from
        transactions t1_0 
    where
        upper(t1_0.budget_category)=upper(?)
Hibernate: 
    select
        t1_0.id,
        t1_0.amount,
        t1_0.budget_category,
        t1_0.category,
        t1_0.date,
        t1_0.description,
        t1_0.title,
        t1_0.type 
    from
        transactions t1_0 
    where
        upper(t1_0.budget_category)=upper(?)
Hibernate: 
    select
        t1_0.id,
        t1_0.amount,
        t1_0.budget_category,
        t1_0.category,
        t1_0.date,
        t1_0.description,
        t1_0.title,
        t1_0.type 
    from
        transactions t1_0 
    where
        upper(t1_0.budget_category)=upper(?)
Hibernate: 
    select
        t1_0.id,
        t1_0.amount,
        t1_0.budget_category,
        t1_0.category,
        t1_0.date,
        t1_0.description,
        t1_0.title,
        t1_0.type 
    from
        transactions t1_0 
    where
        upper(t1_0.budget_category)=upper(?)
Hibernate: 
    select
        t1_0.id,
        t1_0.amount,
        t1_0.budget_category,
        t1_0.category,
        t1_0.date,
        t1_0.description,
        t1_0.title,
        t1_0.type 
    from
        transactions t1_0 
    where
        upper(t1_0.budget_category)=upper(?)
Hibernate: 
    select
        t1_0.id,
        t1_0.amount,
        t1_0.budget_category,
        t1_0.category,
        t1_0.date,
        t1_0.description,
        t1_0.title,
        t1_0.type 
    from
        transactions t1_0 
    where
        upper(t1_0.budget_category)=upper(?)
Hibernate: 
    select
        t1_0.id,
        t1_0.amount,
        t1_0.budget_category,
        t1_0.category,
        t1_0.date,
        t1_0.description,
        t1_0.title,
        t1_0.type 
    from
        transactions t1_0 
    where
        upper(t1_0.budget_category)=upper(?)
Hibernate: 
    select
        t1_0.id,
        t1_0.amount,
        t1_0.budget_category,
        t1_0.category,
        t1_0.date,
        t1_0.description,
        t1_0.title,
        t1_0.type 
    from
        transactions t1_0 
    where
        upper(t1_0.budget_category)=upper(?)
Hibernate: 
    select
        t1_0.id,
        t1_0.amount,
        t1_0.budget_category,
        t1_0.category,
        t1_0.date,
        t1_0.description,
        t1_0.title,
        t1_0.type 
    from
        transactions t1_0 
    where
        upper(t1_0.budget_category)=upper(?)
Hibernate: 
    select
        t1_0.id,
        t1_0.amount,
        t1_0.budget_category,
        t1_0.category,
        t1_0.date,
        t1_0.description,
        t1_0.title,
        t1_0.type 
    from
        transactions t1_0 
    where
        upper(t1_0.budget_category)=upper(?)
Hibernate: 
    select
        t1_0.id,
        t1_0.amount,
        t1_0.budget_category,
        t1_0.category,
        t1_0.date,
        t1_0.description,
        t1_0.title,
        t1_0.type 
    from
        transactions t1_0 
    where
        t1_0.type=?
Hibernate: 
    select
        t1_0.id,
        t1_0.amount,
        t1_0.budget_category,
        t1_0.category,
        t1_0.date,
        t1_0.description,
        t1_0.title,
        t1_0.type 
    from
        transactions t1_0 
    where
        t1_0.type=?
Hibernate: 
    select
        t1_0.id,
        t1_0.amount,
        t1_0.budget_category,
        t1_0.category,
        t1_0.date,
        t1_0.description,
        t1_0.title,
        t1_0.type 
    from
        transactions t1_0
Hibernate: 
    select
        t1_0.id,
        t1_0.amount,
        t1_0.budget_category,
        t1_0.category,
        t1_0.date,
        t1_0.description,
        t1_0.title,
        t1_0.type 
    from
        transactions t1_0
Hibernate: 
    select
        t1_0.id,
        t1_0.amount,
        t1_0.budget_category,
        t1_0.category,
        t1_0.date,
        t1_0.description,
        t1_0.title,
        t1_0.type 
    from
        transactions t1_0
Hibernate: 
    select
        t1_0.id,
        t1_0.amount,
        t1_0.budget_category,
        t1_0.category,
        t1_0.date,
        t1_0.description,
        t1_0.title,
        t1_0.type 
    from
        transactions t1_0
Hibernate: 
    select
        t1_0.id,
        t1_0.amount,
        t1_0.budget_category,
        t1_0.category,
        t1_0.date,
        t1_0.description,
        t1_0.title,
        t1_0.type 
    from
        transactions t1_0
Hibernate: 
    select
        t1_0.id,
        t1_0.amount,
        t1_0.budget_category,
        t1_0.category,
        t1_0.date,
        t1_0.description,
        t1_0.title,
        t1_0.type 
    from
        transactions t1_0
Hibernate: 
    select
        t1_0.id,
        t1_0.amount,
        t1_0.budget_category,
        t1_0.category,
        t1_0.date,
        t1_0.description,
        t1_0.title,
        t1_0.type 
    from
        transactions t1_0
Hibernate: 
    select
        t1_0.id,
        t1_0.amount,
        t1_0.budget_category,
        t1_0.category,
        t1_0.date,
        t1_0.description,
        t1_0.title,
        t1_0.type 
    from
        transactions t1_0
Hibernate: 
    select
        t1_0.id,
        t1_0.amount,
        t1_0.budget_category,
        t1_0.category,
        t1_0.date,
        t1_0.description,
        t1_0.title,
        t1_0.type 
    from
        transactions t1_0
Hibernate: 
    select
        t1_0.id,
        t1_0.amount,
        t1_0.budget_category,
        t1_0.category,
        t1_0.date,
        t1_0.description,
        t1_0.title,
        t1_0.type 
    from
        transactions t1_0
Hibernate: 
    select
        t1_0.id,
        t1_0.amount,
        t1_0.budget_category,
        t1_0.category,
        t1_0.date,
        t1_0.description,
        t1_0.title,
        t1_0.type 
    from
        transactions t1_0
Hibernate: 
    select
        t1_0.id,
        t1_0.amount,
        t1_0.budget_category,
        t1_0.category,
        t1_0.date,
        t1_0.description,
        t1_0.title,
        t1_0.type 
    from
        transactions t1_0
Hibernate: 
    select
        t1_0.id,
        t1_0.amount,
        t1_0.budget_category,
        t1_0.category,
        t1_0.date,
        t1_0.description,
        t1_0.title,
        t1_0.type 
    from
        transactions t1_0
Hibernate: 
    select
        t1_0.id,
        t1_0.amount,
        t1_0.budget_category,
        t1_0.category,
        t1_0.date,
        t1_0.description,
        t1_0.title,
        t1_0.type 
    from
        transactions t1_0
Hibernate: 
    select
        t1_0.id,
        t1_0.amount,
        t1_0.budget_category,
        t1_0.category,
        t1_0.date,
        t1_0.description,
        t1_0.title,
        t1_0.type 
    from
        transactions t1_0
Hibernate: 
    select
        t1_0.id,
        t1_0.amount,
        t1_0.budget_category,
        t1_0.category,
        t1_0.date,
        t1_0.description,
        t1_0.title,
        t1_0.type 
    from
        transactions t1_0
2026-05-09T03:51:49.051+05:30  WARN 10728 --- [finapp-backend] [l-1 housekeeper] com.zaxxer.hikari.pool.HikariPool        : HikariPool-1 - Thread starvation or clock leap detected (housekeeper delta=6m43s164ms245µs300ns).
2026-05-09T11:18:53.151+05:30  WARN 10728 --- [finapp-backend] [l-1 housekeeper] com.zaxxer.hikari.pool.HikariPool        : HikariPool-1 - Thread starvation or clock leap detected (housekeeper delta=7h13m39s225ms787µs100ns).
